{
    "display_id": "old1242",
    "title": "\u7b97\u6cd5\u63d0\u9ad8 \u8f93\u5165\u8f93\u51fa\u683c\u5f0f\u7ec3\u4e60",
    "description": {
        "format": "html",
        "value": "<br />\u3000\u3000\u6309\u683c\u5f0f\u683c\u5f0f\u8bfb\u5165\u4e00\u4e2a3\u4f4d\u7684\u6574\u6570\u3001\u4e00\u4e2a\u5b9e\u6570\u3001\u4e00\u4e2a\u5b57\u7b26 \u3002<br /> \u3000\u3000\u5e76\u6309\u683c\u5f0f\u8f93\u51fa \u4e00\u4e2a\u6574\u6570\u53608\u4f4d\u5de6\u5bf9\u9f50\u3001\u4e00\u4e2a\u5b9e\u6570\u53608\u4f4d\u53f3\u5bf9\u9f50\u3001\u4e00\u4e2a\u5b57\u7b26 \uff0c\u5e76\u7528|\u9694\u5f00\u3002"
    },
    "tags": [
        "\u84dd\u6865\u676f-\u7b97\u6cd5\u63d0\u9ad8"
    ],
    "input_description": {
        "format": "html",
        "value": "\u8f93\u5165\u63cf\u8ff0:<br />\u3000\u3000\u89c1\u9898\u9762 <br />\u8f93\u5165\u6837\u4f8b: <br />123456.789|a"
    },
    "output_description": {
        "format": "html",
        "value": "<br />\u8f93\u51fa\u63cf\u8ff0: <br />\u3000\u3000\u89c1\u9898\u9762<br /> \u8f93\u51fa\u6837\u4f8b: <br />123     |   456.8|a"
    },
    "test_case_score": [
        {
            "score": 100,
            "input_name": "1.in",
            "output_name": "1.out"
        }
    ],
    "hint": {
        "format": "html",
        "value": "HINT:\u65f6\u95f4\u9650\u5236\uff1a1.0s  \u5185\u5b58\u9650\u5236\uff1a256.0MB<br />"
    },
    "time_limit": 1000,
    "memory_limit": 512,
    "samples": [
        {
            "input": "\u53c2\u8003\u4e0a\u6587 ",
            "output": "\u53c2\u8003\u4e0a\u6587"
        }
    ],
    "template": {},
    "spj": null,
    "rule_type": "ACM",
    "source": "\u84dd\u6865\u676f\u7ec3\u4e60\u7cfb\u7edf ID: 328 \u539f\u9898\u94fe\u63a5: http://lx.lanqiao.cn/problem.page?gpid=T328",
    "answers": []
}