{
    "display_id": "old1150",
    "title": "\u7b97\u6cd5\u63d0\u9ad8 \u8f93\u51fa\u4e5d\u4e5d\u4e58\u6cd5\u8868",
    "description": {
        "format": "html",
        "value": "<br />\u3000\u3000\u6ce8\u610f\uff1a\u8868\u5934\u7684\u5927\u5c0f\u5199\u8981\u548c\u6837\u4f8b\u4e00\u81f4\uff0c\u77ed\u7ebf\u201c-\u201d\u4e2a\u6570\u8981\u4e0e\u6837\u4f8b\u4e2d\u4e00\u81f4\uff0c\u5426\u5219\u7cfb\u7edf\u4f1a\u5224\u4e3a\u9519\u8bef\u3002"
    },
    "tags": [
        "\u84dd\u6865\u676f-\u7b97\u6cd5\u63d0\u9ad8"
    ],
    "input_description": {
        "format": "html",
        "value": "\u8f93\u5165\u63cf\u8ff0:<br /> <br />\u8f93\u5165\u6837\u4f8b: <br />"
    },
    "output_description": {
        "format": "html",
        "value": "<br />\u8f93\u51fa\u63cf\u8ff0: <br /><br /> \u8f93\u51fa\u6837\u4f8b: <br />"
    },
    "test_case_score": [
        {
            "score": 100,
            "input_name": "1.in",
            "output_name": "1.out"
        }
    ],
    "hint": {
        "format": "html",
        "value": "HINT:\u65f6\u95f4\u9650\u5236\uff1a1.0s  \u5185\u5b58\u9650\u5236\uff1a512.0MB<br />"
    },
    "time_limit": 1000,
    "memory_limit": 512,
    "samples": [
        {
            "input": "\u53c2\u8003\u4e0a\u6587 ",
            "output": "\u53c2\u8003\u4e0a\u6587"
        }
    ],
    "template": {},
    "spj": null,
    "rule_type": "ACM",
    "source": "\u84dd\u6865\u676f\u7ec3\u4e60\u7cfb\u7edf ID: 195 \u539f\u9898\u94fe\u63a5: http://lx.lanqiao.cn/problem.page?gpid=T195",
    "answers": []
}