{
    "display_id": "old1031",
    "title": "\u5386\u5c4a\u8bd5\u9898 \u8fde\u53f7\u533a\u95f4\u6570",
    "description": {
        "format": "html",
        "value": "<br />  <p>\u5c0f\u660e\u8fd9\u4e9b\u5929\u4e00\u76f4\u5728\u601d\u8003\u8fd9\u6837\u4e00\u4e2a\u5947\u602a\u800c\u6709\u8da3\u7684\u95ee\u9898\uff1a</p> <p>\u57281~N\u7684\u67d0\u4e2a\u5168\u6392\u5217\u4e2d\u6709\u591a\u5c11\u4e2a\u8fde\u53f7\u533a\u95f4\u5462\uff1f\u8fd9\u91cc\u6240\u8bf4\u7684\u8fde\u53f7\u533a\u95f4\u7684\u5b9a\u4e49\u662f\uff1a</p> <p>\u5982\u679c\u533a\u95f4[L, R] \u91cc\u7684\u6240\u6709\u5143\u7d20\uff08\u5373\u6b64\u6392\u5217\u7684\u7b2cL\u4e2a\u5230\u7b2cR\u4e2a\u5143\u7d20\uff09\u9012\u589e\u6392\u5e8f\u540e\u80fd\u5f97\u5230\u4e00\u4e2a\u957f\u5ea6\u4e3aR-L+1\u7684\u201c\u8fde\u7eed\u201d\u6570\u5217\uff0c\u5219\u79f0\u8fd9\u4e2a\u533a\u95f4\u8fde\u53f7\u533a\u95f4\u3002</p> <p>\u5f53N\u5f88\u5c0f\u7684\u65f6\u5019\uff0c\u5c0f\u660e\u53ef\u4ee5\u5f88\u5feb\u5730\u7b97\u51fa\u7b54\u6848\uff0c\u4f46\u662f\u5f53N\u53d8\u5927\u7684\u65f6\u5019\uff0c\u95ee\u9898\u5c31\u4e0d\u662f\u90a3\u4e48\u7b80\u5355\u4e86\uff0c\u73b0\u5728\u5c0f\u660e\u9700\u8981\u4f60\u7684\u5e2e\u52a9\u3002</p>  "
    },
    "tags": [
        "\u84dd\u6865\u676f-\u5386\u5c4a\u8bd5\u9898"
    ],
    "input_description": {
        "format": "html",
        "value": "\u8f93\u5165\u63cf\u8ff0:<br />  <p>\u7b2c\u4e00\u884c\u662f\u4e00\u4e2a\u6b63\u6574\u6570N (1 &lt;= N &lt;= 50000), \u8868\u793a\u5168\u6392\u5217\u7684\u89c4\u6a21\u3002</p> <p>\u7b2c\u4e8c\u884c\u662fN\u4e2a\u4e0d\u540c\u7684\u6570\u5b57Pi(1 &lt;= Pi &lt;= N)\uff0c \u8868\u793a\u8fd9N\u4e2a\u6570\u5b57\u7684\u67d0\u4e00\u5168\u6392\u5217\u3002</p>   <br />\u8f93\u5165\u6837\u4f8b: <br /> 4<br /> 3 2 4 1<br /> "
    },
    "output_description": {
        "format": "html",
        "value": "<br />\u8f93\u51fa\u63cf\u8ff0: <br />  <p>\u8f93\u51fa\u4e00\u4e2a\u6574\u6570\uff0c\u8868\u793a\u4e0d\u540c\u8fde\u53f7\u533a\u95f4\u7684\u6570\u76ee\u3002</p>  <br /> \u8f93\u51fa\u6837\u4f8b: <br /> 7 \t"
    },
    "test_case_score": [
        {
            "score": 100,
            "input_name": "1.in",
            "output_name": "1.out"
        },
        {
            "score": 100,
            "input_name": "2.in",
            "output_name": "2.out"
        },
        {
            "score": 100,
            "input_name": "3.in",
            "output_name": "3.out"
        },
        {
            "score": 100,
            "input_name": "4.in",
            "output_name": "4.out"
        },
        {
            "score": 100,
            "input_name": "5.in",
            "output_name": "5.out"
        }
    ],
    "hint": {
        "format": "html",
        "value": "HINT:\u65f6\u95f4\u9650\u5236\uff1a1.0s  \u5185\u5b58\u9650\u5236\uff1a256.0MB<br />"
    },
    "time_limit": 1000,
    "memory_limit": 512,
    "samples": [
        {
            "input": "\u53c2\u8003\u4e0a\u6587 ",
            "output": "\u53c2\u8003\u4e0a\u6587"
        }
    ],
    "template": {},
    "spj": null,
    "rule_type": "ACM",
    "source": "\u84dd\u6865\u676f\u7ec3\u4e60\u7cfb\u7edf ID: 30 \u539f\u9898\u94fe\u63a5: http://lx.lanqiao.cn/problem.page?gpid=T30",
    "answers": []
}