{
    "display_id": "old1136",
    "title": "\u7b97\u6cd5\u63d0\u9ad8 \u4f01\u4e1a\u5956\u91d1\u53d1\u653e",
    "description": {
        "format": "html",
        "value": "<br />\u3000\u3000\u4f01\u4e1a\u53d1\u653e\u7684\u5956\u91d1\u6839\u636e\u5229\u6da6\u63d0\u6210\u3002\u5229\u6da6\u4f4e\u4e8e\u6216\u7b49\u4e8e10\u4e07\u5143\u65f6\uff0c\u5956\u91d1\u53ef\u63d010%\uff1b\u5229\u6da6\u9ad8\u4e8e10\u4e07\u5143\uff0c\u4f4e\u4e8e20\u4e07\u5143\u65f6\uff0c\u4f4e\u4e8e10\u4e07\u5143\u7684\u90e8\u5206\u630910%\u63d0\u6210\uff0c\u9ad8\u4e8e10\u4e07\u5143\u7684\u90e8\u5206\uff0c\u53ef\u63d0\u62107.5%\uff1b20\u4e07\u523040\u4e07\u4e4b\u95f4\u65f6\uff0c\u9ad8\u4e8e20\u4e07\u5143\u7684\u90e8\u5206\uff0c\u53ef\u63d0\u62105%\uff1b40\u4e07\u5143\u523060\u4e07\u5143\u4e4b\u95f4\u65f6\u9ad8\u4e8e40\u4e07\u5143\u7684\u90e8\u5206\uff0c\u53ef\u63d0\u62103%\uff1b60\u4e07\u5230100\u4e07\u4e4b\u95f4\u65f6\uff0c\u9ad8\u4e8e60\u4e07\u5143\u7684\u90e8\u5206\uff0c\u53ef\u63d0\u62101.5%\uff1b\u9ad8\u4e8e100\u4e07\u5143\u65f6\uff0c\u8d85\u8fc7100\u4e07\u5143\u7684\u90e8\u5206\u63091%\u63d0\u6210\u3002\u4ece\u952e\u76d8\u8f93\u5165\u5f53\u6708\u5229\u6da6\uff0c\u6c42\u5e94\u53d1\u653e\u5956\u91d1\u603b\u6570\uff1f\uff08\u4fdd\u7559\u4e24\u4f4d\u5c0f\u6570\uff09\u5229\u6da6\u7684\u5927\u5c0f\u5728double\u4ee5\u5185"
    },
    "tags": [
        "\u84dd\u6865\u676f-\u7b97\u6cd5\u63d0\u9ad8"
    ],
    "input_description": {
        "format": "html",
        "value": "\u8f93\u5165\u63cf\u8ff0:<br /> <br />\u8f93\u5165\u6837\u4f8b: <br />210000"
    },
    "output_description": {
        "format": "html",
        "value": "<br />\u8f93\u51fa\u63cf\u8ff0: <br /><br /> \u8f93\u51fa\u6837\u4f8b: <br />18000.00"
    },
    "test_case_score": [
        {
            "score": 100,
            "input_name": "1.in",
            "output_name": "1.out"
        },
        {
            "score": 100,
            "input_name": "2.in",
            "output_name": "2.out"
        },
        {
            "score": 100,
            "input_name": "3.in",
            "output_name": "3.out"
        },
        {
            "score": 100,
            "input_name": "4.in",
            "output_name": "4.out"
        },
        {
            "score": 100,
            "input_name": "5.in",
            "output_name": "5.out"
        },
        {
            "score": 100,
            "input_name": "6.in",
            "output_name": "6.out"
        },
        {
            "score": 100,
            "input_name": "7.in",
            "output_name": "7.out"
        },
        {
            "score": 100,
            "input_name": "8.in",
            "output_name": "8.out"
        },
        {
            "score": 100,
            "input_name": "9.in",
            "output_name": "9.out"
        },
        {
            "score": 100,
            "input_name": "10.in",
            "output_name": "10.out"
        },
        {
            "score": 100,
            "input_name": "11.in",
            "output_name": "11.out"
        }
    ],
    "hint": {
        "format": "html",
        "value": "HINT:\u65f6\u95f4\u9650\u5236\uff1a1.0s  \u5185\u5b58\u9650\u5236\uff1a512.0MB<br />"
    },
    "time_limit": 1000,
    "memory_limit": 512,
    "samples": [
        {
            "input": "\u53c2\u8003\u4e0a\u6587 ",
            "output": "\u53c2\u8003\u4e0a\u6587"
        }
    ],
    "template": {},
    "spj": null,
    "rule_type": "ACM",
    "source": "\u84dd\u6865\u676f\u7ec3\u4e60\u7cfb\u7edf ID: 165 \u539f\u9898\u94fe\u63a5: http://lx.lanqiao.cn/problem.page?gpid=T165",
    "answers": []
}