{
    "display_id": "old1143",
    "title": "\u7b97\u6cd5\u63d0\u9ad8 \u6700\u957f\u5355\u8bcd",
    "description": {
        "format": "html",
        "value": "<br />\u3000\u3000\u7f16\u5199\u4e00\u4e2a\u51fd\u6570\uff0c\u8f93\u5165\u4e00\u884c\u5b57\u7b26\uff0c\u5c06\u6b64\u5b57\u7b26\u4e32\u4e2d\u6700\u957f\u7684\u5355\u8bcd\u8f93\u51fa\u3002<br /> \u3000\u3000\u8f93\u5165\u4ec5\u4e00\u884c\uff0c\u591a\u4e2a\u5355\u8bcd\uff0c\u6bcf\u4e2a\u5355\u8bcd\u95f4\u7528\u4e00\u4e2a\u7a7a\u683c\u9694\u5f00\u3002\u5355\u8bcd\u4ec5\u7531\u5c0f\u5199\u5b57\u6bcd\u7ec4\u6210\u3002\u6240\u6709\u5355\u8bcd\u7684\u957f\u5ea6\u548c\u4e0d\u8d85\u8fc7100000\u3002\u5982\u6709\u591a\u4e2a\u6700\u957f\u5355\u8bcd\uff0c\u8f93\u51fa\u6700\u5148\u51fa\u73b0\u7684\u3002"
    },
    "tags": [
        "\u84dd\u6865\u676f-\u7b97\u6cd5\u63d0\u9ad8"
    ],
    "input_description": {
        "format": "html",
        "value": "\u8f93\u5165\u63cf\u8ff0:<br /> <br />\u8f93\u5165\u6837\u4f8b: <br />I am a student"
    },
    "output_description": {
        "format": "html",
        "value": "<br />\u8f93\u51fa\u63cf\u8ff0: <br /><br /> \u8f93\u51fa\u6837\u4f8b: <br />student"
    },
    "test_case_score": [
        {
            "score": 100,
            "input_name": "1.in",
            "output_name": "1.out"
        },
        {
            "score": 100,
            "input_name": "2.in",
            "output_name": "2.out"
        },
        {
            "score": 100,
            "input_name": "3.in",
            "output_name": "3.out"
        },
        {
            "score": 100,
            "input_name": "4.in",
            "output_name": "4.out"
        },
        {
            "score": 100,
            "input_name": "5.in",
            "output_name": "5.out"
        },
        {
            "score": 100,
            "input_name": "6.in",
            "output_name": "6.out"
        },
        {
            "score": 100,
            "input_name": "7.in",
            "output_name": "7.out"
        },
        {
            "score": 100,
            "input_name": "8.in",
            "output_name": "8.out"
        },
        {
            "score": 100,
            "input_name": "9.in",
            "output_name": "9.out"
        },
        {
            "score": 100,
            "input_name": "10.in",
            "output_name": "10.out"
        }
    ],
    "hint": {
        "format": "html",
        "value": "HINT:\u65f6\u95f4\u9650\u5236\uff1a1.0s  \u5185\u5b58\u9650\u5236\uff1a512.0MB<br />"
    },
    "time_limit": 1000,
    "memory_limit": 512,
    "samples": [
        {
            "input": "\u53c2\u8003\u4e0a\u6587 ",
            "output": "\u53c2\u8003\u4e0a\u6587"
        }
    ],
    "template": {},
    "spj": null,
    "rule_type": "ACM",
    "source": "\u84dd\u6865\u676f\u7ec3\u4e60\u7cfb\u7edf ID: 181 \u539f\u9898\u94fe\u63a5: http://lx.lanqiao.cn/problem.page?gpid=T181",
    "answers": []
}