{
    "display_id": "old1008",
    "title": "\u57fa\u7840\u7ec3\u4e60 \u5b57\u6bcd\u56fe\u5f62",
    "description": {
        "format": "html",
        "value": "<br /> <p>\u5229\u7528\u5b57\u6bcd\u53ef\u4ee5\u7ec4\u6210\u4e00\u4e9b\u7f8e\u4e3d\u7684\u56fe\u5f62\uff0c\u4e0b\u9762\u7ed9\u51fa\u4e86\u4e00\u4e2a\u4f8b\u5b50\uff1a</p> <p>ABCDEFG</p> <p>BABCDEF</p> <p>CBABCDE</p> <p>DCBABCD</p> <p>EDCBABC</p> <p>\u8fd9\u662f\u4e00\u4e2a5\u884c7\u5217\u7684\u56fe\u5f62\uff0c\u8bf7\u627e\u51fa\u8fd9\u4e2a\u56fe\u5f62\u7684\u89c4\u5f8b\uff0c\u5e76\u8f93\u51fa\u4e00\u4e2an\u884cm\u5217\u7684\u56fe\u5f62\u3002</p> "
    },
    "tags": [
        "\u84dd\u6865\u676f-\u57fa\u7840\u7ec3\u4e60"
    ],
    "input_description": {
        "format": "html",
        "value": "\u8f93\u5165\u63cf\u8ff0:<br />\u8f93\u5165\u4e00\u884c\uff0c\u5305\u542b\u4e24\u4e2a\u6574\u6570n\u548cm\uff0c\u5206\u522b\u8868\u793a\u4f60\u8981\u8f93\u51fa\u7684\u56fe\u5f62\u7684\u884c\u6570\u7684\u5217\u6570\u3002 <br />\u8f93\u5165\u6837\u4f8b: <br />5 7"
    },
    "output_description": {
        "format": "html",
        "value": "<br />\u8f93\u51fa\u63cf\u8ff0: <br />\u8f93\u51fan\u884c\uff0c\u6bcf\u4e2am\u4e2a\u5b57\u7b26\uff0c\u4e3a\u4f60\u7684\u56fe\u5f62\u3002<br /> \u8f93\u51fa\u6837\u4f8b: <br />ABCDEFG<br /> BABCDEF<br /> CBABCDE<br /> DCBABCD<br /> EDCBABC"
    },
    "test_case_score": [
        {
            "score": 100,
            "input_name": "1.in",
            "output_name": "1.out"
        },
        {
            "score": 100,
            "input_name": "2.in",
            "output_name": "2.out"
        },
        {
            "score": 100,
            "input_name": "3.in",
            "output_name": "3.out"
        },
        {
            "score": 100,
            "input_name": "4.in",
            "output_name": "4.out"
        },
        {
            "score": 100,
            "input_name": "5.in",
            "output_name": "5.out"
        },
        {
            "score": 100,
            "input_name": "6.in",
            "output_name": "6.out"
        },
        {
            "score": 100,
            "input_name": "7.in",
            "output_name": "7.out"
        },
        {
            "score": 100,
            "input_name": "8.in",
            "output_name": "8.out"
        },
        {
            "score": 100,
            "input_name": "9.in",
            "output_name": "9.out"
        }
    ],
    "hint": {
        "format": "html",
        "value": "HINT:\u65f6\u95f4\u9650\u5236\uff1a1.0s  \u5185\u5b58\u9650\u5236\uff1a256.0MB<br />1 &lt;= n, m &lt;= 26\u3002"
    },
    "time_limit": 1000,
    "memory_limit": 512,
    "samples": [
        {
            "input": "\u53c2\u8003\u4e0a\u6587 ",
            "output": "\u53c2\u8003\u4e0a\u6587"
        }
    ],
    "template": {},
    "spj": null,
    "rule_type": "ACM",
    "source": "\u84dd\u6865\u676f\u7ec3\u4e60\u7cfb\u7edf ID: 7 \u539f\u9898\u94fe\u63a5: http://lx.lanqiao.cn/problem.page?gpid=T7",
    "answers": []
}