{
    "display_id": "old1022",
    "title": "\u7b97\u6cd5\u63d0\u9ad8 \u91d1\u5c5e\u91c7\u96c6",
    "description": {
        "format": "html",
        "value": "<br /> \t<p>\u4eba\u7c7b\u5728\u706b\u661f\u4e0a\u53d1\u73b0\u4e86\u4e00\u79cd\u65b0\u7684\u91d1\u5c5e\uff01\u8fd9\u4e9b\u91d1\u5c5e\u5206\u5e03\u5728\u4e00\u4e9b\u5947\u602a\u7684\u5730\u65b9\uff0c\u4e0d\u59a8\u53eb\u5b83\u8282\u70b9\u597d\u4e86\u3002\u4e00\u4e9b\u8282\u70b9\u4e4b\u95f4\u6709\u9053\u8def\u76f8\u8fde\uff0c\u6240\u6709\u7684\u8282\u70b9\u548c\u9053\u8def\u5f62\u6210\u4e86\u4e00\u68f5\u6811\u3002\u4e00\u5171\u6709 n \u4e2a\u8282\u70b9\uff0c\u8fd9\u4e9b\u8282\u70b9\u88ab\u7f16\u53f7\u4e3a 1~n \u3002\u4eba\u7c7b\u5c06 k \u4e2a\u673a\u5668\u4eba\u9001\u4e0a\u4e86\u706b\u661f\uff0c\u76ee\u7684\u662f\u91c7\u96c6\u8fd9\u4e9b\u91d1\u5c5e\u3002\u8fd9\u4e9b\u673a\u5668\u4eba\u90fd\u88ab\u9001\u5230\u4e86\u4e00\u4e2a\u6307\u5b9a\u7684\u7740\u843d\u70b9\uff0c S \u53f7\u8282\u70b9\u3002\u6bcf\u4e2a\u673a\u5668\u4eba\u5728\u7740\u843d\u4e4b\u540e\uff0c\u5fc5\u987b\u6cbf\u7740\u9053\u8def\u884c\u8d70\u3002\u5f53\u673a\u5668\u4eba\u5230\u8fbe\u4e00\u4e2a\u8282\u70b9\u65f6\uff0c\u5b83\u4f1a\u91c7\u96c6\u8fd9\u4e2a\u8282\u70b9\u8574\u85cf\u7684\u6240\u6709\u91d1\u5c5e\u77ff\u3002\u5f53\u673a\u5668\u4eba\u5b8c\u6210\u81ea\u5df1\u7684\u4efb\u52a1\u4e4b\u540e\uff0c\u53ef\u4ee5\u4ece\u4efb\u610f\u4e00\u4e2a\u8282\u70b9\u8fd4\u56de\u5730\u7403\u3002\u5f53\u7136\uff0c\u56de\u5230\u5730\u7403\u7684\u673a\u5668\u4eba\u5c31\u65e0\u6cd5\u518d\u5230\u706b\u661f\u53bb\u4e86\u3002\u6211\u4eec\u5df2\u7ecf\u63d0\u524d\u6d4b\u91cf\u51fa\u4e86\u6bcf\u6761\u9053\u8def\u7684\u4fe1\u606f\uff0c\u5305\u62ec\u5b83\u7684\u4e24\u4e2a\u7aef\u70b9 x \u548c y\uff0c\u4ee5\u53ca\u901a\u8fc7\u8fd9\u6761\u9053\u8def\u9700\u8981\u82b1\u8d39\u7684\u80fd\u91cf w \u3002\u6211\u4eec\u60f3\u82b1\u8d39\u5c3d\u91cf\u5c11\u7684\u80fd\u91cf\u91c7\u96c6\u6240\u6709\u8282\u70b9\u7684\u91d1\u5c5e\uff0c\u8fd9\u4e2a\u4efb\u52a1\u5c31\u4ea4\u7ed9\u4f60\u4e86\u3002</p> "
    },
    "tags": [
        "\u84dd\u6865\u676f-\u7b97\u6cd5\u63d0\u9ad8"
    ],
    "input_description": {
        "format": "html",
        "value": "\u8f93\u5165\u63cf\u8ff0:<br /> \t<p>\u7b2c\u4e00\u884c\u5305\u542b\u4e09\u4e2a\u6574\u6570 n, S \u548c k \uff0c\u5206\u522b\u4ee3\u8868\u8282\u70b9\u4e2a\u6570\u3001\u7740\u843d\u70b9\u7f16\u53f7\uff0c\u548c\u673a\u5668\u4eba\u4e2a\u6570\u3002</p> \t<p>\u63a5\u4e0b\u6765\u4e00\u5171 n-1 \u884c\uff0c\u6bcf\u884c\u63cf\u8ff0\u4e00\u6761\u9053\u8def\u3002\u4e00\u884c\u542b\u6709\u4e09\u4e2a\u6574\u6570 x, y \u548c w \uff0c\u4ee3\u8868\u5728 x \u53f7\u8282\u70b9\u548c y \u53f7\u8282\u70b9\u4e4b\u95f4\u6709\u4e00\u6761\u9053\u8def\uff0c\u901a\u8fc7\u9700\u8981\u82b1\u8d39 w \u4e2a\u5355\u4f4d\u7684\u80fd\u91cf\u3002\u6240\u6709\u9053\u8def\u90fd\u53ef\u4ee5\u53cc\u5411\u901a\u884c\u3002</p>  <br />\u8f93\u5165\u6837\u4f8b: <br /> 6 1 3<br /> 1 2 1<br /> 2 3 1<br /> 2 4 1000<br /> 2 5 1000<br /> 1 6 1000 "
    },
    "output_description": {
        "format": "html",
        "value": "<br />\u8f93\u51fa\u63cf\u8ff0: <br /> \t\u8f93\u51fa\u4e00\u4e2a\u6574\u6570\uff0c\u4ee3\u8868\u91c7\u96c6\u6240\u6709\u8282\u70b9\u7684\u91d1\u5c5e\u6240\u9700\u8981\u7684\u6700\u5c11\u80fd\u91cf\u3002 <br /> \u8f93\u51fa\u6837\u4f8b: <br /> 3004 \t"
    },
    "test_case_score": [
        {
            "score": 100,
            "input_name": "1.in",
            "output_name": "1.out"
        },
        {
            "score": 100,
            "input_name": "2.in",
            "output_name": "2.out"
        },
        {
            "score": 100,
            "input_name": "3.in",
            "output_name": "3.out"
        },
        {
            "score": 100,
            "input_name": "4.in",
            "output_name": "4.out"
        },
        {
            "score": 100,
            "input_name": "5.in",
            "output_name": "5.out"
        },
        {
            "score": 100,
            "input_name": "6.in",
            "output_name": "6.out"
        },
        {
            "score": 100,
            "input_name": "7.in",
            "output_name": "7.out"
        },
        {
            "score": 100,
            "input_name": "8.in",
            "output_name": "8.out"
        },
        {
            "score": 100,
            "input_name": "9.in",
            "output_name": "9.out"
        }
    ],
    "hint": {
        "format": "html",
        "value": "HINT:\u65f6\u95f4\u9650\u5236\uff1a1.0s  \u5185\u5b58\u9650\u5236\uff1a256.0MB<br /> \t<p>\u6240\u6709\u673a\u5668\u4eba\u5728 1 \u53f7\u8282\u70b9\u7740\u9646\u3002</p> \t<p>\u7b2c\u4e00\u4e2a\u673a\u5668\u4eba\u7684\u884c\u8d70\u8def\u5f84\u4e3a 1-&gt;6 \uff0c\u5728 6 \u53f7\u8282\u70b9\u8fd4\u56de\u5730\u7403\uff0c\u82b1\u8d39\u80fd\u91cf\u4e3a1000\u3002</p> \t<p>\u7b2c\u4e8c\u4e2a\u673a\u5668\u4eba\u7684\u884c\u8d70\u8def\u5f84\u4e3a 1-&gt;2-&gt;3-&gt;2-&gt;4 \uff0c\u5728 4 \u53f7\u8282\u70b9\u8fd4\u56de\u5730\u7403\uff0c\u82b1\u8d39\u80fd\u91cf\u4e3a1003\u3002</p> \t<p>\u7b2c\u4e00\u4e2a\u673a\u5668\u4eba\u7684\u884c\u8d70\u8def\u5f84\u4e3a 1-&gt;2-&gt;5 \uff0c\u5728 5 \u53f7\u8282\u70b9\u8fd4\u56de\u5730\u7403\uff0c\u82b1\u8d39\u80fd\u91cf\u4e3a1001\u3002</p> "
    },
    "time_limit": 1000,
    "memory_limit": 512,
    "samples": [
        {
            "input": "\u53c2\u8003\u4e0a\u6587 ",
            "output": "\u53c2\u8003\u4e0a\u6587"
        }
    ],
    "template": {},
    "spj": null,
    "rule_type": "ACM",
    "source": "\u84dd\u6865\u676f\u7ec3\u4e60\u7cfb\u7edf ID: 21 \u539f\u9898\u94fe\u63a5: http://lx.lanqiao.cn/problem.page?gpid=T21",
    "answers": []
}