{
    "display_id": "old1047",
    "title": "\u57fa\u7840\u7ec3\u4e60 \u7279\u6b8a\u7684\u6570\u5b57",
    "description": {
        "format": "html",
        "value": "<br />\u3000\u3000153\u662f\u4e00\u4e2a\u975e\u5e38\u7279\u6b8a\u7684\u6570\uff0c\u5b83\u7b49\u4e8e\u5b83\u7684\u6bcf\u4f4d\u6570\u5b57\u7684\u7acb\u65b9\u548c\uff0c\u5373153=1*1*1+5*5*5+3*3*3\u3002\u7f16\u7a0b\u6c42\u6240\u6709\u6ee1\u8db3\u8fd9\u79cd\u6761\u4ef6\u7684\u4e09\u4f4d\u5341\u8fdb\u5236\u6570\u3002"
    },
    "tags": [
        "\u84dd\u6865\u676f-\u57fa\u7840\u7ec3\u4e60"
    ],
    "input_description": {
        "format": "html",
        "value": "\u8f93\u5165\u63cf\u8ff0:<br />\u3000\u3000\u6309\u4ece\u5c0f\u5230\u5927\u7684\u987a\u5e8f\u8f93\u51fa\u6ee1\u8db3\u6761\u4ef6\u7684\u4e09\u4f4d\u5341\u8fdb\u5236\u6570\uff0c\u6bcf\u4e2a\u6570\u5360\u4e00\u884c\u3002 <br />\u8f93\u5165\u6837\u4f8b: <br />"
    },
    "output_description": {
        "format": "html",
        "value": "<br />\u8f93\u51fa\u63cf\u8ff0: <br /><br /> \u8f93\u51fa\u6837\u4f8b: <br />"
    },
    "test_case_score": [
        {
            "score": 100,
            "input_name": "1.in",
            "output_name": "1.out"
        }
    ],
    "hint": {
        "format": "html",
        "value": "HINT:\u65f6\u95f4\u9650\u5236\uff1a1.0s  \u5185\u5b58\u9650\u5236\uff1a512.0MB<br />"
    },
    "time_limit": 1000,
    "memory_limit": 512,
    "samples": [
        {
            "input": "\u53c2\u8003\u4e0a\u6587 ",
            "output": "\u53c2\u8003\u4e0a\u6587"
        }
    ],
    "template": {},
    "spj": null,
    "rule_type": "ACM",
    "source": "\u84dd\u6865\u676f\u7ec3\u4e60\u7cfb\u7edf ID: 46 \u539f\u9898\u94fe\u63a5: http://lx.lanqiao.cn/problem.page?gpid=T46",
    "answers": []
}