{
    "display_id": "old1245",
    "title": "\u7b97\u6cd5\u63d0\u9ad8 \u89e3\u4e8c\u5143\u4e00\u6b21\u65b9\u7a0b\u7ec4",
    "description": {
        "format": "html",
        "value": "<br />\u3000\u3000\u7ed9\u5b9a\u4e00\u4e2a\u4e8c\u5143\u4e00\u6b21\u65b9\u7a0b\u7ec4\uff0c\u5f62\u5982\uff1a<br /> \u3000\u3000a * x + b * y = c;<br /> \u3000\u3000d * x + e * y = f;<br /> \u3000\u3000x,y\u4ee3\u8868\u672a\u77e5\u6570\uff0ca, b, c, d, e, f\u4e3a\u53c2\u6570\u3002<br /> \u3000\u3000\u6c42\u89e3x,y"
    },
    "tags": [
        "\u84dd\u6865\u676f-\u7b97\u6cd5\u63d0\u9ad8"
    ],
    "input_description": {
        "format": "html",
        "value": "\u8f93\u5165\u63cf\u8ff0:<br />\u3000\u3000\u8f93\u5165\u5305\u542b\u516d\u4e2a\u6574\u6570: a, b, c, d, e, f; <br />\u8f93\u5165\u6837\u4f8b: <br />\u4f8b\uff1a<br /> 3 7 41 2 1 9"
    },
    "output_description": {
        "format": "html",
        "value": "<br />\u8f93\u51fa\u63cf\u8ff0: <br />\u3000\u3000\u8f93\u51fa\u4e3a\u65b9\u7a0b\u7ec4\u7684\u89e3\uff0c\u4e24\u4e2a\u6574\u6570x, y\u3002<br /> \u8f93\u51fa\u6837\u4f8b: <br />\u4f8b\uff1a<br /> 2 5"
    },
    "test_case_score": [
        {
            "score": 100,
            "input_name": "1.in",
            "output_name": "1.out"
        },
        {
            "score": 100,
            "input_name": "2.in",
            "output_name": "2.out"
        },
        {
            "score": 100,
            "input_name": "3.in",
            "output_name": "3.out"
        },
        {
            "score": 100,
            "input_name": "4.in",
            "output_name": "4.out"
        },
        {
            "score": 100,
            "input_name": "5.in",
            "output_name": "5.out"
        },
        {
            "score": 100,
            "input_name": "6.in",
            "output_name": "6.out"
        },
        {
            "score": 100,
            "input_name": "7.in",
            "output_name": "7.out"
        },
        {
            "score": 100,
            "input_name": "8.in",
            "output_name": "8.out"
        },
        {
            "score": 100,
            "input_name": "9.in",
            "output_name": "9.out"
        },
        {
            "score": 100,
            "input_name": "10.in",
            "output_name": "10.out"
        }
    ],
    "hint": {
        "format": "html",
        "value": "HINT:\u65f6\u95f4\u9650\u5236\uff1a1.0s  \u5185\u5b58\u9650\u5236\uff1a256.0MB<br />\u3000\u30000 &lt;= a, b, c, d, e, f &lt;= 2147483647"
    },
    "time_limit": 1000,
    "memory_limit": 512,
    "samples": [
        {
            "input": "\u53c2\u8003\u4e0a\u6587 ",
            "output": "\u53c2\u8003\u4e0a\u6587"
        }
    ],
    "template": {},
    "spj": null,
    "rule_type": "ACM",
    "source": "\u84dd\u6865\u676f\u7ec3\u4e60\u7cfb\u7edf ID: 333 \u539f\u9898\u94fe\u63a5: http://lx.lanqiao.cn/problem.page?gpid=T333",
    "answers": []
}