{
    "display_id": "old1068",
    "title": "\u57fa\u7840\u7ec3\u4e60 \u62a5\u65f6\u52a9\u624b",
    "description": {
        "format": "html",
        "value": "<br />\u3000\u3000\u7ed9\u5b9a\u5f53\u524d\u7684\u65f6\u95f4\uff0c\u8bf7\u7528\u82f1\u6587\u7684\u8bfb\u6cd5\u5c06\u5b83\u8bfb\u51fa\u6765\u3002<br /> \u3000\u3000\u65f6\u95f4\u7528\u65f6h\u548c\u5206m\u8868\u793a\uff0c\u5728\u82f1\u6587\u7684\u8bfb\u6cd5\u4e2d\uff0c\u8bfb\u4e00\u4e2a\u65f6\u95f4\u7684\u65b9\u6cd5\u662f\uff1a<br /> \u3000\u3000\u5982\u679cm\u4e3a0\uff0c\u5219\u5c06\u65f6\u8bfb\u51fa\u6765\uff0c\u7136\u540e\u52a0\u4e0a\u201co&#039;clock\u201d\uff0c\u59823:00\u8bfb\u4f5c\u201cthree o&#039;clock\u201d\u3002<br /> \u3000\u3000\u5982\u679cm\u4e0d\u4e3a0\uff0c\u5219\u5c06\u65f6\u8bfb\u51fa\u6765\uff0c\u7136\u540e\u5c06\u5206\u8bfb\u51fa\u6765\uff0c\u59825:30\u8bfb\u4f5c\u201cfive thirty\u201d\u3002<br /> \u3000\u3000\u65f6\u548c\u5206\u7684\u8bfb\u6cd5\u4f7f\u7528\u7684\u662f\u82f1\u6587\u6570\u5b57\u7684\u8bfb\u6cd5\uff0c\u5176\u4e2d0~20\u8bfb\u4f5c\uff1a<br /> \u3000\u30000:zero, 1: one, 2:two, 3:three, 4:four, 5:five, 6:six, 7:seven, 8:eight, 9:nine, 10:ten, 11:eleven, 12:twelve, 13:thirteen, 14:fourteen, 15:fifteen, 16:sixteen, 17:seventeen, 18:eighteen, 19:nineteen, 20:twenty\u3002<br /> \u3000\u300030\u8bfb\u4f5cthirty\uff0c40\u8bfb\u4f5cforty\uff0c50\u8bfb\u4f5cfifty\u3002<br /> \u3000\u3000\u5bf9\u4e8e\u5927\u4e8e20\u5c0f\u4e8e60\u7684\u6570\u5b57\uff0c\u9996\u5148\u8bfb\u6574\u5341\u7684\u6570\uff0c\u7136\u540e\u518d\u52a0\u4e0a\u4e2a\u4f4d\u6570\u3002\u598231\u9996\u5148\u8bfb30\u518d\u52a01\u7684\u8bfb\u6cd5\uff0c\u8bfb\u4f5c\u201cthirty one\u201d\u3002<br /> \u3000\u3000\u6309\u4e0a\u9762\u7684\u89c4\u521921:54\u8bfb\u4f5c\u201ctwenty one fifty four\u201d\uff0c9:07\u8bfb\u4f5c\u201cnine seven\u201d\uff0c0:15\u8bfb\u4f5c\u201czero fifteen\u201d\u3002"
    },
    "tags": [
        "\u84dd\u6865\u676f-\u57fa\u7840\u7ec3\u4e60"
    ],
    "input_description": {
        "format": "html",
        "value": "\u8f93\u5165\u63cf\u8ff0:<br />\u3000\u3000\u8f93\u5165\u5305\u542b\u4e24\u4e2a\u975e\u8d1f\u6574\u6570h\u548cm\uff0c\u8868\u793a\u65f6\u95f4\u7684\u65f6\u548c\u5206\u3002\u975e\u96f6\u7684\u6570\u5b57\u524d\u6ca1\u6709\u524d\u5bfc0\u3002h\u5c0f\u4e8e24\uff0cm\u5c0f\u4e8e60\u3002 <br />\u8f93\u5165\u6837\u4f8b: <br />0 15"
    },
    "output_description": {
        "format": "html",
        "value": "<br />\u8f93\u51fa\u63cf\u8ff0: <br />\u3000\u3000\u8f93\u51fa\u65f6\u95f4\u65f6\u523b\u7684\u82f1\u6587\u3002<br /> \u8f93\u51fa\u6837\u4f8b: <br />zero fifteen"
    },
    "test_case_score": [
        {
            "score": 100,
            "input_name": "1.in",
            "output_name": "1.out"
        },
        {
            "score": 100,
            "input_name": "2.in",
            "output_name": "2.out"
        },
        {
            "score": 100,
            "input_name": "3.in",
            "output_name": "3.out"
        },
        {
            "score": 100,
            "input_name": "4.in",
            "output_name": "4.out"
        },
        {
            "score": 100,
            "input_name": "5.in",
            "output_name": "5.out"
        },
        {
            "score": 100,
            "input_name": "6.in",
            "output_name": "6.out"
        },
        {
            "score": 100,
            "input_name": "7.in",
            "output_name": "7.out"
        },
        {
            "score": 100,
            "input_name": "8.in",
            "output_name": "8.out"
        },
        {
            "score": 100,
            "input_name": "9.in",
            "output_name": "9.out"
        },
        {
            "score": 100,
            "input_name": "10.in",
            "output_name": "10.out"
        },
        {
            "score": 100,
            "input_name": "11.in",
            "output_name": "11.out"
        },
        {
            "score": 100,
            "input_name": "12.in",
            "output_name": "12.out"
        },
        {
            "score": 100,
            "input_name": "13.in",
            "output_name": "13.out"
        },
        {
            "score": 100,
            "input_name": "14.in",
            "output_name": "14.out"
        },
        {
            "score": 100,
            "input_name": "15.in",
            "output_name": "15.out"
        },
        {
            "score": 100,
            "input_name": "16.in",
            "output_name": "16.out"
        },
        {
            "score": 100,
            "input_name": "17.in",
            "output_name": "17.out"
        },
        {
            "score": 100,
            "input_name": "18.in",
            "output_name": "18.out"
        },
        {
            "score": 100,
            "input_name": "19.in",
            "output_name": "19.out"
        },
        {
            "score": 100,
            "input_name": "20.in",
            "output_name": "20.out"
        }
    ],
    "hint": {
        "format": "html",
        "value": "HINT:\u65f6\u95f4\u9650\u5236\uff1a1.0s  \u5185\u5b58\u9650\u5236\uff1a512.0MB<br />"
    },
    "time_limit": 1000,
    "memory_limit": 512,
    "samples": [
        {
            "input": "\u53c2\u8003\u4e0a\u6587 ",
            "output": "\u53c2\u8003\u4e0a\u6587"
        }
    ],
    "template": {},
    "spj": null,
    "rule_type": "ACM",
    "source": "\u84dd\u6865\u676f\u7ec3\u4e60\u7cfb\u7edf ID: 67 \u539f\u9898\u94fe\u63a5: http://lx.lanqiao.cn/problem.page?gpid=T67",
    "answers": []
}