{
    "display_id": "old1063",
    "title": "\u57fa\u7840\u7ec3\u4e60 Sine\u4e4b\u821e",
    "description": {
        "format": "html",
        "value": "<br />\u3000\u3000\u6700\u8fd1FJ\u4e3a\u4ed6\u7684\u5976\u725b\u4eec\u5f00\u8bbe\u4e86\u6570\u5b66\u5206\u6790\u8bfe\uff0cFJ\u77e5\u9053\u82e5\u8981\u5b66\u597d\u8fd9\u95e8\u8bfe\uff0c\u5fc5\u987b\u6709\u4e00\u4e2a\u597d\u7684\u4e09\u89d2\u51fd\u6570\u57fa\u672c\u529f\u3002\u6240\u4ee5\u4ed6\u51c6\u5907\u548c\u5976\u725b\u4eec\u505a\u4e00\u4e2a\u201cSine\u4e4b\u821e\u201d\u7684\u6e38\u620f\uff0c\u5bd3\u6559\u4e8e\u4e50\uff0c\u63d0\u9ad8\u5976\u725b\u4eec\u7684\u8ba1\u7b97\u80fd\u529b\u3002<br /> \u3000\u3000\u4e0d\u59a8\u8bbe<br /> \u3000\u3000An=sin(1\u2013sin(2+sin(3\u2013sin(4+...sin(n))...)<br /> \u3000\u3000Sn=(...(A1+n)A2+n-1)A3+...+2)An+1<br /> \u3000\u3000FJ\u60f3\u8ba9\u5976\u725b\u4eec\u8ba1\u7b97Sn\u7684\u503c\uff0c\u8bf7\u4f60\u5e2e\u52a9FJ\u6253\u5370\u51faSn\u7684\u5b8c\u6574\u8868\u8fbe\u5f0f\uff0c\u4ee5\u65b9\u4fbf\u5976\u725b\u4eec\u505a\u9898\u3002"
    },
    "tags": [
        "\u84dd\u6865\u676f-\u57fa\u7840\u7ec3\u4e60"
    ],
    "input_description": {
        "format": "html",
        "value": "\u8f93\u5165\u63cf\u8ff0:<br />\u3000\u3000\u4ec5\u6709\u4e00\u4e2a\u6570\uff1aN&lt;201\u3002 <br />\u8f93\u5165\u6837\u4f8b: <br />3"
    },
    "output_description": {
        "format": "html",
        "value": "<br />\u8f93\u51fa\u63cf\u8ff0: <br />\u3000\u3000\u8bf7\u8f93\u51fa\u76f8\u5e94\u7684\u8868\u8fbe\u5f0fSn\uff0c\u4ee5\u4e00\u4e2a\u6362\u884c\u7b26\u7ed3\u675f\u3002\u8f93\u51fa\u4e2d\u4e0d\u5f97\u542b\u6709\u591a\u4f59\u7684\u7a7a\u683c\u6216\u6362\u884c\u3001\u56de\u8f66\u7b26\u3002<br /> \u8f93\u51fa\u6837\u4f8b: <br />((sin(1)+3)sin(1\u2013sin(2))+2)sin(1\u2013sin(2+sin(3)))+1"
    },
    "test_case_score": [
        {
            "score": 100,
            "input_name": "1.in",
            "output_name": "1.out"
        }
    ],
    "hint": {
        "format": "html",
        "value": "HINT:\u65f6\u95f4\u9650\u5236\uff1a1.0s  \u5185\u5b58\u9650\u5236\uff1a512.0MB<br />"
    },
    "time_limit": 1000,
    "memory_limit": 512,
    "samples": [
        {
            "input": "\u53c2\u8003\u4e0a\u6587 ",
            "output": "\u53c2\u8003\u4e0a\u6587"
        }
    ],
    "template": {},
    "spj": null,
    "rule_type": "ACM",
    "source": "\u84dd\u6865\u676f\u7ec3\u4e60\u7cfb\u7edf ID: 62 \u539f\u9898\u94fe\u63a5: http://lx.lanqiao.cn/problem.page?gpid=T62",
    "answers": []
}