{
    "display_id": "old1177",
    "title": "\u7b97\u6cd5\u63d0\u9ad8 \u8fdb\u5236\u8f6c\u6362",
    "description": {
        "format": "html",
        "value": "<br />\u3000\u3000\u7a0b\u5e8f\u63d0\u793a\u7528\u6237\u8f93\u5165\u4e09\u4e2a\u5b57\u7b26\uff0c\u6bcf\u4e2a\u5b57\u7b26\u53d6\u503c\u8303\u56f4\u662f0-9\uff0cA-F\u3002\u7136\u540e\u7a0b\u5e8f\u4f1a\u628a\u8fd9\u4e09\u4e2a\u5b57\u7b26\u8f6c\u5316\u4e3a\u76f8\u5e94\u7684\u5341\u516d\u8fdb\u5236\u6574\u6570\uff0c\u5e76\u5206\u522b\u4ee5\u5341\u516d\u8fdb\u5236\uff0c\u5341\u8fdb\u5236\uff0c\u516b\u8fdb\u5236\u8f93\u51fa\u3002<br /> \u3000\u3000\u8f93\u5165\u683c\u5f0f\uff1a\u8f93\u5165\u53ea\u6709\u4e00\u884c\uff0c\u5373\u4e09\u4e2a\u5b57\u7b26\u3002<br /> \u3000\u3000\u8f93\u51fa\u683c\u5f0f\uff1a\u8f93\u51fa\u53ea\u6709\u4e00\u884c\uff0c\u5305\u62ec\u4e09\u4e2a\u6574\u6570\uff0c\u4e2d\u95f4\u7528\u7a7a\u683c\u9694\u5f00\u3002<br /> \u3000\u3000\u8f93\u5165\u8f93\u51fa\u6837\u4f8b"
    },
    "tags": [
        "\u84dd\u6865\u676f-\u7b97\u6cd5\u63d0\u9ad8"
    ],
    "input_description": {
        "format": "html",
        "value": "\u8f93\u5165\u63cf\u8ff0:<br /> <br />\u8f93\u5165\u6837\u4f8b: <br />FFF"
    },
    "output_description": {
        "format": "html",
        "value": "<br />\u8f93\u51fa\u63cf\u8ff0: <br /><br /> \u8f93\u51fa\u6837\u4f8b: <br />FFF 4095 7777"
    },
    "test_case_score": [
        {
            "score": 100,
            "input_name": "1.in",
            "output_name": "1.out"
        },
        {
            "score": 100,
            "input_name": "2.in",
            "output_name": "2.out"
        },
        {
            "score": 100,
            "input_name": "3.in",
            "output_name": "3.out"
        },
        {
            "score": 100,
            "input_name": "4.in",
            "output_name": "4.out"
        },
        {
            "score": 100,
            "input_name": "5.in",
            "output_name": "5.out"
        },
        {
            "score": 100,
            "input_name": "6.in",
            "output_name": "6.out"
        },
        {
            "score": 100,
            "input_name": "7.in",
            "output_name": "7.out"
        },
        {
            "score": 100,
            "input_name": "8.in",
            "output_name": "8.out"
        },
        {
            "score": 100,
            "input_name": "9.in",
            "output_name": "9.out"
        },
        {
            "score": 100,
            "input_name": "10.in",
            "output_name": "10.out"
        }
    ],
    "hint": {
        "format": "html",
        "value": "HINT:\u65f6\u95f4\u9650\u5236\uff1a1.0s  \u5185\u5b58\u9650\u5236\uff1a256.0MB<br />"
    },
    "time_limit": 1000,
    "memory_limit": 512,
    "samples": [
        {
            "input": "\u53c2\u8003\u4e0a\u6587 ",
            "output": "\u53c2\u8003\u4e0a\u6587"
        }
    ],
    "template": {},
    "spj": null,
    "rule_type": "ACM",
    "source": "\u84dd\u6865\u676f\u7ec3\u4e60\u7cfb\u7edf ID: 242 \u539f\u9898\u94fe\u63a5: http://lx.lanqiao.cn/problem.page?gpid=T242",
    "answers": []
}