{
    "display_id": "old1163",
    "title": "\u7b97\u6cd5\u8bad\u7ec3 \u5b57\u4e32\u7edf\u8ba1",
    "description": {
        "format": "html",
        "value": "<br />\u3000\u3000\u7ed9\u5b9a\u4e00\u4e2a\u957f\u5ea6\u4e3an\u7684\u5b57\u7b26\u4e32S\uff0c\u8fd8\u6709\u4e00\u4e2a\u6570\u5b57L\uff0c\u7edf\u8ba1\u957f\u5ea6\u5927\u4e8e\u7b49\u4e8eL\u7684\u51fa\u73b0\u6b21\u6570\u6700\u591a\u7684\u5b50\u4e32\uff08\u4e0d\u540c\u7684\u51fa\u73b0\u53ef\u4ee5\u76f8\u4ea4\uff09\uff0c\u5982\u679c\u6709\u591a\u4e2a\uff0c\u8f93\u51fa\u6700\u957f\u7684\uff0c\u5982\u679c\u4ecd\u7136\u6709\u591a\u4e2a\uff0c\u8f93\u51fa\u7b2c\u4e00\u6b21\u51fa\u73b0\u6700\u65e9\u7684\u3002"
    },
    "tags": [
        "\u84dd\u6865\u676f-\u7b97\u6cd5\u8bad\u7ec3"
    ],
    "input_description": {
        "format": "html",
        "value": "\u8f93\u5165\u63cf\u8ff0:<br />\u3000\u3000\u7b2c\u4e00\u884c\u4e00\u4e2a\u6570\u5b57L\u3002<br /> \u3000\u3000\u7b2c\u4e8c\u884c\u662f\u5b57\u7b26\u4e32S\u3002<br /> \u3000\u3000L\u5927\u4e8e0\uff0c\u4e14\u4e0d\u8d85\u8fc7S\u7684\u957f\u5ea6\u3002 <br />\u8f93\u5165\u6837\u4f8b: <br />"
    },
    "output_description": {
        "format": "html",
        "value": "<br />\u8f93\u51fa\u63cf\u8ff0: <br />\u3000\u3000\u4e00\u884c\uff0c\u9898\u76ee\u8981\u6c42\u7684\u5b57\u7b26\u4e32\u3002<br /> <br /> \u3000\u3000\u8f93\u5165\u6837\u4f8b1\uff1a<br /> \u3000\u30004<br /> \u3000\u3000bbaabbaaaaa<br /> <br /> \u3000\u3000\u8f93\u51fa\u6837\u4f8b1\uff1a<br /> \u3000\u3000bbaa<br /> <br /> \u3000\u3000\u8f93\u5165\u6837\u4f8b2\uff1a<br /> \u3000\u30002<br /> \u3000\u3000bbaabbaaaaa<br /> <br /> \u3000\u3000\u8f93\u51fa\u6837\u4f8b2\uff1a<br /> \u3000\u3000aa<br /> \u8f93\u51fa\u6837\u4f8b: <br />"
    },
    "test_case_score": [
        {
            "score": 100,
            "input_name": "1.in",
            "output_name": "1.out"
        },
        {
            "score": 100,
            "input_name": "2.in",
            "output_name": "2.out"
        },
        {
            "score": 100,
            "input_name": "3.in",
            "output_name": "3.out"
        },
        {
            "score": 100,
            "input_name": "4.in",
            "output_name": "4.out"
        },
        {
            "score": 100,
            "input_name": "5.in",
            "output_name": "5.out"
        },
        {
            "score": 100,
            "input_name": "6.in",
            "output_name": "6.out"
        },
        {
            "score": 100,
            "input_name": "7.in",
            "output_name": "7.out"
        },
        {
            "score": 100,
            "input_name": "8.in",
            "output_name": "8.out"
        },
        {
            "score": 100,
            "input_name": "9.in",
            "output_name": "9.out"
        },
        {
            "score": 100,
            "input_name": "10.in",
            "output_name": "10.out"
        }
    ],
    "hint": {
        "format": "html",
        "value": "HINT:\u65f6\u95f4\u9650\u5236\uff1a1.0s  \u5185\u5b58\u9650\u5236\uff1a512.0MB<br />\u3000\u3000n&lt;=60<br /> \u3000\u3000S\u4e2d\u6240\u6709\u5b57\u7b26\u90fd\u662f\u5c0f\u5199\u82f1\u6587\u5b57\u6bcd\u3002"
    },
    "time_limit": 1000,
    "memory_limit": 512,
    "samples": [
        {
            "input": "\u53c2\u8003\u4e0a\u6587 ",
            "output": "\u53c2\u8003\u4e0a\u6587"
        }
    ],
    "template": {},
    "spj": null,
    "rule_type": "ACM",
    "source": "\u84dd\u6865\u676f\u7ec3\u4e60\u7cfb\u7edf ID: 219 \u539f\u9898\u94fe\u63a5: http://lx.lanqiao.cn/problem.page?gpid=T219",
    "answers": []
}