{
    "display_id": "old1079",
    "title": "\u7b97\u6cd5\u8bad\u7ec3 \u5355\u8bcd\u63a5\u9f99",
    "description": {
        "format": "html",
        "value": "<br /><b>\u95ee\u9898\u63cf\u8ff0</b><b>   </b><br /> <br /> \u3000\u3000\u5355\u8bcd\u63a5\u9f99\u662f\u4e00\u4e2a\u4e0e\u6211\u4eec\u7ecf\u5e38\u73a9\u7684\u6210\u8bed\u63a5\u9f99\u76f8\u7c7b\u4f3c\u7684\u6e38\u620f\uff0c\u73b0\u5728\u6211\u4eec\u5df2\u77e5\u4e00\u7ec4\u5355\u8bcd\uff0c\u4e14\u7ed9\u5b9a\u4e00\u4e2a\u5f00\u5934\u7684\u5b57\u6bcd\uff0c\u8981\u6c42\u51fa\u4ee5\u8fd9\u4e2a\u5b57\u6bcd\u5f00\u5934\u7684\u6700\u957f\u7684\u201c\u9f99\u201d\uff08\u6bcf\u4e2a\u5355\u8bcd\u90fd\u6700\u591a\u5728\u201c\u9f99\u201d\u4e2d\u51fa\u73b0\u4e24\u6b21\uff09\uff0c\u5728\u4e24\u4e2a\u5355\u8bcd\u76f8\u8fde\u65f6\uff0c\u5176\u91cd\u5408\u90e8\u5206\u5408\u4e3a\u4e00\u90e8\u5206\uff0c\u4f8b\u5982 beast\u548castonish\uff0c\u5982\u679c\u63a5\u6210\u4e00\u6761\u9f99\u5219\u53d8\u4e3abeastonish\uff0c\u53e6\u5916\u76f8\u90bb\u7684\u4e24\u90e8\u5206\u4e0d\u80fd\u5b58\u5728\u5305\u542b\u5173\u7cfb\uff0c\u4f8b\u5982at \u548c atide \u95f4\u4e0d\u80fd\u76f8\u8fde\u3002<br /> <br /> <b>\u8f93</b><b>\u5165\u683c\u5f0f</b><b>  </b><br /> <br /> \u3000\u3000\u8f93\u5165\u7684\u7b2c\u4e00\u884c\u4e3a\u4e00\u4e2a\u5355\u72ec\u7684\u6574\u6570n (n&lt;=20)\u8868\u793a\u5355\u8bcd\u6570\uff0c\u4ee5\u4e0bn \u884c\u6bcf\u884c\u6709\u4e00\u4e2a\u5355\u8bcd\uff0c\u8f93\u5165\u7684\u6700\u540e\u4e00\u884c\u4e3a\u4e00\u4e2a\u5355\u4e2a\u5b57\u7b26\uff0c\u8868\u793a\u201c\u9f99\u201d\u5f00\u5934\u7684\u5b57\u6bcd\u3002\u4f60\u53ef\u4ee5\u5047\u5b9a\u4ee5\u6b64\u5b57\u6bcd\u5f00\u5934\u7684\u201c\u9f99\u201d\u4e00\u5b9a\u5b58\u5728.<br /> <br /> <b>\u8f93</b><b>\u51fa\u683c\u5f0f</b><b>  </b><br /> <br /> \u3000\u3000\u53ea\u9700\u8f93\u51fa\u4ee5\u6b64\u5b57\u6bcd\u5f00\u5934\u7684\u6700\u957f\u7684\u201c\u9f99\u201d\u7684\u957f\u5ea6<br /> <br /> <b>\u6837</b><b>\u4f8b\u8f93\u5165</b><br /> \u3000\u30005<br /> \u3000\u3000at<br /> \u3000\u3000touch<br /> \u3000\u3000cheat<br /> \u3000\u3000choose<br /> \u3000\u3000tact<br /> \u3000\u3000a"
    },
    "tags": [
        "\u84dd\u6865\u676f-\u7b97\u6cd5\u8bad\u7ec3"
    ],
    "input_description": {
        "format": "html",
        "value": "\u8f93\u5165\u63cf\u8ff0:<br />\u3000\u3000\u8fde\u6210\u7684\u201c\u9f99\u201d\u4e3aatoucheatactactouchoose <br />\u8f93\u5165\u6837\u4f8b: <br />23"
    },
    "output_description": {
        "format": "html",
        "value": "<br />\u8f93\u51fa\u63cf\u8ff0: <br /><br /> \u8f93\u51fa\u6837\u4f8b: <br />"
    },
    "test_case_score": [
        {
            "score": 100,
            "input_name": "1.in",
            "output_name": "1.out"
        },
        {
            "score": 100,
            "input_name": "2.in",
            "output_name": "2.out"
        },
        {
            "score": 100,
            "input_name": "3.in",
            "output_name": "3.out"
        },
        {
            "score": 100,
            "input_name": "4.in",
            "output_name": "4.out"
        },
        {
            "score": 100,
            "input_name": "5.in",
            "output_name": "5.out"
        },
        {
            "score": 100,
            "input_name": "6.in",
            "output_name": "6.out"
        }
    ],
    "hint": {
        "format": "html",
        "value": "HINT:\u65f6\u95f4\u9650\u5236\uff1a1.0s  \u5185\u5b58\u9650\u5236\uff1a256.0MB<br />"
    },
    "time_limit": 1000,
    "memory_limit": 512,
    "samples": [
        {
            "input": "\u53c2\u8003\u4e0a\u6587 ",
            "output": "\u53c2\u8003\u4e0a\u6587"
        }
    ],
    "template": {},
    "spj": null,
    "rule_type": "ACM",
    "source": "\u84dd\u6865\u676f\u7ec3\u4e60\u7cfb\u7edf ID: 78 \u539f\u9898\u94fe\u63a5: http://lx.lanqiao.cn/problem.page?gpid=T78",
    "answers": []
}