{
    "display_id": "old1211",
    "title": "\u7b97\u6cd5\u63d0\u9ad8 \u79cd\u6811",
    "description": {
        "format": "html",
        "value": "<br />\u3000\u3000\u79cd\u6811"
    },
    "tags": [
        "\u84dd\u6865\u676f-\u7b97\u6cd5\u63d0\u9ad8"
    ],
    "input_description": {
        "format": "html",
        "value": "\u8f93\u5165\u63cf\u8ff0:<br />\u3000\u3000A\u57ce\u5e02\u6709\u4e00\u4e2a\u5de8\u5927\u7684\u5706\u5f62\u5e7f\u573a\uff0c\u4e3a\u4e86\u7eff\u5316\u73af\u5883\u548c\u51c0\u5316\u7a7a\u6c14\uff0c\u5e02\u653f\u5e9c\u51b3\u5b9a\u6cbf\u5706\u5f62\u5e7f\u573a\u5916\u5708\u79cd\u4e00\u5708\u6811\u3002\u56ed\u6797\u90e8\u95e8 \u5f97\u5230\u6307\u4ee4\u540e\uff0c\u521d\u6b65\u89c4\u5212\u51fan\u4e2a\u79cd\u6811\u7684\u4f4d\u7f6e\uff0c\u987a\u65f6\u9488\u7f16\u53f71\u5230n\u3002\u5e76\u4e14\u6bcf\u4e2a\u4f4d\u7f6e\u90fd\u6709\u4e00\u4e2a\u7f8e\u89c2\u5ea6Ai\uff0c\u5982\u679c\u5728\u8fd9\u91cc\u79cd\u6811\u5c31\u53ef\u4ee5\u5f97\u5230\u8fd9Ai\u7684\u7f8e\u89c2\u5ea6\u3002\u4f46\u7531\u4e8eA\u57ce\u5e02\u571f\u58e4 \u80a5\u529b\u6b20\u4f73\uff0c\u4e24\u68f5\u6811\u51b3\u4e0d\u80fd\u79cd\u5728\u76f8\u90bb\u7684\u4f4d\u7f6e\uff08i\u53f7\u4f4d\u7f6e\u548ci+1\u53f7\u4f4d\u7f6e\u53eb\u76f8\u90bb\u4f4d\u7f6e\u3002\u503c\u5f97\u6ce8\u610f\u7684\u662f1\u53f7\u548cn\u53f7\u4e5f\u7b97\u76f8\u90bb\u4f4d\u7f6e\uff01\uff09\u3002<br /> \u3000\u3000\u6700\u7ec8\u5e02\u653f\u5e9c\u7ed9\u56ed\u6797\u90e8\u95e8\u63d0\u4f9b\u4e86m\u68f5\u6811\u82d7\u5e76\u8981\u6c42\u5168\u90e8\u79cd\u4e0a\uff0c\u8bf7\u4f60\u5e2e\u5fd9\u8bbe\u8ba1\u79cd\u6811\u65b9\u6848\u4f7f\u5f97\u7f8e\u89c2\u5ea6\u603b\u548c\u6700\u5927\u3002\u5982\u679c\u65e0\u6cd5\u5c06m\u68f5\u6811\u82d7\u5168\u90e8\u79cd\u4e0a\uff0c\u7ed9\u51fa\u65e0\u89e3\u4fe1\u606f\u3002 <br />\u8f93\u5165\u6837\u4f8b: <br />7 3<br /> 1 2 3 4 5 6 7"
    },
    "output_description": {
        "format": "html",
        "value": "<br />\u8f93\u51fa\u63cf\u8ff0: <br />\u3000\u3000\u8f93\u5165\u7684\u7b2c\u4e00\u884c\u5305\u542b\u4e24\u4e2a\u6b63\u6574\u6570n\u3001m\u3002<br /> \u3000\u3000\u7b2c\u4e8c\u884cn\u4e2a\u6574\u6570Ai\u3002<br /> \u8f93\u51fa\u6837\u4f8b: <br />15"
    },
    "test_case_score": [
        {
            "score": 100,
            "input_name": "1.in",
            "output_name": "1.out"
        },
        {
            "score": 100,
            "input_name": "2.in",
            "output_name": "2.out"
        },
        {
            "score": 100,
            "input_name": "3.in",
            "output_name": "3.out"
        },
        {
            "score": 100,
            "input_name": "4.in",
            "output_name": "4.out"
        },
        {
            "score": 100,
            "input_name": "5.in",
            "output_name": "5.out"
        },
        {
            "score": 100,
            "input_name": "6.in",
            "output_name": "6.out"
        },
        {
            "score": 100,
            "input_name": "7.in",
            "output_name": "7.out"
        },
        {
            "score": 100,
            "input_name": "8.in",
            "output_name": "8.out"
        },
        {
            "score": 100,
            "input_name": "9.in",
            "output_name": "9.out"
        },
        {
            "score": 100,
            "input_name": "10.in",
            "output_name": "10.out"
        }
    ],
    "hint": {
        "format": "html",
        "value": "HINT:\u65f6\u95f4\u9650\u5236\uff1a1.0s  \u5185\u5b58\u9650\u5236\uff1a256.0MB<br />\u3000\u3000\u8f93\u51fa\u4e00\u4e2a\u6574\u6570\uff0c\u8868\u793a\u6700\u4f73\u690d\u6811\u65b9\u6848\u53ef\u4ee5\u5f97\u5230\u7684\u7f8e\u89c2\u5ea6\u3002\u5982\u679c\u65e0\u89e3\u8f93\u51fa\u201cError!\u201d\uff0c\u4e0d\u5305\u542b\u5f15\u53f7\u3002"
    },
    "time_limit": 1000,
    "memory_limit": 512,
    "samples": [
        {
            "input": "\u53c2\u8003\u4e0a\u6587 ",
            "output": "\u53c2\u8003\u4e0a\u6587"
        }
    ],
    "template": {},
    "spj": null,
    "rule_type": "ACM",
    "source": "\u84dd\u6865\u676f\u7ec3\u4e60\u7cfb\u7edf ID: 282 \u539f\u9898\u94fe\u63a5: http://lx.lanqiao.cn/problem.page?gpid=T282",
    "answers": []
}