{
    "display_id": "old1084",
    "title": "\u7b97\u6cd5\u8bad\u7ec3 \u88c5\u7bb1\u95ee\u9898",
    "description": {
        "format": "html",
        "value": "<br /><b>\u95ee\u9898\u63cf\u8ff0</b><br /> \u3000\u3000\u6709\u4e00\u4e2a\u7bb1\u5b50\u5bb9\u91cf\u4e3aV\uff08\u6b63\u6574\u6570\uff0c0\uff1c\uff1dV\uff1c\uff1d20000\uff09\uff0c\u540c\u65f6\u6709n\u4e2a\u7269\u54c1\uff080\uff1cn\uff1c\uff1d30\uff09\uff0c\u6bcf\u4e2a\u7269\u54c1\u6709\u4e00\u4e2a\u4f53\u79ef\uff08\u6b63\u6574\u6570\uff09\u3002<br /> \u3000\u3000\u8981\u6c42n\u4e2a\u7269\u54c1\u4e2d\uff0c\u4efb\u53d6\u82e5\u5e72\u4e2a\u88c5\u5165\u7bb1\u5185\uff0c\u4f7f\u7bb1\u5b50\u7684\u5269\u4f59\u7a7a\u95f4\u4e3a\u6700\u5c0f\u3002"
    },
    "tags": [
        "\u84dd\u6865\u676f-\u7b97\u6cd5\u8bad\u7ec3"
    ],
    "input_description": {
        "format": "html",
        "value": "\u8f93\u5165\u63cf\u8ff0:<br />\u3000\u3000\u7b2c\u4e00\u884c\u4e3a\u4e00\u4e2a\u6574\u6570\uff0c\u8868\u793a\u7bb1\u5b50\u5bb9\u91cf\uff1b<br /> \u3000\u3000\u7b2c\u4e8c\u884c\u4e3a\u4e00\u4e2a\u6574\u6570\uff0c\u8868\u793a\u6709n\u4e2a\u7269\u54c1\uff1b<br /> \u3000\u3000\u63a5\u4e0b\u6765n\u884c\uff0c\u6bcf\u884c\u4e00\u4e2a\u6574\u6570\u8868\u793a\u8fd9n\u4e2a\u7269\u54c1\u7684\u5404\u81ea\u4f53\u79ef\u3002 <br />\u8f93\u5165\u6837\u4f8b: <br />0"
    },
    "output_description": {
        "format": "html",
        "value": "<br />\u8f93\u51fa\u63cf\u8ff0: <br />\u3000\u3000\u4e00\u4e2a\u6574\u6570\uff0c\u8868\u793a\u7bb1\u5b50\u5269\u4f59\u7a7a\u95f4\u3002<br /> \u3000\u3000<b>\u6837\u4f8b</b>\u8f93\u5165<br /> \u3000\u300024<br /> \u3000\u30006<br /> \u3000\u30008<br /> \u3000\u30003<br /> \u3000\u300012<br /> \u3000\u30007<br /> \u3000\u30009<br /> \u3000\u30007<br /> \u8f93\u51fa\u6837\u4f8b: <br />"
    },
    "test_case_score": [
        {
            "score": 100,
            "input_name": "1.in",
            "output_name": "1.out"
        },
        {
            "score": 100,
            "input_name": "2.in",
            "output_name": "2.out"
        },
        {
            "score": 100,
            "input_name": "3.in",
            "output_name": "3.out"
        },
        {
            "score": 100,
            "input_name": "4.in",
            "output_name": "4.out"
        },
        {
            "score": 100,
            "input_name": "5.in",
            "output_name": "5.out"
        }
    ],
    "hint": {
        "format": "html",
        "value": "HINT:\u65f6\u95f4\u9650\u5236\uff1a1.0s  \u5185\u5b58\u9650\u5236\uff1a256.0MB<br />"
    },
    "time_limit": 1000,
    "memory_limit": 512,
    "samples": [
        {
            "input": "\u53c2\u8003\u4e0a\u6587 ",
            "output": "\u53c2\u8003\u4e0a\u6587"
        }
    ],
    "template": {},
    "spj": null,
    "rule_type": "ACM",
    "source": "\u84dd\u6865\u676f\u7ec3\u4e60\u7cfb\u7edf ID: 83 \u539f\u9898\u94fe\u63a5: http://lx.lanqiao.cn/problem.page?gpid=T83",
    "answers": []
}