{
    "display_id": "old1097",
    "title": "\u7b97\u6cd5\u8bad\u7ec3 \u7eaa\u5ff5\u54c1\u5206\u7ec4",
    "description": {
        "format": "html",
        "value": "<br />\u3000\u3000\u5143\u65e6\u5feb\u5230\u4e86\uff0c\u6821\u5b66\u751f\u4f1a\u8ba9\u4e50\u4e50\u8d1f\u8d23\u65b0\u5e74\u665a\u4f1a\u7684\u7eaa\u5ff5\u54c1\u53d1\u653e\u5de5\u4f5c\u3002\u4e3a\u4f7f\u5f97\u53c2\u52a0\u665a\u4f1a\u7684\u540c\u5b66\u6240\u83b7\u5f97\u7684\u7eaa\u5ff5\u54c1\u4ef7\u503c \u76f8\u5bf9\u5747\u8861\uff0c\u4ed6\u8981\u628a\u8d2d\u6765\u7684\u7eaa\u5ff5\u54c1\u6839\u636e\u4ef7\u683c\u8fdb\u884c\u5206\u7ec4\uff0c\u4f46\u6bcf\u7ec4\u6700\u591a\u53ea\u80fd\u5305\u62ec\u4e24\u4ef6\u7eaa\u5ff5\u54c1\uff0c\u5e76\u4e14\u6bcf\u7ec4\u7eaa\u5ff5\u54c1\u7684\u4ef7\u683c\u4e4b\u548c\u4e0d\u80fd\u8d85\u8fc7\u4e00\u4e2a\u7ed9\u5b9a\u7684\u6574\u6570\u3002\u4e3a\u4e86\u4fdd\u8bc1\u5728\u5c3d\u91cf\u77ed\u7684\u65f6 \u95f4\u5185\u53d1\u5b8c\u6240\u6709\u7eaa\u5ff5\u54c1\uff0c\u4e50\u4e50\u5e0c\u671b\u5206\u7ec4\u7684\u6570\u76ee\u6700\u5c11\u3002<br /> \u3000\u3000\u4f60\u7684\u4efb\u52a1\u662f\u5199\u4e00\u4e2a\u7a0b\u5e8f\uff0c\u627e\u51fa\u6240\u6709\u5206\u7ec4\u65b9\u6848\u4e2d\u5206\u7ec4\u6570\u6700\u5c11\u7684\u4e00\u79cd\uff0c\u8f93\u51fa\u6700\u5c11\u7684\u5206\u7ec4\u6570\u76ee\u3002"
    },
    "tags": [
        "\u84dd\u6865\u676f-\u7b97\u6cd5\u8bad\u7ec3"
    ],
    "input_description": {
        "format": "html",
        "value": "\u8f93\u5165\u63cf\u8ff0:<br />\u3000\u3000\u8f93\u5165\u5305\u542bn+2\u884c\uff1a<br /> \u3000\u3000\u7b2c1\u884c\u5305\u62ec\u4e00\u4e2a\u6574\u6570w\uff0c\u4e3a\u6bcf\u7ec4\u7eaa\u5ff5\u54c1\u4ef7\u683c\u4e4b\u548c\u7684\u4e0a\u9650\u3002<br /> \u3000\u3000\u7b2c2\u884c\u4e3a\u4e00\u4e2a\u6574\u6570n\uff0c\u8868\u793a\u8d2d\u6765\u7684\u7eaa\u5ff5\u54c1\u7684\u603b\u4ef6\u6570\u3002<br /> \u3000\u3000\u7b2c3~n+2\u884c\u6bcf\u884c\u5305\u542b\u4e00\u4e2a\u6b63\u6574\u6570p<sub>i</sub> (5  &lt;= p<sub>i</sub> &lt;= w)\uff0c\u8868\u793a\u6240\u5bf9\u5e94\u7eaa\u5ff5\u54c1\u7684\u4ef7\u683c\u3002 <br />\u8f93\u5165\u6837\u4f8b: <br />100<br /> 9<br /> 90<br /> 20<br /> 20<br /> 30<br /> 50<br /> 60<br /> 70<br /> 80<br /> 90"
    },
    "output_description": {
        "format": "html",
        "value": "<br />\u8f93\u51fa\u63cf\u8ff0: <br />\u3000\u3000\u8f93\u51fa\u4ec5\u4e00\u884c\uff0c\u5305\u542b\u4e00\u4e2a\u6574\u6570\uff0c\u5373\u6700\u5c11\u7684\u5206\u7ec4\u6570\u76ee\u3002<br /> \u8f93\u51fa\u6837\u4f8b: <br />6"
    },
    "test_case_score": [
        {
            "score": 100,
            "input_name": "1.in",
            "output_name": "1.out"
        },
        {
            "score": 100,
            "input_name": "2.in",
            "output_name": "2.out"
        },
        {
            "score": 100,
            "input_name": "3.in",
            "output_name": "3.out"
        },
        {
            "score": 100,
            "input_name": "4.in",
            "output_name": "4.out"
        },
        {
            "score": 100,
            "input_name": "5.in",
            "output_name": "5.out"
        },
        {
            "score": 100,
            "input_name": "6.in",
            "output_name": "6.out"
        },
        {
            "score": 100,
            "input_name": "7.in",
            "output_name": "7.out"
        },
        {
            "score": 100,
            "input_name": "8.in",
            "output_name": "8.out"
        },
        {
            "score": 100,
            "input_name": "9.in",
            "output_name": "9.out"
        },
        {
            "score": 100,
            "input_name": "10.in",
            "output_name": "10.out"
        }
    ],
    "hint": {
        "format": "html",
        "value": "HINT:\u65f6\u95f4\u9650\u5236\uff1a1.0s  \u5185\u5b58\u9650\u5236\uff1a256.0MB<br />\u3000\u300050%\u7684\u6570\u636e\u6ee1\u8db3\uff1a1 &lt;= n &lt;= 15<br /> \u3000\u3000100%\u7684\u6570\u636e\u6ee1\u8db3\uff1a1 &lt;= n &lt;= 30000, 80 &lt;= w &lt;= 200"
    },
    "time_limit": 1000,
    "memory_limit": 512,
    "samples": [
        {
            "input": "\u53c2\u8003\u4e0a\u6587 ",
            "output": "\u53c2\u8003\u4e0a\u6587"
        }
    ],
    "template": {},
    "spj": null,
    "rule_type": "ACM",
    "source": "\u84dd\u6865\u676f\u7ec3\u4e60\u7cfb\u7edf ID: 96 \u539f\u9898\u94fe\u63a5: http://lx.lanqiao.cn/problem.page?gpid=T96",
    "answers": []
}