{
    "display_id": "old1028",
    "title": "\u5386\u5c4a\u8bd5\u9898 \u526a\u683c\u5b50",
    "description": {
        "format": "html",
        "value": "<br /> <p>\u5982\u4e0b\u56fe\u6240\u793a\uff0c3 x 3 \u7684\u683c\u5b50\u4e2d\u586b\u5199\u4e86\u4e00\u4e9b\u6574\u6570\u3002</p>  +--*--+--+<br /> |10* 1|52|<br /> +--****--+<br /> |20|30* 1|<br /> *******--+<br /> | 1| 2| 3|<br /> +--+--+--+  <p>\u6211\u4eec\u6cbf\u7740\u56fe\u4e2d\u7684\u661f\u53f7\u7ebf\u526a\u5f00\uff0c\u5f97\u5230\u4e24\u4e2a\u90e8\u5206\uff0c\u6bcf\u4e2a\u90e8\u5206\u7684\u6570\u5b57\u548c\u90fd\u662f60\u3002</p>  <p>\u672c\u9898\u7684\u8981\u6c42\u5c31\u662f\u8bf7\u4f60\u7f16\u7a0b\u5224\u5b9a\uff1a\u5bf9\u7ed9\u5b9a\u7684m x n \u7684\u683c\u5b50\u4e2d\u7684\u6574\u6570\uff0c\u662f\u5426\u53ef\u4ee5\u5206\u5272\u4e3a\u4e24\u4e2a\u90e8\u5206\uff0c\u4f7f\u5f97\u8fd9\u4e24\u4e2a\u533a\u57df\u7684\u6570\u5b57\u548c\u76f8\u7b49\u3002</p> <p>\u5982\u679c\u5b58\u5728\u591a\u79cd\u89e3\u7b54\uff0c\u8bf7\u8f93\u51fa\u5305\u542b\u5de6\u4e0a\u89d2\u683c\u5b50\u7684\u90a3\u4e2a\u533a\u57df\u5305\u542b\u7684\u683c\u5b50\u7684\u6700\u5c0f\u6570\u76ee\u3002   </p> <p>\u5982\u679c\u65e0\u6cd5\u5206\u5272\uff0c\u5219\u8f93\u51fa 0\u3002</p>  \t"
    },
    "tags": [
        "\u84dd\u6865\u676f-\u5386\u5c4a\u8bd5\u9898"
    ],
    "input_description": {
        "format": "html",
        "value": "\u8f93\u5165\u63cf\u8ff0:<br /> \t<p>\u7a0b\u5e8f\u5148\u8bfb\u5165\u4e24\u4e2a\u6574\u6570 m n \u7528\u7a7a\u683c\u5206\u5272 (m,n&lt;10)\u3002</p> \t<p>\u8868\u793a\u8868\u683c\u7684\u5bbd\u5ea6\u548c\u9ad8\u5ea6\u3002</p> \t<p>\u63a5\u4e0b\u6765\u662fn\u884c\uff0c\u6bcf\u884cm\u4e2a\u6b63\u6574\u6570\uff0c\u7528\u7a7a\u683c\u5206\u5f00\u3002\u6bcf\u4e2a\u6574\u6570\u4e0d\u5927\u4e8e10000\u3002</p>   <br />\u8f93\u5165\u6837\u4f8b: <br /> +--*--+--+<br /> |10* 1|52|<br /> +--****--+<br /> |20|30* 1|<br /> *******--+<br /> | 1| 2| 3|<br /> +--+--+--+ "
    },
    "output_description": {
        "format": "html",
        "value": "<br />\u8f93\u51fa\u63cf\u8ff0: <br /> \u8f93\u51fa\u4e00\u4e2a\u6574\u6570\uff0c\u8868\u793a\u5728\u6240\u6709\u89e3\u4e2d\uff0c\u5305\u542b\u5de6\u4e0a\u89d2\u7684\u5206\u5272\u533a\u53ef\u80fd\u5305\u542b\u7684\u6700\u5c0f\u7684\u683c\u5b50\u6570\u76ee\u3002 <br /> \u8f93\u51fa\u6837\u4f8b: <br /> 3 3<br /> 10 1 52<br /> 20 30 1<br /> 1 2 3 "
    },
    "test_case_score": [
        {
            "score": 100,
            "input_name": "1.in",
            "output_name": "1.out"
        },
        {
            "score": 100,
            "input_name": "2.in",
            "output_name": "2.out"
        },
        {
            "score": 100,
            "input_name": "3.in",
            "output_name": "3.out"
        }
    ],
    "hint": {
        "format": "html",
        "value": "HINT:\u65f6\u95f4\u9650\u5236\uff1a1.0s  \u5185\u5b58\u9650\u5236\uff1a256.0MB<br />"
    },
    "time_limit": 1000,
    "memory_limit": 512,
    "samples": [
        {
            "input": "\u53c2\u8003\u4e0a\u6587 ",
            "output": "\u53c2\u8003\u4e0a\u6587"
        }
    ],
    "template": {},
    "spj": null,
    "rule_type": "ACM",
    "source": "\u84dd\u6865\u676f\u7ec3\u4e60\u7cfb\u7edf ID: 27 \u539f\u9898\u94fe\u63a5: http://lx.lanqiao.cn/problem.page?gpid=T27",
    "answers": []
}