{
    "display_id": "old1117",
    "title": "\u7b97\u6cd5\u8bad\u7ec3 \u7b80\u5355\u52a0\u6cd5(\u57fa\u672c\u578b)",
    "description": {
        "format": "html",
        "value": "<br />\u3000\u3000\u9996\u5148\u7ed9\u51fa\u7b80\u5355\u52a0\u6cd5\u7b97\u5f0f\u7684\u5b9a\u4e49\uff1a<br /> \u3000\u3000\u5982\u679c\u6709\u4e00\u4e2a\u7b97\u5f0f(i)+(i+1)+(i+2),(i&gt;=0)\uff0c\u5728\u8ba1\u7b97\u7684\u8fc7\u7a0b\u4e2d\uff0c\u6ca1\u6709\u4efb\u4f55\u4e00\u4e2a\u6570\u4f4d\u51fa\u73b0\u4e86\u8fdb\u4f4d\uff0c\u5219\u79f0\u5176\u4e3a\u7b80\u5355\u7684\u52a0\u6cd5\u7b97\u5f0f\u3002<br /> \u3000\u3000\u4f8b\u5982\uff1ai=3\u65f6\uff0c3+4+5=12\uff0c\u6709\u4e00\u4e2a\u8fdb\u4f4d\uff0c\u56e0\u6b643+4+5\u4e0d\u662f\u4e00\u4e2a\u7b80\u5355\u7684\u52a0\u6cd5\u7b97\u5f0f\uff1b\u53c8\u5982i=112\u65f6\uff0c112+113+114=339\uff0c\u6ca1\u6709\u5728\u4efb\u610f\u6570\u4f4d\u4e0a\u4ea7\u751f\u8fdb\u4f4d\uff0c\u6545112+113+114\u662f\u4e00\u4e2a\u7b80\u5355\u7684\u52a0\u6cd5\u7b97\u5f0f\u3002<br /> <br /> \u3000\u3000\u95ee\u9898\uff1a\u7ed9\u5b9a\u4e00\u4e2a\u6b63\u6574\u6570n\uff0c\u95ee\u5f53i\u5927\u4e8e\u7b49\u4e8e0\u4e14\u5c0f\u4e8en\u65f6,\u6709\u591a\u5c11\u4e2a\u7b97\u5f0f(i)+(i+1)+(i+2)\u662f\u7b80\u5355\u52a0\u6cd5\u7b97\u5f0f\u3002\u5176\u4e2dn&lt;10000\u3002"
    },
    "tags": [
        "\u84dd\u6865\u676f-\u7b97\u6cd5\u8bad\u7ec3"
    ],
    "input_description": {
        "format": "html",
        "value": "\u8f93\u5165\u63cf\u8ff0:<br />\u3000\u3000\u4e00\u4e2a\u6574\u6570\uff0c\u8868\u793an <br />\u8f93\u5165\u6837\u4f8b: <br />"
    },
    "output_description": {
        "format": "html",
        "value": "<br />\u8f93\u51fa\u63cf\u8ff0: <br />\u3000\u3000\u4e00\u4e2a\u6574\u6570,\u8868\u793a\u7b80\u5355\u52a0\u6cd5\u7b97\u5f0f\u7684\u4e2a\u6570<br /> \u8f93\u51fa\u6837\u4f8b: <br />"
    },
    "test_case_score": [
        {
            "score": 100,
            "input_name": "1.in",
            "output_name": "1.out"
        }
    ],
    "hint": {
        "format": "html",
        "value": "HINT:\u65f6\u95f4\u9650\u5236\uff1a1.0s  \u5185\u5b58\u9650\u5236\uff1a512.0MB<br />"
    },
    "time_limit": 1000,
    "memory_limit": 512,
    "samples": [
        {
            "input": "\u53c2\u8003\u4e0a\u6587 ",
            "output": "\u53c2\u8003\u4e0a\u6587"
        }
    ],
    "template": {},
    "spj": null,
    "rule_type": "ACM",
    "source": "\u84dd\u6865\u676f\u7ec3\u4e60\u7cfb\u7edf ID: 138 \u539f\u9898\u94fe\u63a5: http://lx.lanqiao.cn/problem.page?gpid=T138",
    "answers": []
}