{
    "display_id": "old1154",
    "title": "\u7b97\u6cd5\u63d0\u9ad8 \u5b57\u7b26\u4e32\u6bd4\u8f83",
    "description": {
        "format": "html",
        "value": "<br />"
    },
    "tags": [
        "\u84dd\u6865\u676f-\u7b97\u6cd5\u63d0\u9ad8"
    ],
    "input_description": {
        "format": "html",
        "value": "\u8f93\u5165\u63cf\u8ff0:<br /> <br />\u8f93\u5165\u6837\u4f8b: <br /><pre class=\"pddata\"> \u72ec\u7acb\u5b9e\u73b0\u6807\u51c6\u5b57\u7b26\u4e32\u5e93\u7684strcmp\u51fd\u6570\uff0c\u5373\u5b57\u7b26\u4e32\u6bd4\u8f83\u51fd\u6570\uff0c\u4ece\u952e\u76d8\u8f93\u5165\u4e24\u4e2a\u5b57\u7b26\u4e32\uff0c\u6309\u5b57\u5178\u5e8f\u6bd4\u8f83\u5927\u5c0f\uff0c\u524d\u8005\u5927\u4e8e\u540e\u8005\u8f93\u51fa1\uff0c\u524d\u8005\u5c0f\u4e8e\u540e\u8005\u8f93\u51fa-1\uff0c\u4e24\u8005\u76f8\u7b49\u8f93\u51fa0\u3002 </pre>"
    },
    "output_description": {
        "format": "html",
        "value": "<br />\u8f93\u51fa\u63cf\u8ff0: <br /><br /> \u8f93\u51fa\u6837\u4f8b: <br />"
    },
    "test_case_score": [
        {
            "score": 100,
            "input_name": "1.in",
            "output_name": "1.out"
        },
        {
            "score": 100,
            "input_name": "2.in",
            "output_name": "2.out"
        },
        {
            "score": 100,
            "input_name": "3.in",
            "output_name": "3.out"
        }
    ],
    "hint": {
        "format": "html",
        "value": "HINT:\u65f6\u95f4\u9650\u5236\uff1a1.0s  \u5185\u5b58\u9650\u5236\uff1a512.0MB<br />"
    },
    "time_limit": 1000,
    "memory_limit": 512,
    "samples": [
        {
            "input": "\u53c2\u8003\u4e0a\u6587 ",
            "output": "\u53c2\u8003\u4e0a\u6587"
        }
    ],
    "template": {},
    "spj": null,
    "rule_type": "ACM",
    "source": "\u84dd\u6865\u676f\u7ec3\u4e60\u7cfb\u7edf ID: 204 \u539f\u9898\u94fe\u63a5: http://lx.lanqiao.cn/problem.page?gpid=T204",
    "answers": []
}