{
    "display_id": "old1187",
    "title": "\u7b97\u6cd5\u63d0\u9ad8 6-9\u5220\u9664\u6570\u7ec4\u4e2d\u76840\u5143\u7d20",
    "description": {
        "format": "html",
        "value": "<br />\u3000\u3000\u7f16\u5199\u51fd\u6570CompactIntegers\uff0c\u5220\u9664\u6570\u7ec4\u4e2d\u6240\u6709\u503c\u4e3a0\u7684\u5143\u7d20\uff0c\u5176\u540e\u5143\u7d20\u5411\u6570\u7ec4\u9996\u7aef\u79fb\u52a8\u3002\u6ce8\u610f\uff0cCompactIntegers\u51fd\u6570\u9700\u8981\u63a5\u6536\u6570\u7ec4\u53ca\u5176\u5143\u7d20\u4e2a\u6570\u4f5c\u4e3a\u53c2\u6570\uff0c\u51fd\u6570\u8fd4\u56de\u503c\u5e94\u4e3a\u5220\u9664\u64cd\u4f5c\u6267\u884c\u540e\u6570\u7ec4\u7684\u65b0\u5143\u7d20\u4e2a\u6570\u3002<br /> \u3000\u3000\u8f93\u5165\u65f6\u9996\u5148\u8bfb\u5165\u6570\u7ec4\u957f\u5ea6\uff0c\u518d\u4f9d\u6b21\u8bfb\u5165\u6bcf\u4e2a\u5143\u7d20\u3002<br /> \u3000\u3000\u5c06\u8c03\u7528\u6b64\u51fd\u6570\u540e\u5f97\u5230\u7684\u6570\u7ec4\u548c\u51fd\u6570\u8fd4\u56de\u503c\u8f93\u51fa\u3002"
    },
    "tags": [
        "\u84dd\u6865\u676f-\u7b97\u6cd5\u63d0\u9ad8"
    ],
    "input_description": {
        "format": "html",
        "value": "\u8f93\u5165\u63cf\u8ff0:<br /> <br />\u8f93\u5165\u6837\u4f8b: <br />7<br /> 2 0 4 3 0 0 5"
    },
    "output_description": {
        "format": "html",
        "value": "<br />\u8f93\u51fa\u63cf\u8ff0: <br /><br /> \u8f93\u51fa\u6837\u4f8b: <br />2 4 3 5<br /> 4"
    },
    "test_case_score": [
        {
            "score": 100,
            "input_name": "1.in",
            "output_name": "1.out"
        },
        {
            "score": 100,
            "input_name": "2.in",
            "output_name": "2.out"
        },
        {
            "score": 100,
            "input_name": "3.in",
            "output_name": "3.out"
        }
    ],
    "hint": {
        "format": "html",
        "value": "HINT:\u65f6\u95f4\u9650\u5236\uff1a1.0s  \u5185\u5b58\u9650\u5236\uff1a512.0MB<br />"
    },
    "time_limit": 1000,
    "memory_limit": 512,
    "samples": [
        {
            "input": "\u53c2\u8003\u4e0a\u6587 ",
            "output": "\u53c2\u8003\u4e0a\u6587"
        }
    ],
    "template": {},
    "spj": null,
    "rule_type": "ACM",
    "source": "\u84dd\u6865\u676f\u7ec3\u4e60\u7cfb\u7edf ID: 254 \u539f\u9898\u94fe\u63a5: http://lx.lanqiao.cn/problem.page?gpid=T254",
    "answers": []
}