{
    "display_id": "old1033",
    "title": "\u5386\u5c4a\u8bd5\u9898 \u5927\u81e3\u7684\u65c5\u8d39",
    "description": {
        "format": "html",
        "value": "<br />  <p>\u5f88\u4e45\u4ee5\u524d\uff0cT\u738b\u56fd\u7a7a\u524d\u7e41\u8363\u3002\u4e3a\u4e86\u66f4\u597d\u5730\u7ba1\u7406\u56fd\u5bb6\uff0c\u738b\u56fd\u4fee\u5efa\u4e86\u5927\u91cf\u7684\u5feb\u901f\u8def\uff0c\u7528\u4e8e\u8fde\u63a5\u9996\u90fd\u548c\u738b\u56fd\u5185\u7684\u5404\u5927\u57ce\u5e02\u3002</p> <p>\u4e3a\u8282\u7701\u7ecf\u8d39\uff0cT\u56fd\u7684\u5927\u81e3\u4eec\u7ecf\u8fc7\u601d\u8003\uff0c\u5236\u5b9a\u4e86\u4e00\u5957\u4f18\u79c0\u7684\u4fee\u5efa\u65b9\u6848\uff0c\u4f7f\u5f97\u4efb\u4f55\u4e00\u4e2a\u5927\u57ce\u5e02\u90fd\u80fd\u4ece\u9996\u90fd\u76f4\u63a5\u6216\u8005\u901a\u8fc7\u5176\u4ed6\u5927\u57ce\u5e02\u95f4\u63a5\u5230\u8fbe\u3002\u540c\u65f6\uff0c\u5982\u679c\u4e0d\u91cd\u590d\u7ecf\u8fc7\u5927\u57ce\u5e02\uff0c\u4ece\u9996\u90fd\u5230\u8fbe\u6bcf\u4e2a\u5927\u57ce\u5e02\u7684\u65b9\u6848\u90fd\u662f\u552f\u4e00\u7684\u3002</p> <p>J\u662fT\u56fd\u91cd\u8981\u5927\u81e3\uff0c\u4ed6\u5de1\u67e5\u4e8e\u5404\u5927\u57ce\u5e02\u4e4b\u95f4\uff0c\u4f53\u5bdf\u6c11\u60c5\u3002\u6240\u4ee5\uff0c\u4ece\u4e00\u4e2a\u57ce\u5e02\u9a6c\u4e0d\u505c\u8e44\u5730\u5230\u53e6\u4e00\u4e2a\u57ce\u5e02\u6210\u4e86J\u6700\u5e38\u505a\u7684\u4e8b\u60c5\u3002\u4ed6\u6709\u4e00\u4e2a\u94b1\u888b\uff0c\u7528\u4e8e\u5b58\u653e\u5f80\u6765\u57ce\u5e02\u95f4\u7684\u8def\u8d39\u3002</p> <p>\u806a\u660e\u7684J\u53d1\u73b0\uff0c\u5982\u679c\u4e0d\u5728\u67d0\u4e2a\u57ce\u5e02\u505c\u4e0b\u6765\u4fee\u6574\uff0c\u5728\u8fde\u7eed\u884c\u8fdb\u8fc7\u7a0b\u4e2d\uff0c\u4ed6\u6240\u82b1\u7684\u8def\u8d39\u4e0e\u4ed6\u5df2\u8d70\u8fc7\u7684\u8ddd\u79bb\u6709\u5173\uff0c\u5728\u8d70\u7b2cx\u5343\u7c73\u5230\u7b2cx+1\u5343\u7c73\u8fd9\u4e00\u5343\u7c73\u4e2d\uff08x\u662f\u6574\u6570\uff09\uff0c\u4ed6\u82b1\u8d39\u7684\u8def\u8d39\u662fx+10\u8fd9\u4e48\u591a\u3002\u4e5f\u5c31\u662f\u8bf4\u8d701\u5343\u7c73\u82b1\u8d3911\uff0c\u8d702\u5343\u7c73\u8981\u82b1\u8d3923\u3002</p> <p>J\u5927\u81e3\u60f3\u77e5\u9053\uff1a\u4ed6\u4ece\u67d0\u4e00\u4e2a\u57ce\u5e02\u51fa\u53d1\uff0c\u4e2d\u95f4\u4e0d\u4f11\u606f\uff0c\u5230\u8fbe\u53e6\u4e00\u4e2a\u57ce\u5e02\uff0c\u6240\u6709\u53ef\u80fd\u82b1\u8d39\u7684\u8def\u8d39\u4e2d\u6700\u591a\u662f\u591a\u5c11\u5462\uff1f</p>  "
    },
    "tags": [
        "\u84dd\u6865\u676f-\u5386\u5c4a\u8bd5\u9898"
    ],
    "input_description": {
        "format": "html",
        "value": "\u8f93\u5165\u63cf\u8ff0:<br />  <p>\u8f93\u5165\u7684\u7b2c\u4e00\u884c\u5305\u542b\u4e00\u4e2a\u6574\u6570n\uff0c\u8868\u793a\u5305\u62ec\u9996\u90fd\u5728\u5185\u7684T\u738b\u56fd\u7684\u57ce\u5e02\u6570</p> <p>\u57ce\u5e02\u4ece1\u5f00\u59cb\u4f9d\u6b21\u7f16\u53f7\uff0c1\u53f7\u57ce\u5e02\u4e3a\u9996\u90fd\u3002</p> <p>\u63a5\u4e0b\u6765n-1\u884c\uff0c\u63cf\u8ff0T\u56fd\u7684\u9ad8\u901f\u8def\uff08T\u56fd\u7684\u9ad8\u901f\u8def\u4e00\u5b9a\u662fn-1\u6761\uff09</p> <p>\u6bcf\u884c\u4e09\u4e2a\u6574\u6570Pi, Qi, Di\uff0c\u8868\u793a\u57ce\u5e02Pi\u548c\u57ce\u5e02Qi\u4e4b\u95f4\u6709\u4e00\u6761\u9ad8\u901f\u8def\uff0c\u957f\u5ea6\u4e3aDi\u5343\u7c73\u3002</p>   <br />\u8f93\u5165\u6837\u4f8b: <br /> 5<br /> 1 2 2<br /> 1 3 1<br /> 2 4 5<br /> 2 5 4<br /> "
    },
    "output_description": {
        "format": "html",
        "value": "<br />\u8f93\u51fa\u63cf\u8ff0: <br />  <p>\u8f93\u51fa\u4e00\u4e2a\u6574\u6570\uff0c\u8868\u793a\u5927\u81e3J\u6700\u591a\u82b1\u8d39\u7684\u8def\u8d39\u662f\u591a\u5c11\u3002</p>  <br /> \u8f93\u51fa\u6837\u4f8b: <br /> 135 \t"
    },
    "test_case_score": [
        {
            "score": 100,
            "input_name": "1.in",
            "output_name": "1.out"
        },
        {
            "score": 100,
            "input_name": "2.in",
            "output_name": "2.out"
        },
        {
            "score": 100,
            "input_name": "3.in",
            "output_name": "3.out"
        },
        {
            "score": 100,
            "input_name": "4.in",
            "output_name": "4.out"
        }
    ],
    "hint": {
        "format": "html",
        "value": "HINT:\u65f6\u95f4\u9650\u5236\uff1a1.0s  \u5185\u5b58\u9650\u5236\uff1a256.0MB<br />  <p>\u5927\u81e3J\u4ece\u57ce\u5e024\u5230\u57ce\u5e025\u8981\u82b1\u8d39135\u7684\u8def\u8d39\u3002</p>  "
    },
    "time_limit": 1000,
    "memory_limit": 512,
    "samples": [
        {
            "input": "\u53c2\u8003\u4e0a\u6587 ",
            "output": "\u53c2\u8003\u4e0a\u6587"
        }
    ],
    "template": {},
    "spj": null,
    "rule_type": "ACM",
    "source": "\u84dd\u6865\u676f\u7ec3\u4e60\u7cfb\u7edf ID: 32 \u539f\u9898\u94fe\u63a5: http://lx.lanqiao.cn/problem.page?gpid=T32",
    "answers": []
}