{
    "display_id": "old1172",
    "title": "\u7b97\u6cd5\u63d0\u9ad8 Quadratic Equation",
    "description": {
        "format": "html",
        "value": "<br />\u3000\u3000\u6c42\u89e3\u65b9\u7a0bax<sup>2</sup>+bx+c=0\u7684\u6839\u3002\u8981\u6c42a, b, c\u7531\u7528\u6237\u8f93\u5165\uff0c\u5e76\u4e14\u53ef\u4ee5\u4e3a\u4efb\u610f\u5b9e\u6570\u3002<br /> \u3000\u3000\u8f93\u5165\u683c\u5f0f\uff1a\u8f93\u5165\u53ea\u6709\u4e00\u884c\uff0c\u5305\u62ec\u4e09\u4e2a\u7cfb\u6570\uff0c\u4e4b\u95f4\u7528\u7a7a\u683c\u683c\u5f00\u3002<br /> \u3000\u3000\u8f93\u51fa\u683c\u5f0f\uff1a\u8f93\u51fa\u53ea\u6709\u4e00\u884c\uff0c\u5305\u62ec\u4e24\u4e2a\u6839\uff0c\u5927\u6839\u5728\u524d\uff0c\u5c0f\u6839\u5728\u540e\uff0c\u65e0\u9700\u8003\u8651\u7279\u6b8a\u60c5\u51b5\uff0c\u4fdd\u7559\u5c0f\u6570\u70b9\u540e\u4e24\u4f4d\u3002<br /> \u3000\u3000\u8f93\u5165\u8f93\u51fa\u6837\u4f8b"
    },
    "tags": [
        "\u84dd\u6865\u676f-\u7b97\u6cd5\u63d0\u9ad8"
    ],
    "input_description": {
        "format": "html",
        "value": "\u8f93\u5165\u63cf\u8ff0:<br /> <br />\u8f93\u5165\u6837\u4f8b: <br />2.5 7.5 1.0"
    },
    "output_description": {
        "format": "html",
        "value": "<br />\u8f93\u51fa\u63cf\u8ff0: <br /><br /> \u8f93\u51fa\u6837\u4f8b: <br />-0.14 -2.86"
    },
    "test_case_score": [
        {
            "score": 100,
            "input_name": "1.in",
            "output_name": "1.out"
        },
        {
            "score": 100,
            "input_name": "2.in",
            "output_name": "2.out"
        },
        {
            "score": 100,
            "input_name": "3.in",
            "output_name": "3.out"
        },
        {
            "score": 100,
            "input_name": "4.in",
            "output_name": "4.out"
        },
        {
            "score": 100,
            "input_name": "5.in",
            "output_name": "5.out"
        },
        {
            "score": 100,
            "input_name": "6.in",
            "output_name": "6.out"
        },
        {
            "score": 100,
            "input_name": "7.in",
            "output_name": "7.out"
        },
        {
            "score": 100,
            "input_name": "8.in",
            "output_name": "8.out"
        },
        {
            "score": 100,
            "input_name": "9.in",
            "output_name": "9.out"
        },
        {
            "score": 100,
            "input_name": "10.in",
            "output_name": "10.out"
        }
    ],
    "hint": {
        "format": "html",
        "value": "HINT:\u65f6\u95f4\u9650\u5236\uff1a1.0s  \u5185\u5b58\u9650\u5236\uff1a512.0MB<br />"
    },
    "time_limit": 1000,
    "memory_limit": 512,
    "samples": [
        {
            "input": "\u53c2\u8003\u4e0a\u6587 ",
            "output": "\u53c2\u8003\u4e0a\u6587"
        }
    ],
    "template": {},
    "spj": null,
    "rule_type": "ACM",
    "source": "\u84dd\u6865\u676f\u7ec3\u4e60\u7cfb\u7edf ID: 234 \u539f\u9898\u94fe\u63a5: http://lx.lanqiao.cn/problem.page?gpid=T234",
    "answers": []
}