{
    "display_id": "old1241",
    "title": "\u7b97\u6cd5\u63d0\u9ad8 \u6dd8\u6dd8\u7684\u540d\u5355",
    "description": {
        "format": "html",
        "value": "<br />\u3000\u3000by ZBY... :) \u6dd8\u6dd8\u62ff\u5230\u4e86\u4e00\u4efd\u540d\u5355\uff0c\u4ed6\u60f3\u5bf9\u4e0a\u9762\u7684\u540d\u5b57\u8fdb\u884c\u5904\u7406\uff0c\u6311\u51fa\u4e00\u4e9b\u7279\u6b8a\u7684\u540d\u5b57\uff0c\u4ed6\u8bf7\u4f60\u6765\u5e2e\u5fd9\u3002<br /> \u3000\u3000\u6dd8\u6dd8\u5173\u6ce8\u4ee5\u4e0b\u540d\u5b57\uff1a<br /> \u3000\u3000\u5982\u679c\u8fd9\u4e2a\u540d\u5b57\u662f\u201cWYS\u201d\uff0c\u4ed6\u5e0c\u671b\u4f60\u7684\u7a0b\u5e8f\u8f93\u51fa\u201cKXZSMR\u201d\u3002<br /> \u3000\u3000\u5982\u679c\u8fd9\u4e2a\u540d\u5b57\u662f\u201cCQ\u201d\uff0c\u4ed6\u5e0c\u671b\u4f60\u7684\u7a0b\u5e8f\u8f93\u51fa\u201cCHAIQIANG\u201d\u3002<br /> \u3000\u3000\u5982\u679c\u8fd9\u4e2a\u540d\u5b57\u662f\u201cLC\u201c\uff0c\u4ed6\u5e0c\u671b\u4f60\u7684\u7a0b\u5e8f\u8f93\u51fa\u201cDRAGONNET\u201d\u3002<br /> \u3000\u3000\u5982\u679c\u8fd9\u4e2a\u540d\u5b57\u662f\u201cSYT\u201d\u6216\u201cSSD\u201d\u6216\u201cLSS\u201d\u6216\u201cLYF\u201d\uff0c\u4ed6\u5e0c\u671b\u4f60\u7684\u7a0b\u5e8f\u8f93\u51fa\u201cSTUDYFATHER\u201d\u3002<br /> \u3000\u3000\u5982\u679c\u8fd9\u4e2a\u540d\u5b57\u4e0e\u4e0a\u8ff0\u4efb\u610f\u540d\u5b57\u90fd\u4e0d\u76f8\u540c\uff0c\u4ed6\u5e0c\u671b\u4f60\u7684\u7a0b\u5e8f\u8f93\u51fa\u201cDENOMINATOR\u201d\u3002"
    },
    "tags": [
        "\u84dd\u6865\u676f-\u7b97\u6cd5\u63d0\u9ad8"
    ],
    "input_description": {
        "format": "html",
        "value": "\u8f93\u5165\u63cf\u8ff0:<br />\u3000\u3000\u7b2c\u4e00\u884c\u6709\u4e00\u4e2a\u6574\u6570N\uff0c\u8868\u793a\u6dd8\u6dd8\u624b\u4e2d\u540d\u5355\u91cc\u7684\u4eba\u6570\u3002<br /> \u3000\u3000\u63a5\u4e0b\u6765N\u884c\uff0c\u6bcf\u884c\u6709\u4e00\u4e2a\u5b57\u7b26\u4e32\uff0c\u5373\u540d\u5355\u91cc\u7684\u4eba\u540d\u3002 <br />\u8f93\u5165\u6837\u4f8b: <br />9<br /> WYS<br /> CQ<br /> WYS<br /> LC<br /> SYT<br /> SSD<br /> LSS<br /> LYF<br /> ZBY"
    },
    "output_description": {
        "format": "html",
        "value": "<br />\u8f93\u51fa\u63cf\u8ff0: <br />\u3000\u3000\u8f93\u51faN\u884c\uff0c\u6bcf\u884c\u8f93\u51fa\u6bcf\u4e2a\u4eba\u540d\u7684\u5224\u65ad\u7ed3\u679c\u3002<br /> \u8f93\u51fa\u6837\u4f8b: <br />KXZSMR<br /> CHAIQIANG<br /> KXZSMR<br /> DRAGONNET<br /> STUDYFATHER<br /> STUDYFATHER<br /> STUDYFATHER<br /> STUDYFATHER<br /> DENOMINATOR"
    },
    "test_case_score": [
        {
            "score": 100,
            "input_name": "1.in",
            "output_name": "1.out"
        },
        {
            "score": 100,
            "input_name": "2.in",
            "output_name": "2.out"
        },
        {
            "score": 100,
            "input_name": "3.in",
            "output_name": "3.out"
        },
        {
            "score": 100,
            "input_name": "4.in",
            "output_name": "4.out"
        },
        {
            "score": 100,
            "input_name": "5.in",
            "output_name": "5.out"
        },
        {
            "score": 100,
            "input_name": "6.in",
            "output_name": "6.out"
        },
        {
            "score": 100,
            "input_name": "7.in",
            "output_name": "7.out"
        },
        {
            "score": 100,
            "input_name": "8.in",
            "output_name": "8.out"
        },
        {
            "score": 100,
            "input_name": "9.in",
            "output_name": "9.out"
        },
        {
            "score": 100,
            "input_name": "10.in",
            "output_name": "10.out"
        },
        {
            "score": 100,
            "input_name": "11.in",
            "output_name": "11.out"
        },
        {
            "score": 100,
            "input_name": "12.in",
            "output_name": "12.out"
        },
        {
            "score": 100,
            "input_name": "13.in",
            "output_name": "13.out"
        },
        {
            "score": 100,
            "input_name": "14.in",
            "output_name": "14.out"
        },
        {
            "score": 100,
            "input_name": "15.in",
            "output_name": "15.out"
        },
        {
            "score": 100,
            "input_name": "16.in",
            "output_name": "16.out"
        },
        {
            "score": 100,
            "input_name": "17.in",
            "output_name": "17.out"
        },
        {
            "score": 100,
            "input_name": "18.in",
            "output_name": "18.out"
        },
        {
            "score": 100,
            "input_name": "19.in",
            "output_name": "19.out"
        },
        {
            "score": 100,
            "input_name": "20.in",
            "output_name": "20.out"
        }
    ],
    "hint": {
        "format": "html",
        "value": "HINT:\u65f6\u95f4\u9650\u5236\uff1a100ms  \u5185\u5b58\u9650\u5236\uff1a8.0MB<br />\u3000\u3000\u5bf9\u4e8e 50% \u6570\u636e\uff0cN &lt;= 1000\uff0c\u4e14\u540d\u5355\u4e2d\u7684\u540d\u5b57\u4ec5\u53ef\u80fd\u4e3a\u201cWYS\u201d,\u201cCQ\u201d,\u201cLC\u201d\u4e09\u8005\u4e4b\u4e00\uff0c\u6ca1\u6709\u5176\u4ed6\u7684\u540d\u5b57\u3002<br /> \u3000\u3000\u5bf9\u4e8e 100% \u6570\u636e\uff0cN &lt;= 10000\uff0c\u4eba\u540d\u4ec5\u7531\u5927\u5199\u5b57\u6bcd\u7ec4\u6210\uff0c\u957f\u5ea6\u4e0d\u8d85\u8fc75\u3002"
    },
    "time_limit": 1000,
    "memory_limit": 512,
    "samples": [
        {
            "input": "\u53c2\u8003\u4e0a\u6587 ",
            "output": "\u53c2\u8003\u4e0a\u6587"
        }
    ],
    "template": {},
    "spj": null,
    "rule_type": "ACM",
    "source": "\u84dd\u6865\u676f\u7ec3\u4e60\u7cfb\u7edf ID: 327 \u539f\u9898\u94fe\u63a5: http://lx.lanqiao.cn/problem.page?gpid=T327",
    "answers": []
}