{
    "display_id": "old1083",
    "title": "\u7b97\u6cd5\u8bad\u7ec3 \u6c42\u5148\u5e8f\u6392\u5217",
    "description": {
        "format": "html",
        "value": "<br /><b>\u95ee\u9898\u63cf\u8ff0</b><br /> \u3000\u3000\u7ed9\u51fa\u4e00\u68f5\u4e8c\u53c9\u6811\u7684\u4e2d\u5e8f\u4e0e\u540e\u5e8f\u6392\u5217\u3002\u6c42\u51fa\u5b83\u7684\u5148\u5e8f\u6392\u5217\u3002\uff08\u7ea6\u5b9a\u6811\u7ed3\u70b9\u7528\u4e0d\u540c\u7684\u5927\u5199\u5b57\u6bcd\u8868\u793a\uff0c\u957f\u5ea6&lt;=8\uff09\u3002"
    },
    "tags": [
        "\u84dd\u6865\u676f-\u7b97\u6cd5\u8bad\u7ec3"
    ],
    "input_description": {
        "format": "html",
        "value": "\u8f93\u5165\u63cf\u8ff0:<br />\u3000\u3000\u4e24\u884c\uff0c\u6bcf\u884c\u4e00\u4e2a\u5b57\u7b26\u4e32\uff0c\u5206\u522b\u8868\u793a\u4e2d\u5e8f\u548c\u540e\u5e8f\u6392\u5217 <br />\u8f93\u5165\u6837\u4f8b: <br />ABCD"
    },
    "output_description": {
        "format": "html",
        "value": "<br />\u8f93\u51fa\u63cf\u8ff0: <br />\u3000\u3000\u4e00\u4e2a\u5b57\u7b26\u4e32\uff0c\u8868\u793a\u6240\u6c42\u5148\u5e8f\u6392\u5217<br /> <br /> \u3000\u3000<b>\u6837\u4f8b</b>\u8f93\u5165<br /> \u3000\u3000BADC<br /> \u3000\u3000BDCA<br /> \u8f93\u51fa\u6837\u4f8b: <br />"
    },
    "test_case_score": [
        {
            "score": 100,
            "input_name": "1.in",
            "output_name": "1.out"
        },
        {
            "score": 100,
            "input_name": "2.in",
            "output_name": "2.out"
        },
        {
            "score": 100,
            "input_name": "3.in",
            "output_name": "3.out"
        },
        {
            "score": 100,
            "input_name": "4.in",
            "output_name": "4.out"
        },
        {
            "score": 100,
            "input_name": "5.in",
            "output_name": "5.out"
        }
    ],
    "hint": {
        "format": "html",
        "value": "HINT:\u65f6\u95f4\u9650\u5236\uff1a1.0s  \u5185\u5b58\u9650\u5236\uff1a256.0MB<br />"
    },
    "time_limit": 1000,
    "memory_limit": 512,
    "samples": [
        {
            "input": "\u53c2\u8003\u4e0a\u6587 ",
            "output": "\u53c2\u8003\u4e0a\u6587"
        }
    ],
    "template": {},
    "spj": null,
    "rule_type": "ACM",
    "source": "\u84dd\u6865\u676f\u7ec3\u4e60\u7cfb\u7edf ID: 82 \u539f\u9898\u94fe\u63a5: http://lx.lanqiao.cn/problem.page?gpid=T82",
    "answers": []
}