{
    "display_id": "old1093",
    "title": "\u7b97\u6cd5\u8bad\u7ec3 \u5165\u5b66\u8003\u8bd5",
    "description": {
        "format": "html",
        "value": "<br />\u3000\u3000\u8fb0\u8fb0\u662f\u4e2a\u5929\u8d44\u806a\u9896\u7684\u5b69\u5b50\uff0c\u4ed6\u7684\u68a6\u60f3\u662f\u6210\u4e3a\u4e16\u754c\u4e0a\u6700\u4f1f\u5927\u7684\u533b\u5e08\u3002\u4e3a\u6b64\uff0c\u4ed6\u60f3\u62dc\u9644\u8fd1\u6700\u6709\u5a01\u671b\u7684\u533b\u5e08\u4e3a\u5e08\u3002\u533b\u5e08\u4e3a\u4e86\u5224\u65ad\u4ed6\u7684\u8d44\u8d28\uff0c\u7ed9\u4ed6\u51fa\u4e86\u4e00\u4e2a\u96be\u9898\u3002\u533b\u5e08\u628a\u4ed6\u5e26\u5230\u4e00\u4e2a\u5230\u5904\u90fd\u662f\u8349\u836f\u7684\u5c71\u6d1e\u91cc\u5bf9\u4ed6\u8bf4\uff1a\u201c\u5b69\u5b50\uff0c\u8fd9\u4e2a\u5c71\u6d1e\u91cc\u6709\u4e00\u4e9b\u4e0d\u540c\u7684\u8349\u836f\uff0c\u91c7\u6bcf\u4e00\u682a\u90fd\u9700\u8981\u4e00\u4e9b\u65f6\u95f4\uff0c\u6bcf\u4e00\u682a\u4e5f\u6709\u5b83\u81ea\u8eab\u7684\u4ef7\u503c\u3002\u6211\u4f1a\u7ed9\u4f60\u4e00\u6bb5\u65f6\u95f4\uff0c\u5728\u8fd9\u6bb5\u65f6\u95f4\u91cc\uff0c\u4f60\u53ef\u4ee5\u91c7\u5230\u4e00\u4e9b\u8349\u836f\u3002\u5982\u679c\u4f60\u662f\u4e00\u4e2a\u806a\u660e\u7684\u5b69\u5b50\uff0c\u4f60\u5e94\u8be5\u53ef\u4ee5\u8ba9\u91c7\u5230\u7684\u8349\u836f\u7684\u603b\u4ef7\u503c\u6700\u5927\u3002\u201d<br /> \u3000\u3000\u5982\u679c\u4f60\u662f\u8fb0\u8fb0\uff0c\u4f60\u80fd\u5b8c\u6210\u8fd9\u4e2a\u4efb\u52a1\u5417\uff1f"
    },
    "tags": [
        "\u84dd\u6865\u676f-\u7b97\u6cd5\u8bad\u7ec3"
    ],
    "input_description": {
        "format": "html",
        "value": "\u8f93\u5165\u63cf\u8ff0:<br />\u3000\u3000\u7b2c\u4e00\u884c\u6709\u4e24\u4e2a\u6574\u6570T\uff081  &lt;= T &lt;= 1000\uff09\u548cM\uff081  &lt;= M &lt;= 100\uff09\uff0c\u7528\u4e00\u4e2a\u7a7a\u683c\u9694\u5f00\uff0cT\u4ee3\u8868\u603b\u5171\u80fd\u591f\u7528\u6765\u91c7\u836f\u7684\u65f6\u95f4\uff0cM\u4ee3\u8868\u5c71\u6d1e\u91cc\u7684\u8349\u836f\u7684\u6570\u76ee\u3002\u63a5\u4e0b\u6765\u7684M\u884c\u6bcf\u884c\u5305\u62ec\u4e24\u4e2a\u57281\u5230100\u4e4b\u95f4\uff08\u5305\u62ec1\u548c100\uff09\u7684\u6574\u6570\uff0c\u5206\u522b\u8868\u793a\u91c7\u6458\u67d0\u682a\u8349\u836f\u7684\u65f6\u95f4\u548c\u8fd9\u682a\u8349\u836f\u7684\u4ef7\u503c\u3002 <br />\u8f93\u5165\u6837\u4f8b: <br />70 3<br /> 71 100<br /> 69 1<br /> 1 2"
    },
    "output_description": {
        "format": "html",
        "value": "<br />\u8f93\u51fa\u63cf\u8ff0: <br />\u3000\u3000\u5305\u62ec\u4e00\u884c\uff0c\u8fd9\u4e00\u884c\u53ea\u5305\u542b\u4e00\u4e2a\u6574\u6570\uff0c\u8868\u793a\u5728\u89c4\u5b9a\u7684\u65f6\u95f4\u5185\uff0c\u53ef\u4ee5\u91c7\u5230\u7684\u8349\u836f\u7684\u6700\u5927\u603b\u4ef7\u503c\u3002<br /> \u8f93\u51fa\u6837\u4f8b: <br />3"
    },
    "test_case_score": [
        {
            "score": 100,
            "input_name": "1.in",
            "output_name": "1.out"
        },
        {
            "score": 100,
            "input_name": "2.in",
            "output_name": "2.out"
        },
        {
            "score": 100,
            "input_name": "3.in",
            "output_name": "3.out"
        },
        {
            "score": 100,
            "input_name": "4.in",
            "output_name": "4.out"
        },
        {
            "score": 100,
            "input_name": "5.in",
            "output_name": "5.out"
        },
        {
            "score": 100,
            "input_name": "6.in",
            "output_name": "6.out"
        },
        {
            "score": 100,
            "input_name": "7.in",
            "output_name": "7.out"
        },
        {
            "score": 100,
            "input_name": "8.in",
            "output_name": "8.out"
        },
        {
            "score": 100,
            "input_name": "9.in",
            "output_name": "9.out"
        },
        {
            "score": 100,
            "input_name": "10.in",
            "output_name": "10.out"
        }
    ],
    "hint": {
        "format": "html",
        "value": "HINT:\u65f6\u95f4\u9650\u5236\uff1a1.0s  \u5185\u5b58\u9650\u5236\uff1a256.0MB<br />\u3000\u3000\u5bf9\u4e8e30%\u7684\u6570\u636e\uff0cM  &lt;= 10\uff1b<br /> \u3000\u3000\u5bf9\u4e8e\u5168\u90e8\u7684\u6570\u636e\uff0cM  &lt;= 100\u3002"
    },
    "time_limit": 1000,
    "memory_limit": 512,
    "samples": [
        {
            "input": "\u53c2\u8003\u4e0a\u6587 ",
            "output": "\u53c2\u8003\u4e0a\u6587"
        }
    ],
    "template": {},
    "spj": null,
    "rule_type": "ACM",
    "source": "\u84dd\u6865\u676f\u7ec3\u4e60\u7cfb\u7edf ID: 92 \u539f\u9898\u94fe\u63a5: http://lx.lanqiao.cn/problem.page?gpid=T92",
    "answers": []
}