{
    "display_id": "old1195",
    "title": "\u7b97\u6cd5\u63d0\u9ad8 \u626b\u96f7",
    "description": {
        "format": "html",
        "value": "<br />\u3000\u3000\u626b\u96f7\u6e38\u620f\u4f60\u4e00\u5b9a\u73a9\u8fc7\u5427\uff01\u73b0\u5728\u7ed9\u4f60\u82e5\u5e72\u4e2an\u00d7m\u7684\u5730\u96f7\u9635\uff0c\u8bf7\u4f60\u8ba1\u7b97\u51fa\u6bcf\u4e2a\u77e9\u9635\u4e2d\u6bcf\u4e2a\u5355\u5143\u683c\u76f8\u90bb\u5355\u5143\u683c\u5185\u5730\u96f7\u7684\u4e2a\u6570\uff0c\u6bcf\u4e2a\u5355\u5143\u683c\u6700\u591a\u67098\u4e2a\u76f8\u90bb\u7684\u5355\u5143\u683c\u3002 0&lt;n,m&lt;=100"
    },
    "tags": [
        "\u84dd\u6865\u676f-\u7b97\u6cd5\u63d0\u9ad8"
    ],
    "input_description": {
        "format": "html",
        "value": "\u8f93\u5165\u63cf\u8ff0:<br />\u3000\u3000\u8f93\u5165\u5305\u542b\u82e5\u5e72\u4e2a\u77e9\u9635\uff0c\u5bf9\u4e8e\u6bcf\u4e2a\u77e9\u9635\uff0c\u7b2c\u4e00\u884c\u5305\u542b\u4e24\u4e2a\u6574\u6570n\u548cm\uff0c\u5206\u522b\u8868\u793a\u8fd9\u4e2a\u77e9\u9635\u7684\u884c\u6570\u548c\u5217\u6570\u3002\u63a5\u4e0b\u6765n\u884c\u6bcf\u884c\u5305\u542bm\u4e2a\u5b57\u7b26\u3002\u5b89\u5168\u533a\u57df\u7528\u2018.\u2019\u8868\u793a\uff0c\u6709\u5730\u96f7\u533a\u57df\u7528&#039;*&#039;\u8868\u793a\u3002\u5f53n=m=0\u65f6\u8f93\u5165\u7ed3\u675f\u3002 <br />\u8f93\u5165\u6837\u4f8b: <br />4 4<br /> *...<br /> ....<br /> .*..<br /> ....<br /> 3 5<br /> **...<br /> .....<br /> .*...<br /> 0 0"
    },
    "output_description": {
        "format": "html",
        "value": "<br />\u8f93\u51fa\u63cf\u8ff0: <br />\u3000\u3000\u5bf9\u4e8e\u7b2ci\u4e2a\u77e9\u9635\uff0c\u9996\u5148\u5728\u5355\u72ec\u7684\u4e00\u884c\u91cc\u6253\u5370\u5e8f\u53f7\uff1a\u201cField #i:\u201d,\u63a5\u4e0b\u6765\u7684n\u884c\u4e2d\uff0c\u8bfb\u5165\u7684&#039;.&#039;\u5e94\u88ab\u8be5\u4f4d\u7f6e\u5468\u56f4\u7684\u5730\u96f7\u6570\u6240\u4ee3\u66ff\u3002\u8f93\u51fa\u7684\u6bcf\u4e24\u4e2a\u77e9\u9635\u5fc5\u987b\u7528\u4e00\u4e2a\u7a7a\u884c\u9694\u5f00\u3002<br /> \u8f93\u51fa\u6837\u4f8b: <br />Field #1:<br /> *100<br /> 2210<br /> 1*10<br /> 1110<br /> <br /> Field #2:<br /> **100<br /> 33200<br /> 1*100<br /> \uff08\u6ce8\u610f\u4e24\u4e2a\u77e9\u9635\u4e4b\u95f4\u5e94\u8be5\u6709\u4e00\u4e2a\u7a7a\u884c\uff0c\u7531\u4e8eoj\u7684\u683c\u5f0f\u5316\u8fd9\u91cc\u4e0d\u80fd\u663e\u793a\u51fa\u6765\uff09"
    },
    "test_case_score": [
        {
            "score": 100,
            "input_name": "1.in",
            "output_name": "1.out"
        },
        {
            "score": 100,
            "input_name": "2.in",
            "output_name": "2.out"
        },
        {
            "score": 100,
            "input_name": "3.in",
            "output_name": "3.out"
        },
        {
            "score": 100,
            "input_name": "4.in",
            "output_name": "4.out"
        },
        {
            "score": 100,
            "input_name": "5.in",
            "output_name": "5.out"
        }
    ],
    "hint": {
        "format": "html",
        "value": "HINT:\u65f6\u95f4\u9650\u5236\uff1a1.0s  \u5185\u5b58\u9650\u5236\uff1a256.0MB<br />\u3000\u30000&lt;n,m&lt;=100"
    },
    "time_limit": 1000,
    "memory_limit": 512,
    "samples": [
        {
            "input": "\u53c2\u8003\u4e0a\u6587 ",
            "output": "\u53c2\u8003\u4e0a\u6587"
        }
    ],
    "template": {},
    "spj": null,
    "rule_type": "ACM",
    "source": "\u84dd\u6865\u676f\u7ec3\u4e60\u7cfb\u7edf ID: 264 \u539f\u9898\u94fe\u63a5: http://lx.lanqiao.cn/problem.page?gpid=T264",
    "answers": []
}