{
    "display_id": "old1040",
    "title": "\u5386\u5c4a\u8bd5\u9898 \u519c\u573a\u9633\u5149",
    "description": {
        "format": "html",
        "value": "<br />\u3000\u3000X\u661f\u7403\u5341\u5206\u7279\u6b8a\uff0c\u5b83\u7684\u81ea\u8f6c\u901f\u5ea6\u4e0e\u516c\u8f6c\u901f\u5ea6\u76f8\u540c\uff0c\u6240\u4ee5\u9633\u5149\u603b\u662f\u4ee5\u56fa\u5b9a\u7684\u89d2\u5ea6\u7167\u5c04\u3002<br /> \u3000\u3000\u6700\u8fd1\uff0cX\u661f\u7403\u4e3a\u53d1\u5c55\u661f\u9645\u65c5\u6e38\u4e1a\uff0c\u628a\u7a7a\u95f4\u4f4d\u7f6e\u51fa\u79df\u7ed9Y\u56fd\u6e38\u5ba2\u6765\u6652\u592a\u9633\u3002\u6bcf\u4e2a\u79df\u4f4d\u662f\u6f02\u6d6e\u5728\u7a7a\u4e2d\u7684\u5706\u76d8\u5f62\u5f69\u4e91\uff08\u5706\u76d8\u4e0e\u5730\u9762\u5e73\u884c\uff09\u3002\u5f53\u7136\uff0c\u8fd9\u4f1a\u906e\u6321\u4f4f\u90e8\u5206\u9633\u5149\uff0c\u88ab\u906e\u6321\u7684\u571f\u5730\u690d\u7269\u65e0\u6cd5\u751f\u957f\u3002<br /> \u3000\u3000\u672c\u9898\u7684\u4efb\u52a1\u662f\u8ba1\u7b97\u67d0\u4e2a\u519c\u573a\u5b9c\u4e8e\u4f5c\u7269\u751f\u957f\u7684\u571f\u5730\u9762\u79ef\u6709\u591a\u5927\u3002"
    },
    "tags": [
        "\u84dd\u6865\u676f-\u5386\u5c4a\u8bd5\u9898"
    ],
    "input_description": {
        "format": "html",
        "value": "\u8f93\u5165\u63cf\u8ff0:<br />\u3000\u3000\u8f93\u5165\u6570\u636e\u7684\u7b2c\u4e00\u884c\u5305\u542b\u4e24\u4e2a\u6574\u6570a, b\uff0c\u8868\u793a\u67d0\u519c\u573a\u7684\u957f\u548c\u5bbd\u5206\u522b\u662fa\u548cb\uff0c\u6b64\u65f6\uff0c\u8be5\u519c\u573a\u7684\u8303\u56f4\u662f\u7531\u5750\u6807(0, 0, 0), (a, 0, 0), (a, b, 0), (0, b, 0)\u56f4\u6210\u7684\u77e9\u5f62\u533a\u57df\u3002<br /> \u3000\u3000\u7b2c\u4e8c\u884c\u5305\u542b\u4e00\u4e2a\u5b9e\u6570g\uff0c\u8868\u793a\u9633\u5149\u7167\u5c04\u7684\u89d2\u5ea6\u3002\u7b80\u5355\u8d77\u89c1\uff0c\u6211\u4eec\u5047\u8bbe\u9633\u5149\u5149\u7ebf\u662f\u5782\u76f4\u4e8e\u519c\u573a\u7684\u5bbd\u7684\uff0c\u6b64\u65f6\u6b63\u597d\u548c\u519c\u573a\u7684\u957f\u7684\u5939\u89d2\u662fg\u5ea6\uff0c\u6b64\u65f6\uff0c\u7a7a\u95f4\u4e2d\u7684\u4e00\u70b9(x, y, z)\u5728\u5730\u9762\u7684\u6295\u5f71\u70b9\u5e94\u8be5\u662f(x + z * ctg(g\u5ea6), y, 0)\uff0c\u5176\u4e2dctg(g\u5ea6)\u8868\u793ag\u5ea6\u5bf9\u5e94\u7684\u4f59\u5207\u503c\u3002<br /> \u3000\u3000\u7b2c\u4e09\u884c\u5305\u542b\u4e00\u4e2a\u975e\u8d1f\u6574\u6570n\uff0c\u8868\u793a\u7a7a\u4e2d\u79df\u4f4d\u4e2a\u6570\u3002<br /> \u3000\u3000\u63a5\u4e0b\u6765 n \u884c\uff0c\u63cf\u8ff0\u6bcf\u4e2a\u79df\u4f4d\u3002\u5176\u4e2d\u7b2ci\u884c\u5305\u542b4\u4e2a\u6574\u6570xi, yi, zi, ri\uff0c\u8868\u793a\u7b2ci\u4e2a\u79df\u4f4d\u5f69\u4e91\u7684\u5706\u5fc3\u5728(xi, yi, zi)\u4f4d\u7f6e\uff0c\u5706\u534a\u5f84\u4e3ari\u3002 <br />\u8f93\u5165\u6837\u4f8b: <br />10 10<br /> 90.0<br /> 1<br /> 5 5 10 5"
    },
    "output_description": {
        "format": "html",
        "value": "<br />\u8f93\u51fa\u63cf\u8ff0: <br />\u3000\u3000\u8981\u6c42\u8f93\u51fa\u4e00\u4e2a\u5b9e\u6570\uff0c\u56db\u820d\u4e94\u5165\u4fdd\u7559\u4e24\u4f4d\u6709\u6548\u6570\u5b57\uff0c\u8868\u793a\u519c\u573a\u91cc\u80fd\u957f\u5e84\u7a3c\u7684\u571f\u5730\u7684\u9762\u79ef\u3002<br /> \u8f93\u51fa\u6837\u4f8b: <br />21.46"
    },
    "test_case_score": [
        {
            "score": 100,
            "input_name": "1.in",
            "output_name": "1.out"
        },
        {
            "score": 100,
            "input_name": "2.in",
            "output_name": "2.out"
        },
        {
            "score": 100,
            "input_name": "3.in",
            "output_name": "3.out"
        },
        {
            "score": 100,
            "input_name": "4.in",
            "output_name": "4.out"
        },
        {
            "score": 100,
            "input_name": "5.in",
            "output_name": "5.out"
        },
        {
            "score": 100,
            "input_name": "6.in",
            "output_name": "6.out"
        },
        {
            "score": 100,
            "input_name": "7.in",
            "output_name": "7.out"
        },
        {
            "score": 100,
            "input_name": "8.in",
            "output_name": "8.out"
        },
        {
            "score": 100,
            "input_name": "9.in",
            "output_name": "9.out"
        }
    ],
    "hint": {
        "format": "html",
        "value": "HINT:\u65f6\u95f4\u9650\u5236\uff1a1.0s  \u5185\u5b58\u9650\u5236\uff1a256.0MB<br />"
    },
    "time_limit": 1000,
    "memory_limit": 512,
    "samples": [
        {
            "input": "\u53c2\u8003\u4e0a\u6587 ",
            "output": "\u53c2\u8003\u4e0a\u6587"
        }
    ],
    "template": {},
    "spj": null,
    "rule_type": "ACM",
    "source": "\u84dd\u6865\u676f\u7ec3\u4e60\u7cfb\u7edf ID: 39 \u539f\u9898\u94fe\u63a5: http://lx.lanqiao.cn/problem.page?gpid=T39",
    "answers": []
}