{
    "display_id": "old1255",
    "title": "\u7b97\u6cd5\u63d0\u9ad8 \u7d20\u6570\u6c42\u548c",
    "description": {
        "format": "html",
        "value": "<br />\u3000\u3000\ufeff\u8f93\u5165\u4e00\u4e2a\u81ea\u7136\u6570n\uff0c\u6c42\u5c0f\u4e8e\u7b49\u4e8en\u7684\u7d20\u6570\u4e4b\u548c"
    },
    "tags": [
        "\u84dd\u6865\u676f-\u7b97\u6cd5\u63d0\u9ad8"
    ],
    "input_description": {
        "format": "html",
        "value": "\u8f93\u5165\u63cf\u8ff0:<br />\u3000\u3000\u6d4b\u8bd5\u6837\u4f8b\u4fdd\u8bc1 2 &lt;= n &lt;= 2,000,000 <br />\u8f93\u5165\u6837\u4f8b: <br />2"
    },
    "output_description": {
        "format": "html",
        "value": "<br />\u8f93\u51fa\u63cf\u8ff0: <br /><br /> \u8f93\u51fa\u6837\u4f8b: <br />2"
    },
    "test_case_score": [
        {
            "score": 100,
            "input_name": "1.in",
            "output_name": "1.out"
        },
        {
            "score": 100,
            "input_name": "2.in",
            "output_name": "2.out"
        },
        {
            "score": 100,
            "input_name": "3.in",
            "output_name": "3.out"
        },
        {
            "score": 100,
            "input_name": "4.in",
            "output_name": "4.out"
        },
        {
            "score": 100,
            "input_name": "5.in",
            "output_name": "5.out"
        }
    ],
    "hint": {
        "format": "html",
        "value": "HINT:\u65f6\u95f4\u9650\u5236\uff1a1.0s  \u5185\u5b58\u9650\u5236\uff1a256.0MB<br />"
    },
    "time_limit": 1000,
    "memory_limit": 512,
    "samples": [
        {
            "input": "\u53c2\u8003\u4e0a\u6587 ",
            "output": "\u53c2\u8003\u4e0a\u6587"
        }
    ],
    "template": {},
    "spj": null,
    "rule_type": "ACM",
    "source": "\u84dd\u6865\u676f\u7ec3\u4e60\u7cfb\u7edf ID: 348 \u539f\u9898\u94fe\u63a5: http://lx.lanqiao.cn/problem.page?gpid=T348",
    "answers": []
}