{
    "display_id": "old1041",
    "title": "\u5386\u5c4a\u8bd5\u9898 \u7ea6\u6570\u500d\u6570\u9009\u5361\u7247",
    "description": {
        "format": "html",
        "value": "<br />\u3000\u3000\u95f2\u6687\u65f6\uff0c\u798f\u5c14\u6469\u65af\u548c\u534e\u751f\u73a9\u4e00\u4e2a\u6e38\u620f\uff1a<br /> \u3000\u3000\u5728N\u5f20\u5361\u7247\u4e0a\u5199\u6709N\u4e2a\u6574\u6570\u3002\u4e24\u4eba\u8f6e\u6d41\u62ff\u8d70\u4e00\u5f20\u5361\u7247\u3002\u8981\u6c42\u4e0b\u4e00\u4e2a\u4eba\u62ff\u7684\u6570\u5b57\u4e00\u5b9a\u662f\u524d\u4e00\u4e2a\u4eba\u62ff\u7684\u6570\u5b57\u7684\u7ea6\u6570\u6216\u500d\u6570\u3002\u4f8b\u5982\uff0c\u67d0\u6b21\u798f\u5c14\u6469\u65af\u62ff\u8d70\u7684\u5361\u7247\u4e0a\u5199\u7740\u6570\u5b57\u201c6\u201d\uff0c\u5219\u63a5\u4e0b\u6765\u534e\u751f\u53ef\u4ee5\u62ff\u7684\u6570\u5b57\u5305\u62ec\uff1a<br /> \u3000\u30001\uff0c2\uff0c3, 6\uff0c12\uff0c18\uff0c24 ....<br /> \u3000\u3000\u5f53\u8f6e\u5230\u67d0\u4e00\u65b9\u62ff\u5361\u7247\u65f6\uff0c\u6ca1\u6709\u6ee1\u8db3\u8981\u6c42\u7684\u5361\u7247\u53ef\u9009\uff0c\u5219\u8be5\u65b9\u4e3a\u8f93\u65b9\u3002<br /> \u3000\u3000\u8bf7\u4f60\u5229\u7528\u8ba1\u7b97\u673a\u7684\u4f18\u52bf\u8ba1\u7b97\u4e00\u4e0b\uff0c\u5728\u5df2\u77e5\u6240\u6709\u5361\u7247\u4e0a\u7684\u6570\u5b57\u548c\u53ef\u9009\u54ea\u4e9b\u6570\u5b57\u7684\u6761\u4ef6\u4e0b\uff0c\u600e\u6837\u9009\u62e9\u624d\u80fd\u4fdd\u8bc1\u5fc5\u80dc\uff01<br /> \u3000\u3000\u5f53\u9009\u591a\u4e2a\u6570\u5b57\u90fd\u53ef\u4ee5\u5fc5\u80dc\u65f6\uff0c\u8f93\u51fa\u5176\u4e2d\u6700\u5c0f\u7684\u6570\u5b57\u3002\u5982\u679c\u65e0\u8bba\u5982\u4f55\u90fd\u4f1a\u8f93\uff0c\u5219\u8f93\u51fa-1\u3002"
    },
    "tags": [
        "\u84dd\u6865\u676f-\u5386\u5c4a\u8bd5\u9898"
    ],
    "input_description": {
        "format": "html",
        "value": "\u8f93\u5165\u63cf\u8ff0:<br />\u3000\u3000\u8f93\u5165\u6570\u636e\u4e3a2\u884c\u3002\u7b2c\u4e00\u884c\u662f\u82e5\u5e72\u7a7a\u683c\u5206\u5f00\u7684\u6574\u6570\uff08\u6bcf\u4e2a\u6574\u6570\u4ecb\u4e8e1~100\u95f4\uff09\uff0c\u8868\u793a\u5f53\u524d\u5269\u4f59\u7684\u6240\u6709\u5361\u7247\u3002<br /> \u3000\u3000\u7b2c\u4e8c\u884c\u4e5f\u662f\u82e5\u5e72\u7a7a\u683c\u5206\u5f00\u7684\u6574\u6570\uff0c\u8868\u793a\u53ef\u4ee5\u9009\u7684\u6570\u5b57\u3002\u5f53\u7136\uff0c\u7b2c\u4e8c\u884c\u7684\u6570\u5b57\u5fc5\u987b\u5b8c\u5168\u5305\u542b\u5728\u7b2c\u4e00\u884c\u7684\u6570\u5b57\u4e2d\u3002 <br />\u8f93\u5165\u6837\u4f8b: <br />2 3 6<br /> 3 6"
    },
    "output_description": {
        "format": "html",
        "value": "<br />\u8f93\u51fa\u63cf\u8ff0: <br />\u3000\u3000\u7a0b\u5e8f\u5219\u8f93\u51fa\u5fc5\u80dc\u7684\u62db\u6cd5\uff01\uff01<br /> \u8f93\u51fa\u6837\u4f8b: <br />3"
    },
    "test_case_score": [
        {
            "score": 100,
            "input_name": "1.in",
            "output_name": "1.out"
        },
        {
            "score": 100,
            "input_name": "2.in",
            "output_name": "2.out"
        },
        {
            "score": 100,
            "input_name": "3.in",
            "output_name": "3.out"
        },
        {
            "score": 100,
            "input_name": "4.in",
            "output_name": "4.out"
        },
        {
            "score": 100,
            "input_name": "5.in",
            "output_name": "5.out"
        }
    ],
    "hint": {
        "format": "html",
        "value": "HINT:\u65f6\u95f4\u9650\u5236\uff1a1.0s  \u5185\u5b58\u9650\u5236\uff1a256.0MB<br />"
    },
    "time_limit": 1000,
    "memory_limit": 512,
    "samples": [
        {
            "input": "\u53c2\u8003\u4e0a\u6587 ",
            "output": "\u53c2\u8003\u4e0a\u6587"
        }
    ],
    "template": {},
    "spj": null,
    "rule_type": "ACM",
    "source": "\u84dd\u6865\u676f\u7ec3\u4e60\u7cfb\u7edf ID: 40 \u539f\u9898\u94fe\u63a5: http://lx.lanqiao.cn/problem.page?gpid=T40",
    "answers": []
}