{
    "display_id": "old1167",
    "title": "\u7b97\u6cd5\u8bad\u7ec3 \u53cd\u7f6e\u6570",
    "description": {
        "format": "html",
        "value": "<br />\u3000\u3000\u4e00\u4e2a\u6574\u6570\u7684\u201c\u53cd\u7f6e\u6570\u201d\u6307\u7684\u662f\u628a\u8be5\u6574\u6570\u7684\u6bcf\u4e00\u4f4d\u6570\u5b57\u7684\u987a\u5e8f\u98a0\u5012\u8fc7\u6765\u6240\u5f97\u5230\u7684\u53e6\u4e00\u4e2a\u6574\u6570\u3002\u5982\u679c\u4e00\u4e2a\u6574\u6570\u7684\u672b\u5c3e\u662f\u4ee50\u7ed3\u5c3e\uff0c\u90a3\u4e48\u5728\u5b83\u7684\u53cd\u7f6e\u6570\u5f53\u4e2d\uff0c\u8fd9\u4e9b0\u5c31\u88ab\u7701\u7565\u6389\u4e86\u3002\u6bd4\u5982\u8bf4\uff0c1245\u7684\u53cd\u7f6e\u6570\u662f5421\uff0c\u800c1200\u7684\u53cd\u7f6e\u6570\u662f21\u3002\u8bf7\u7f16\u5199\u4e00\u4e2a\u7a0b\u5e8f\uff0c\u8f93\u5165\u4e24\u4e2a\u6574\u6570\uff0c\u7136\u540e\u8ba1\u7b97\u8fd9\u4e24\u4e2a\u6574\u6570\u7684\u53cd\u7f6e\u6570\u4e4b\u548csum\uff0c\u7136\u540e\u518d\u628asum\u7684\u53cd\u7f6e\u6570\u6253\u5370\u51fa\u6765\u3002\u8981\u6c42\uff1a\u7531\u4e8e\u5728\u672c\u9898\u4e2d\u9700\u8981\u591a\u6b21\u53bb\u8ba1\u7b97\u4e00\u4e2a\u6574\u6570\u7684\u53cd\u7f6e\u6570\uff0c\u56e0\u6b64\u5fc5\u987b\u628a\u8fd9\u90e8\u5206\u4ee3\u7801\u62bd\u8c61\u4e3a\u4e00\u4e2a\u51fd\u6570\u7684\u5f62\u5f0f\u3002<br /> \u3000\u3000\u8f93\u5165\u683c\u5f0f\uff1a\u8f93\u5165\u53ea\u6709\u4e00\u884c\uff0c\u5305\u62ec\u4e24\u4e2a\u6574\u6570\uff0c\u4e2d\u95f4\u7528\u7a7a\u683c\u9694\u5f00\u3002<br /> \u3000\u3000\u8f93\u51fa\u683c\u5f0f\uff1a\u8f93\u51fa\u53ea\u6709\u4e00\u884c\uff0c\u5373\u76f8\u5e94\u7684\u7ed3\u679c\u3002<br /> \u3000\u3000\u8f93\u5165\u8f93\u51fa\u6837\u4f8b"
    },
    "tags": [
        "\u84dd\u6865\u676f-\u7b97\u6cd5\u8bad\u7ec3"
    ],
    "input_description": {
        "format": "html",
        "value": "\u8f93\u5165\u63cf\u8ff0:<br /> <br />\u8f93\u5165\u6837\u4f8b: <br />435 754"
    },
    "output_description": {
        "format": "html",
        "value": "<br />\u8f93\u51fa\u63cf\u8ff0: <br /><br /> \u8f93\u51fa\u6837\u4f8b: <br />199"
    },
    "test_case_score": [
        {
            "score": 100,
            "input_name": "1.in",
            "output_name": "1.out"
        },
        {
            "score": 100,
            "input_name": "2.in",
            "output_name": "2.out"
        },
        {
            "score": 100,
            "input_name": "3.in",
            "output_name": "3.out"
        },
        {
            "score": 100,
            "input_name": "4.in",
            "output_name": "4.out"
        },
        {
            "score": 100,
            "input_name": "5.in",
            "output_name": "5.out"
        },
        {
            "score": 100,
            "input_name": "6.in",
            "output_name": "6.out"
        },
        {
            "score": 100,
            "input_name": "7.in",
            "output_name": "7.out"
        },
        {
            "score": 100,
            "input_name": "8.in",
            "output_name": "8.out"
        },
        {
            "score": 100,
            "input_name": "9.in",
            "output_name": "9.out"
        },
        {
            "score": 100,
            "input_name": "10.in",
            "output_name": "10.out"
        }
    ],
    "hint": {
        "format": "html",
        "value": "HINT:\u65f6\u95f4\u9650\u5236\uff1a1.0s  \u5185\u5b58\u9650\u5236\uff1a512.0MB<br />"
    },
    "time_limit": 1000,
    "memory_limit": 512,
    "samples": [
        {
            "input": "\u53c2\u8003\u4e0a\u6587 ",
            "output": "\u53c2\u8003\u4e0a\u6587"
        }
    ],
    "template": {},
    "spj": null,
    "rule_type": "ACM",
    "source": "\u84dd\u6865\u676f\u7ec3\u4e60\u7cfb\u7edf ID: 226 \u539f\u9898\u94fe\u63a5: http://lx.lanqiao.cn/problem.page?gpid=T226",
    "answers": []
}