{
    "display_id": "old1027",
    "title": "\u5386\u5c4a\u8bd5\u9898 \u5e26\u5206\u6570",
    "description": {
        "format": "html",
        "value": "<br /> <p>100 \u53ef\u4ee5\u8868\u793a\u4e3a\u5e26\u5206\u6570\u7684\u5f62\u5f0f\uff1a100 = 3 + 69258 / 714\u3002</p> <p>\u8fd8\u53ef\u4ee5\u8868\u793a\u4e3a\uff1a100 = 82 + 3546 / 197\u3002</p> <p>\u6ce8\u610f\u7279\u5f81\uff1a\u5e26\u5206\u6570\u4e2d\uff0c\u6570\u5b571~9\u5206\u522b\u51fa\u73b0\u4e14\u53ea\u51fa\u73b0\u4e00\u6b21\uff08\u4e0d\u5305\u542b0\uff09\u3002</p> <p>\u7c7b\u4f3c\u8fd9\u6837\u7684\u5e26\u5206\u6570\uff0c100 \u6709 11 \u79cd\u8868\u793a\u6cd5\u3002</p> \t"
    },
    "tags": [
        "\u84dd\u6865\u676f-\u5386\u5c4a\u8bd5\u9898"
    ],
    "input_description": {
        "format": "html",
        "value": "\u8f93\u5165\u63cf\u8ff0:<br /> <p>\u4ece\u6807\u51c6\u8f93\u5165\u8bfb\u5165\u4e00\u4e2a\u6b63\u6574\u6570N (N&lt;1000*1000)</p>   <br />\u8f93\u5165\u6837\u4f8b: <br /> 100 "
    },
    "output_description": {
        "format": "html",
        "value": "<br />\u8f93\u51fa\u63cf\u8ff0: <br /> <p>\u7a0b\u5e8f\u8f93\u51fa\u8be5\u6570\u5b57\u7528\u6570\u78011~9\u4e0d\u91cd\u590d\u4e0d\u9057\u6f0f\u5730\u7ec4\u6210\u5e26\u5206\u6570\u8868\u793a\u7684\u5168\u90e8\u79cd\u6570\u3002</p> <p>\u6ce8\u610f\uff1a\u4e0d\u8981\u6c42\u8f93\u51fa\u6bcf\u4e2a\u8868\u793a\uff0c\u53ea\u7edf\u8ba1\u6709\u591a\u5c11\u8868\u793a\u6cd5\uff01</p> <br /> \u8f93\u51fa\u6837\u4f8b: <br /> 11 \t"
    },
    "test_case_score": [
        {
            "score": 100,
            "input_name": "1.in",
            "output_name": "1.out"
        },
        {
            "score": 100,
            "input_name": "2.in",
            "output_name": "2.out"
        },
        {
            "score": 100,
            "input_name": "3.in",
            "output_name": "3.out"
        }
    ],
    "hint": {
        "format": "html",
        "value": "HINT:\u65f6\u95f4\u9650\u5236\uff1a1.0s  \u5185\u5b58\u9650\u5236\uff1a256.0MB<br />"
    },
    "time_limit": 1000,
    "memory_limit": 512,
    "samples": [
        {
            "input": "\u53c2\u8003\u4e0a\u6587 ",
            "output": "\u53c2\u8003\u4e0a\u6587"
        }
    ],
    "template": {},
    "spj": null,
    "rule_type": "ACM",
    "source": "\u84dd\u6865\u676f\u7ec3\u4e60\u7cfb\u7edf ID: 26 \u539f\u9898\u94fe\u63a5: http://lx.lanqiao.cn/problem.page?gpid=T26",
    "answers": []
}