{
    "display_id": "old1077",
    "title": "\u7b97\u6cd5\u8bad\u7ec3 \u8fdb\u5236\u8f6c\u6362",
    "description": {
        "format": "html",
        "value": "<br /><b>\u95ee\u9898\u63cf\u8ff0</b><b>   </b><br /> <br /> \u3000\u3000\u6211\u4eec\u53ef\u4ee5\u7528\u8fd9\u6837\u7684\u65b9\u5f0f\u6765\u8868\u793a\u4e00\u4e2a\u5341\u8fdb\u5236\u6570\uff1a \u5c06\u6bcf\u4e2a\u963f\u62c9\u4f2f\u6570\u5b57\u4e58\u4ee5\u4e00\u4e2a\u4ee5\u8be5\u6570\u5b57\u6240\u5904\u4f4d\u7f6e\u7684\uff08\u503c\u51cf\uff11\uff09\u4e3a\u6307\u6570\uff0c\u4ee5\uff11\uff10\u4e3a\u5e95\u6570\u7684\u5e42\u4e4b\u548c\u7684\u5f62\u5f0f\u3002\u4f8b\u5982\uff1a\uff11\uff12\uff13\u53ef\u8868\u793a\u4e3a \uff11\uff0a\uff11\uff10<sup>\uff12</sup>\uff0b\uff12\uff0a\uff11\uff10<sup>\uff11</sup>\uff0b\uff13\uff0a\uff11\uff10<sup>\uff10</sup>\u8fd9\u6837\u7684\u5f62\u5f0f\u3002<br /> \u3000\u3000\u4e0e\u4e4b\u76f8\u4f3c\u7684\uff0c\u5bf9\u4e8c\u8fdb\u5236\u6570\u6765\u8bf4\uff0c\u4e5f\u53ef\u8868\u793a\u6210\u6bcf\u4e2a\u4e8c\u8fdb\u5236\u6570\u7801\u4e58\u4ee5\u4e00\u4e2a\u4ee5\u8be5\u6570\u5b57\u6240\u5904\u4f4d\u7f6e\u7684\uff08\u503c\uff0d\uff11\uff09\u4e3a\u6307\u6570\uff0c\u4ee5\uff12\u4e3a\u5e95\u6570\u7684\u5e42\u4e4b\u548c\u7684\u5f62\u5f0f\u3002\u4e00\u822c\u8bf4\u6765\uff0c\u4efb\u4f55\u4e00\u4e2a\u6b63\u6574\u6570\uff32\u6216\u4e00\u4e2a\u8d1f\u6574\u6570\uff0d\uff32\u90fd\u53ef\u4ee5\u88ab\u9009\u6765\u4f5c\u4e3a\u4e00\u4e2a\u6570\u5236\u7cfb\u7edf\u7684\u57fa\u6570\u3002\u5982\u679c\u662f\u4ee5\uff32\u6216\uff0d\uff32\u4e3a\u57fa\u6570\uff0c\u5219\u9700\u8981\u7528\u5230\u7684\u6570\u7801\u4e3a \uff10\uff0c\uff11\uff0c\uff0e\uff0e\uff0e\uff0e\uff32\uff0d\uff11\u3002\u4f8b\u5982\uff0c\u5f53\uff32\uff1d\uff17\u65f6\uff0c\u6240\u9700\u7528\u5230\u7684\u6570\u7801\u662f\uff10\uff0c\uff11\uff0c\uff12\uff0c\uff13\uff0c\uff14\uff0c\uff15\u548c\uff16\uff0c\u8fd9\u4e0e\u5176\u662f\uff32\u6216\uff0d\uff32\u65e0\u5173\u3002\u5982\u679c\u4f5c\u4e3a\u57fa\u6570\u7684\u6570\u7edd\u5bf9\u503c\u8d85\u8fc7\uff11\uff10\uff0c\u5219\u4e3a\u4e86\u8868\u793a\u8fd9\u4e9b\u6570\u7801\uff0c\u901a\u5e38\u4f7f\u7528\u82f1\u6587\u5b57\u6bcd\u6765\u8868\u793a\u90a3\u4e9b\u5927\u4e8e\uff19\u7684\u6570\u7801\u3002\u4f8b\u5982\u5bf9\uff11\uff16\u8fdb\u5236\u6570\u6765\u8bf4\uff0c\u7528\uff21\u8868\u793a\uff11\uff10\uff0c\u7528\uff22\u8868\u793a\uff11\uff11\uff0c\u7528\uff23\u8868\u793a\uff11\uff12\uff0c\u7528\uff24\u8868\u793a\uff11\uff13\uff0c\u7528\uff25\u8868\u793a\uff11\uff14\uff0c\u7528\uff26\u8868\u793a\uff11\uff15\u3002<br /> \u3000\u3000\u5728\u8d1f\u8fdb\u5236\u6570\u4e2d\u662f\u7528\uff0d\uff32 \u4f5c\u4e3a\u57fa\u6570\uff0c\u4f8b\u5982\uff0d\uff11\uff15\uff08\u5341\u8fdb\u5236\uff09\u76f8\u5f53\u4e8e\uff11\uff11\uff10\uff10\uff10\uff11\uff08\uff0d\uff12\u8fdb\u5236\uff09\uff0c\u5e76\u4e14\u5b83\u53ef\u4ee5\u88ab\u8868\u793a\u4e3a\uff12\u7684\u5e42\u7ea7\u6570\u7684\u548c\u6570\uff1a<br /> \u3000\u3000\uff11\uff11\uff10\uff10\uff10\uff11\uff1d\uff11\uff0a\uff08\uff0d\uff12\uff09<sup>\uff15</sup>\uff0b\uff11\uff0a\uff08\uff0d\uff12\uff09<sup>\uff14</sup>\uff0b\uff10\uff0a\uff08\uff0d\uff12\uff09<sup>\uff13</sup>\uff0b\uff10\uff0a\uff08\uff0d\uff12\uff09<sup>\uff12</sup>\uff0b<br /> \u3000\u3000\uff10\uff0a\uff08\uff0d\uff12\uff09<sup>\uff11</sup> \uff0b\uff11\uff0a\uff08\uff0d\uff12\uff09<sup>\uff10</sup><br /> \u3000\u3000<sup>  </sup>  \u8bbe\u8ba1\u4e00\u4e2a\u7a0b\u5e8f\uff0c\u8bfb\u5165\u4e00\u4e2a\u5341\u8fdb\u5236\u6570\u548c\u4e00\u4e2a\u8d1f\u8fdb\u5236\u6570\u7684\u57fa\u6570, \u5e76\u5c06\u6b64\u5341\u8fdb\u5236\u6570\u8f6c\u6362\u4e3a\u6b64\u8d1f\u8fdb\u5236\u4e0b\u7684\u6570\uff1a     \uff0d\uff32\u2208\uff5b\uff0d\uff12\uff0c\uff0d\uff13\uff0c\uff0d\uff14\uff0c\uff0e\uff0e\uff0e\uff0c\uff0d\uff12\uff10\uff5d<br /> <br /> <b>\u8f93</b><b>\u5165\u683c\u5f0f</b><b>   </b><br /> \u3000\u3000\u4e00\u884c\u4e24\u4e2a\u6570\uff0c\u7b2c\u4e00\u4e2a\u662f\u5341\u8fdb\u5236\u6570\uff2e\uff08\uff0d32768\uff1c\uff1d\uff2e\uff1c\uff1d32767\uff09\uff0c  \u7b2c\u4e8c\u4e2a\u662f\u8d1f\u8fdb\u5236\u6570\u7684\u57fa\u6570\uff0d\uff32\u3002<br /> <br /> <b>\u8f93</b>\u51fa\u683c\u5f0f<b>   </b><br /> \u3000\u3000\u8f93\u51fa\u6240\u6c42\u8d1f\u8fdb\u5236\u6570\u53ca\u5176\u57fa\u6570\uff0c\u82e5\u6b64\u57fa\u6570\u8d85\u8fc7\uff11\uff10\uff0c\u5219\u53c2\u7167\uff11\uff16\u8fdb\u5236\u7684\u65b9\u5f0f\u5904\u7406\u3002\uff08\u683c\u5f0f\u53c2\u7167\u6837\u4f8b\uff09<br /> <br /> \u3000\u3000<b>\u6837</b><b>\u4f8b</b>\u8f93\u51651<br /> \u3000\u300030000 -2"
    },
    "tags": [
        "\u84dd\u6865\u676f-\u7b97\u6cd5\u8bad\u7ec3"
    ],
    "input_description": {
        "format": "html",
        "value": "\u8f93\u5165\u63cf\u8ff0:<br /> <br />\u8f93\u5165\u6837\u4f8b: <br />30000=11011010101110000(base-2)"
    },
    "output_description": {
        "format": "html",
        "value": "<br />\u8f93\u51fa\u63cf\u8ff0: <br /><br /> \u8f93\u51fa\u6837\u4f8b: <br />-20000 -2"
    },
    "test_case_score": [
        {
            "score": 100,
            "input_name": "1.in",
            "output_name": "1.out"
        },
        {
            "score": 100,
            "input_name": "2.in",
            "output_name": "2.out"
        },
        {
            "score": 100,
            "input_name": "3.in",
            "output_name": "3.out"
        },
        {
            "score": 100,
            "input_name": "4.in",
            "output_name": "4.out"
        },
        {
            "score": 100,
            "input_name": "5.in",
            "output_name": "5.out"
        },
        {
            "score": 100,
            "input_name": "6.in",
            "output_name": "6.out"
        },
        {
            "score": 100,
            "input_name": "7.in",
            "output_name": "7.out"
        },
        {
            "score": 100,
            "input_name": "8.in",
            "output_name": "8.out"
        },
        {
            "score": 100,
            "input_name": "9.in",
            "output_name": "9.out"
        },
        {
            "score": 100,
            "input_name": "10.in",
            "output_name": "10.out"
        }
    ],
    "hint": {
        "format": "html",
        "value": "HINT:\u65f6\u95f4\u9650\u5236\uff1a1.0s  \u5185\u5b58\u9650\u5236\uff1a256.0MB<br />"
    },
    "time_limit": 1000,
    "memory_limit": 512,
    "samples": [
        {
            "input": "\u53c2\u8003\u4e0a\u6587 ",
            "output": "\u53c2\u8003\u4e0a\u6587"
        }
    ],
    "template": {},
    "spj": null,
    "rule_type": "ACM",
    "source": "\u84dd\u6865\u676f\u7ec3\u4e60\u7cfb\u7edf ID: 76 \u539f\u9898\u94fe\u63a5: http://lx.lanqiao.cn/problem.page?gpid=T76",
    "answers": []
}