{
    "display_id": "old1193",
    "title": "\u7b97\u6cd5\u63d0\u9ad8 \u4fc3\u9500\u8d2d\u7269",
    "description": {
        "format": "html",
        "value": "<br />\u3000\u3000\u5f20\u8d85\u6765\u5230\u4e86\u8d85\u5e02\u8d2d\u7269\u3002<br /> \u3000\u3000\u6bcf\u4e2a\u7269\u54c1\u90fd\u6709\u4ef7\u683c\uff0c\u6b63\u597d\u8d76\u4e0a\u5546\u5e97\u63a8\u51fa\u4fc3\u9500\u65b9\u6848\u3002\u5c31\u662f\u628a\u8bb8\u591a\u4e1c\u897f\u4e00\u8d77\u4e70\u66f4\u4fbf\u5b9c\uff08\u4fdd\u8bc1\u4f18\u60e0\u65b9\u6848\u4e00\u5b9a\u6bd4\u539f\u4ef7\u4fbf\u5b9c\uff09\u3002\u7269\u54c1\u8981\u4e70\u6b63\u597d\u7684\u4e2a\u6570\uff0c\u800c\u4e14\u4e0d\u80fd\u4e3a\u4e86\u4fbf\u5b9c\u800c\u4e70\u4e0d\u9700\u8981\u7684\u7269\u54c1\u3002<br /> \u3000\u3000\u5f20\u8d85\u62ff\u5230\u4e86\u4f18\u60e0\u65b9\u6848\uff0c\u548c\u9700\u8981\u8d2d\u4e70\u7684\u7269\u54c1\u6e05\u5355\uff0c\u5f53\u7136\u60f3\u6c42\u51fa\u6700\u5c0f\u7684\u82b1\u8d39\u3002\u4ed6\u662f\u4fe1\u606f\u5b66\u9009\u624b\uff0c\u81ea\u7136\u5730\u60f3\u5230\u5199\u4e2a\u7a0b\u5e8f\u89e3\u51b3\u95ee\u9898\u3002"
    },
    "tags": [
        "\u84dd\u6865\u676f-\u7b97\u6cd5\u63d0\u9ad8"
    ],
    "input_description": {
        "format": "html",
        "value": "\u8f93\u5165\u63cf\u8ff0:<br />\u3000\u3000\u7b2c\u4e00\u884c\u4fc3\u9500\u7269\u54c1\u7684\u79cd\u7c7b\u6570\uff080 &lt;= s &lt;= 99\uff09\u3002<br /> \u3000\u3000\u7b2c\u4e8c\u884c..\u7b2cs+1 \u884c\u6bcf\u4e00\u884c\u90fd\u7528\u51e0\u4e2a\u6574\u6570\u6765\u8868\u793a\u4e00\u79cd\u4fc3\u9500\u65b9\u5f0f\u3002<br /> \u3000\u3000\u7b2c\u4e00\u4e2a\u6574\u6570 n \uff081 &lt;= n &lt;= 5\uff09\uff0c\u8868\u793a\u8fd9\u79cd\u4f18\u60e0\u65b9\u5f0f\u7531 n \u79cd\u5546\u54c1\u7ec4\u6210\u3002<br /> \u3000\u3000\u540e\u9762 n \u5bf9\u6574\u6570 c \u548c k \u8868\u793a k \uff081 &lt;= k &lt;= 5\uff09\u4e2a\u7f16\u53f7\u4e3a c \uff081 &lt;= c &lt;= 999\uff09\u7684\u5546\u54c1\u5171\u540c\u6784\u6210\u8fd9\u79cd\u65b9\u6848\u3002<br /> \u3000\u3000\u6700\u540e\u7684\u6574\u6570 p \u8868\u793a\u8fd9\u79cd\u4f18\u60e0\u7684\u4f18\u60e0\u4ef7\uff081 &lt;= p &lt;= 9999\uff09\u3002\u4e5f\u5c31\u662f\u628a\u5f53\u524d\u7684\u65b9\u6848\u4e2d\u7684\u7269\u54c1\u5168\u4e70\u9700\u8981\u7684\u4ef7\u683c\u3002<br /> \u3000\u3000\u7b2c s+2 \u884c\u8fd9\u884c\u4e00\u4e2a\u6574\u6570b \uff080 &lt;= b &lt;= 5\uff09\uff0c\u8868\u793a\u9700\u8981\u8d2d\u4e70 b \u79cd\u4e0d\u540c\u7684\u5546\u54c1\u3002<br /> \u3000\u3000\u7b2c s+3 \u884c..\u7b2c s+b+2 \u884c\u8fd9 b \u884c\u4e2d\u7684\u6bcf\u4e00\u884c\u5305\u62ec\u4e09\u4e2a\u6574\u6570\uff1ac \uff0ck \uff0c\u548c p \u3002<br /> \u3000\u3000C \u8868\u793a\u552f\u4e00\u7684\u5546\u54c1\u7f16\u53f7\uff081 &lt;= c &lt;= 999\uff09\uff0c<br /> \u3000\u3000k \u8868\u793a\u9700\u8981\u8d2d\u4e70\u7684 c \u5546\u54c1\u7684\u6570\u91cf\uff081 &lt;= k &lt;= 5\uff09\u3002<br /> \u3000\u3000p \u8868\u793a c \u5546\u54c1\u7684\u539f\u4ef7\uff081 &lt;= p &lt;= 999\uff09\u3002<br /> \u3000\u3000\u6700\u591a\u8d2d\u4e70 5*5=25 \u4e2a\u5546\u54c1\u3002 <br />\u8f93\u5165\u6837\u4f8b: <br />2<br /> 1 7 3 5<br /> 2 7 1 8 2 10<br /> 2<br /> 7 3 2<br /> 8 2 5"
    },
    "output_description": {
        "format": "html",
        "value": "<br />\u8f93\u51fa\u63cf\u8ff0: <br />\u3000\u3000\u4e00\u4e2a\u6574\u6570ans\uff0c\u8868\u793a\u9700\u8981\u82b1\u7684\u6700\u5c0f\u8d39\u7528<br /> \u8f93\u51fa\u6837\u4f8b: <br />14"
    },
    "test_case_score": [
        {
            "score": 100,
            "input_name": "1.in",
            "output_name": "1.out"
        },
        {
            "score": 100,
            "input_name": "2.in",
            "output_name": "2.out"
        },
        {
            "score": 100,
            "input_name": "3.in",
            "output_name": "3.out"
        },
        {
            "score": 100,
            "input_name": "4.in",
            "output_name": "4.out"
        },
        {
            "score": 100,
            "input_name": "5.in",
            "output_name": "5.out"
        },
        {
            "score": 100,
            "input_name": "6.in",
            "output_name": "6.out"
        },
        {
            "score": 100,
            "input_name": "7.in",
            "output_name": "7.out"
        },
        {
            "score": 100,
            "input_name": "8.in",
            "output_name": "8.out"
        },
        {
            "score": 100,
            "input_name": "10.in",
            "output_name": "10.out"
        }
    ],
    "hint": {
        "format": "html",
        "value": "HINT:\u65f6\u95f4\u9650\u5236\uff1a1.0s  \u5185\u5b58\u9650\u5236\uff1a256.0MB<br />"
    },
    "time_limit": 1000,
    "memory_limit": 512,
    "samples": [
        {
            "input": "\u53c2\u8003\u4e0a\u6587 ",
            "output": "\u53c2\u8003\u4e0a\u6587"
        }
    ],
    "template": {},
    "spj": null,
    "rule_type": "ACM",
    "source": "\u84dd\u6865\u676f\u7ec3\u4e60\u7cfb\u7edf ID: 262 \u539f\u9898\u94fe\u63a5: http://lx.lanqiao.cn/problem.page?gpid=T262",
    "answers": []
}