{
    "display_id": "old1111",
    "title": "\u7b97\u6cd5\u63d0\u9ad8 Torry\u7684\u56f0\u60d1(\u63d0\u9ad8\u578b)",
    "description": {
        "format": "html",
        "value": "<br />\u3000\u3000Torry\u4ece\u5c0f\u559c\u7231\u6570\u5b66\u3002\u4e00\u5929\uff0c\u8001\u5e08\u544a\u8bc9\u4ed6\uff0c\u50cf2\u30013\u30015\u30017\u2026\u2026\u8fd9\u6837\u7684\u6570\u53eb\u505a\u8d28\u6570\u3002Torry\u7a81\u7136\u60f3\u5230\u4e00\u4e2a\u95ee\u9898\uff0c\u524d10\u3001100\u30011000\u300110000\u2026\u2026\u4e2a\u8d28\u6570\u7684\u4e58\u79ef\u662f\u591a\u5c11\u5462\uff1f\u4ed6\u628a\u8fd9\u4e2a\u95ee\u9898\u544a\u8bc9\u8001\u5e08\u3002\u8001\u5e08\u6123\u4f4f\u4e86\uff0c\u4e00\u65f6\u56de\u7b54\u4e0d\u51fa\u6765\u3002\u4e8e\u662fTorry\u6c42\u52a9\u4e8e\u4f1a\u7f16\u7a0b\u7684\u4f60\uff0c\u8bf7\u4f60\u7b97\u51fa\u524dn\u4e2a\u8d28\u6570\u7684\u4e58\u79ef\u3002\u4e0d\u8fc7\uff0c\u8003\u8651\u5230\u4f60\u624d\u63a5\u89e6\u7f16\u7a0b\u4e0d\u4e45\uff0cTorry\u53ea\u8981\u4f60\u7b97\u51fa\u8fd9\u4e2a\u6570\u6a21\u4e0a50000\u7684\u503c\u3002"
    },
    "tags": [
        "\u84dd\u6865\u676f-\u7b97\u6cd5\u63d0\u9ad8"
    ],
    "input_description": {
        "format": "html",
        "value": "\u8f93\u5165\u63cf\u8ff0:<br />\u3000\u3000\u4ec5\u5305\u542b\u4e00\u4e2a\u6b63\u6574\u6570n\uff0c\u5176\u4e2dn&lt;=100000\u3002 <br />\u8f93\u5165\u6837\u4f8b: <br />"
    },
    "output_description": {
        "format": "html",
        "value": "<br />\u8f93\u51fa\u63cf\u8ff0: <br />\u3000\u3000\u8f93\u51fa\u4e00\u884c\uff0c\u5373\u524dn\u4e2a\u8d28\u6570\u7684\u4e58\u79ef\u6a2150000\u7684\u503c\u3002<br /> \u8f93\u51fa\u6837\u4f8b: <br />"
    },
    "test_case_score": [
        {
            "score": 100,
            "input_name": "1.in",
            "output_name": "1.out"
        }
    ],
    "hint": {
        "format": "html",
        "value": "HINT:\u65f6\u95f4\u9650\u5236\uff1a1.0s  \u5185\u5b58\u9650\u5236\uff1a512.0MB<br />"
    },
    "time_limit": 1000,
    "memory_limit": 512,
    "samples": [
        {
            "input": "\u53c2\u8003\u4e0a\u6587 ",
            "output": "\u53c2\u8003\u4e0a\u6587"
        }
    ],
    "template": {},
    "spj": null,
    "rule_type": "ACM",
    "source": "\u84dd\u6865\u676f\u7ec3\u4e60\u7cfb\u7edf ID: 130 \u539f\u9898\u94fe\u63a5: http://lx.lanqiao.cn/problem.page?gpid=T130",
    "answers": []
}