{
    "display_id": "old1264",
    "title": "\u7b97\u6cd5\u63d0\u9ad8 \u76fe\u795e\u4e0e\u781d\u7801\u79f0\u91cd",
    "description": {
        "format": "html",
        "value": "<br />\u3000\u3000\u6709\u4e00\u5929\uff0c\u4ed6\u5728\u5bbf\u820d\u91cc\u65e0\u610f\u4e2d\u53d1\u73b0\u4e86\u4e00\u4e2a\u5929\u5e73\uff01\u8fd9\u4e2a\u5929\u5e73\u5f88\u5947\u602a\uff0c\u6709n\u4e2a\u5b8c\u597d\u7684\u781d\u7801\uff0c\u4f46\u662f\u6ca1\u6709\u6e38\u7801\u3002\u76fe\u795e\u4e3a\u4ed6\u7684\u53d1\u73b0\u5174\u594b\u4e0d\u5df2\uff01\u4e8e\u662f\u4ed6\u51c6\u5907\u53bb\u79f0\u4e00\u79f0\u81ea\u5df1\u7684\u4e1c\u897f\u3002\u4ed6\u51c6\u5907\u597d\u4e86m\u79cd\u7269\u54c1\u53bb\u79f0\u3002\u795e\u5947\u7684\u662f\uff0c\u76fe\u795e\u4e00\u65e9\u5c31\u77e5\u9053\u8fd9m\u79cd\u7269\u54c1\u7684\u91cd\u91cf\uff0c\u4ed6\u73b0\u5728\u662f\u60f3\u770b\u770b\u8fd9\u4e2a\u5929\u5e73\u80fd\u4e0d\u80fd\u79f0\u51fa\u8fd9\u4e9b\u7269\u54c1\u51fa\u6765\u3002\u4f46\u662f\u76fe\u795e\u7a0d\u5fae\u60f3\u4e861\u79d2\u949f\u4ee5\u540e\u5c31\u89c9\u5f97\u8fd9\u4e2a\u95ee\u9898\u592a\u65e0\u804a\u4e86\uff0c\u4e8e\u662f\u5c31\u4e22\u7ed9\u4e86\u4f60\u3002"
    },
    "tags": [
        "\u84dd\u6865\u676f-\u7b97\u6cd5\u63d0\u9ad8"
    ],
    "input_description": {
        "format": "html",
        "value": "\u8f93\u5165\u63cf\u8ff0:<br />\u3000\u3000\u7b2c\u4e00\u884c\u4e3a\u4e24\u4e2a\u6570\uff0cn\u548cm\u3002<br /> \u3000\u3000\u7b2c\u4e8c\u884c\u4e3an\u4e2a\u6570\uff0c\u8868\u793a\u8fd9n\u4e2a\u781d\u7801\u7684\u91cd\u91cf\u3002<br /> \u3000\u3000\u7b2c\u4e09\u884c\u4e3am\u4e2a\u6570\uff0c\u8868\u793a\u8fd9m\u4e2a\u7269\u54c1\u7684\u91cd\u91cf\u3002 <br />\u8f93\u5165\u6837\u4f8b: <br />4 2<br /> 1 2 4 8<br /> 15 16"
    },
    "output_description": {
        "format": "html",
        "value": "<br />\u8f93\u51fa\u63cf\u8ff0: <br />\u3000\u3000\u8f93\u51fam\u884c\uff0c\u5bf9\u4e8e\u7b2ci\u884c\uff0c\u5982\u679c\u7b2ci\u4e2a\u7269\u54c1\u80fd\u88ab\u79f0\u51fa\uff0c\u8f93\u51faYES\u5426\u5219\u8f93\u51faNO\u3002<br /> \u8f93\u51fa\u6837\u4f8b: <br />YES<br /> NO"
    },
    "test_case_score": [
        {
            "score": 100,
            "input_name": "1.in",
            "output_name": "1.out"
        },
        {
            "score": 100,
            "input_name": "2.in",
            "output_name": "2.out"
        },
        {
            "score": 100,
            "input_name": "4.in",
            "output_name": "4.out"
        },
        {
            "score": 100,
            "input_name": "5.in",
            "output_name": "5.out"
        },
        {
            "score": 100,
            "input_name": "6.in",
            "output_name": "6.out"
        },
        {
            "score": 100,
            "input_name": "7.in",
            "output_name": "7.out"
        },
        {
            "score": 100,
            "input_name": "8.in",
            "output_name": "8.out"
        },
        {
            "score": 100,
            "input_name": "9.in",
            "output_name": "9.out"
        },
        {
            "score": 100,
            "input_name": "10.in",
            "output_name": "10.out"
        }
    ],
    "hint": {
        "format": "html",
        "value": "HINT:\u65f6\u95f4\u9650\u5236\uff1a1.0s  \u5185\u5b58\u9650\u5236\uff1a256.0MB<br />\u3000\u30001&lt;=n&lt;=24, 1&lt;=m&lt;=10."
    },
    "time_limit": 1000,
    "memory_limit": 512,
    "samples": [
        {
            "input": "\u53c2\u8003\u4e0a\u6587 ",
            "output": "\u53c2\u8003\u4e0a\u6587"
        }
    ],
    "template": {},
    "spj": null,
    "rule_type": "ACM",
    "source": "\u84dd\u6865\u676f\u7ec3\u4e60\u7cfb\u7edf ID: 359 \u539f\u9898\u94fe\u63a5: http://lx.lanqiao.cn/problem.page?gpid=T359",
    "answers": []
}