{
    "display_id": "old1128",
    "title": "\u7b97\u6cd5\u63d0\u9ad8 \u593a\u5b9d\u5947\u5175",
    "description": {
        "format": "html",
        "value": "<br /><b>[</b><b>\u9898\u76ee\u63cf\u8ff0]</b><br /> \u3000\u3000\u5728\u4e00\u5ea7\u5c71\u4e0a,\u6709\u5f88\u591a\u5f88\u591a\u73e0\u5b9d,\u5b83\u4eec\u6563\u843d\u5728\u5c71\u5e95\u901a\u5f80\u5c71\u9876\u7684\u6bcf\u6761\u9053\u8def\u4e0a,\u4e0d\u540c\u9053\u8def\u4e0a\u7684\u73e0\u5b9d\u7684\u6570\u76ee\u4e5f\u5404\u4e0d\u76f8\u540c.\u4e0b\u56fe\u4e3a\u4e00\u5f20\u85cf\u5b9d\u5730\u56fe:<br /> <br /> \u3000\u30007<br /> \u3000\u30003        8<br /> \u3000\u30008   1   0<br /> \u3000\u30002   7   4   4<br /> \u3000\u30004   5   2   6   5<br /> <br /> \u3000\u3000\u201d\u593a\u5b9d\u5947\u5175\u201d\u4ece\u5c71\u4e0b\u51fa\u53d1,\u5230\u8fbe\u5c71\u9876,\u5982\u4f55\u9009\u8def\u624d\u80fd\u5f97\u5230\u6700\u591a\u7684\u73e0\u5b9d\u5462?\u5728\u4e0a\u56fe\u6240\u793a\u4f8b\u5b50\u4e2d,\u6309\u71675-&gt;7-&gt;8-&gt;3-&gt;7\u7684\u987a\u5e8f,\u5c06\u5f97\u5230\u6700\u5927\u503c30<br /> <br /> <b>[</b><b>\u8f93\u5165]</b><br /> \u3000\u3000\u7b2c\u4e00\u884c\u6b63\u6574\u6570N(100&gt;=N&gt;1),\u8868\u793a\u5c71\u7684\u9ad8\u5ea6<br /> \u3000\u3000\u63a5\u4e0b\u6765\u6709N\u884c\u975e\u8d1f\u6574\u6570,\u7b2ci\u884c\u6709i\u4e2a\u6574\u6570(1&lt;=i&lt;=N),\u8868\u793a\u5c71\u7684\u7b2ci\u5c42\u4e0a\u4ece\u5de6\u5230\u53f3\u6bcf\u6761\u8def\u4e0a\u7684\u73e0\u5b9d\u6570\u76ee<br /> <br /> <b>[</b><b>\u8f93\u51fa]</b><br /> \u3000\u3000\u4e00\u4e2a\u6574\u6570,\u8868\u793a\u4ece\u5c71\u5e95\u5230\u5c71\u9876\u7684\u6240\u80fd\u5f97\u5230\u7684\u73e0\u5b9d\u7684\u6700\u5927\u6570\u76ee.<br /> <b>[</b><b>\u6837\u4f8b\u8f93\u5165]</b><pre class=\"pddata\"> <span><font>5</font></span> </pre> <pre class=\"pddata\"> <span><font>7</font></span> </pre> <pre class=\"pddata\"> <span><font>3 8</font></span> </pre> <pre class=\"pddata\"> <span><font>8 1 0 </font></span> </pre> <pre class=\"pddata\"> <span><font>2 7 4 4</font></span> </pre> <pre class=\"pddata\"> <span><font>4 5 2 6 5</font></span> </pre> <br /> <b>[</b><b>\u6837\u4f8b\u8f93\u51fa]</b><br /> \u3000\u300030"
    },
    "tags": [
        "\u84dd\u6865\u676f-\u7b97\u6cd5\u63d0\u9ad8"
    ],
    "input_description": {
        "format": "html",
        "value": "\u8f93\u5165\u63cf\u8ff0:<br /> <br />\u8f93\u5165\u6837\u4f8b: <br />"
    },
    "output_description": {
        "format": "html",
        "value": "<br />\u8f93\u51fa\u63cf\u8ff0: <br /><br /> \u8f93\u51fa\u6837\u4f8b: <br />"
    },
    "test_case_score": [
        {
            "score": 100,
            "input_name": "1.in",
            "output_name": "1.out"
        },
        {
            "score": 100,
            "input_name": "2.in",
            "output_name": "2.out"
        },
        {
            "score": 100,
            "input_name": "3.in",
            "output_name": "3.out"
        },
        {
            "score": 100,
            "input_name": "4.in",
            "output_name": "4.out"
        },
        {
            "score": 100,
            "input_name": "5.in",
            "output_name": "5.out"
        },
        {
            "score": 100,
            "input_name": "6.in",
            "output_name": "6.out"
        },
        {
            "score": 100,
            "input_name": "7.in",
            "output_name": "7.out"
        },
        {
            "score": 100,
            "input_name": "8.in",
            "output_name": "8.out"
        },
        {
            "score": 100,
            "input_name": "9.in",
            "output_name": "9.out"
        },
        {
            "score": 100,
            "input_name": "10.in",
            "output_name": "10.out"
        }
    ],
    "hint": {
        "format": "html",
        "value": "HINT:\u65f6\u95f4\u9650\u5236\uff1a1.0s  \u5185\u5b58\u9650\u5236\uff1a512.0MB<br />"
    },
    "time_limit": 1000,
    "memory_limit": 512,
    "samples": [
        {
            "input": "\u53c2\u8003\u4e0a\u6587 ",
            "output": "\u53c2\u8003\u4e0a\u6587"
        }
    ],
    "template": {},
    "spj": null,
    "rule_type": "ACM",
    "source": "\u84dd\u6865\u676f\u7ec3\u4e60\u7cfb\u7edf ID: 155 \u539f\u9898\u94fe\u63a5: http://lx.lanqiao.cn/problem.page?gpid=T155",
    "answers": []
}