{
    "display_id": "old1149",
    "title": "\u7b97\u6cd5\u63d0\u9ad8 \u5229\u606f\u8ba1\u7b97",
    "description": {
        "format": "html",
        "value": "<br />\u3000\u3000\u7f16\u5236\u7a0b\u5e8f\u5b8c\u6210\u4e0b\u8ff0\u4efb\u52a1\uff1a\u63a5\u53d7\u4e24\u4e2a\u6570\uff0c\u4e00\u4e2a\u4e3a\u7528\u6237\u4e00\u5e74\u671f\u5b9a\u671f\u5b58\u6b3e\u91d1\u989d\uff0c\u4e00\u4e2a\u4e3a\u6309\u7167\u767e\u5206\u6bd4\u683c\u5f0f\u8868\u793a\u7684\u5229\u7387\uff1b\u7a0b\u5e8f\u8ba1\u7b97\u4e00\u5e74\u671f\u6ee1<br /> \u3000\u3000\u540e\u672c\u91d1\u4e0e\u5229\u606f\u603b\u989d\u3002\u8bf4\u660e\uff1a\uff081\uff09\u5b58\u6b3e\u91d1\u989d\u4ee5\u4eba\u6c11\u5e01\u5143\u4e3a\u5355\u4f4d\uff0c\u53ef\u80fd\u7cbe\u786e\u5230\u5206\uff1b\uff082\uff09\u8f93\u5165\u5229\u7387\u65f6\u4e0d\u9700\u8981\u8f93\u5165\u767e\u5206\u53f7\uff0c\u4f8b\u5982\u4e00\u5e74\u671f\u5b9a\u671f\u5b58\u6b3e\u5e74\u5229\u7387<br /> \u3000\u3000\u4e3a2.52%\uff0c\u7528\u6237\u8f93\u51652.52\u5373\u53ef\uff1b\uff083\uff09\u6309\u7167\u56fd\u5bb6\u6cd5\u5f8b\uff0c\u5b58\u6b3e\u5229\u606f\u6240\u5f97\u9700\u7f34\u7eb320% \u7684\u6240\u5f97\u7a0e\uff0c\u8ba1\u7b97\u7ed3\u679c\u65f6\u6240\u5f97\u7a0e\u90e8\u5206\u5e94\u6263\u9664\u3002\u8981\u6c42\u8f93\u51fa\u5c0f\u6570\u70b9\u540e\u4e25\u683c<br /> \u3000\u3000\u4fdd\u7559\u4e24\u4f4d\u5c0f\u6570\u3002"
    },
    "tags": [
        "\u84dd\u6865\u676f-\u7b97\u6cd5\u63d0\u9ad8"
    ],
    "input_description": {
        "format": "html",
        "value": "\u8f93\u5165\u63cf\u8ff0:<br /> <br />\u8f93\u5165\u6837\u4f8b: <br />10000   2.52"
    },
    "output_description": {
        "format": "html",
        "value": "<br />\u8f93\u51fa\u63cf\u8ff0: <br /><br /> \u8f93\u51fa\u6837\u4f8b: <br />10201.60"
    },
    "test_case_score": [
        {
            "score": 100,
            "input_name": "1.in",
            "output_name": "1.out"
        },
        {
            "score": 100,
            "input_name": "2.in",
            "output_name": "2.out"
        },
        {
            "score": 100,
            "input_name": "3.in",
            "output_name": "3.out"
        },
        {
            "score": 100,
            "input_name": "4.in",
            "output_name": "4.out"
        },
        {
            "score": 100,
            "input_name": "5.in",
            "output_name": "5.out"
        },
        {
            "score": 100,
            "input_name": "6.in",
            "output_name": "6.out"
        },
        {
            "score": 100,
            "input_name": "7.in",
            "output_name": "7.out"
        },
        {
            "score": 100,
            "input_name": "8.in",
            "output_name": "8.out"
        },
        {
            "score": 100,
            "input_name": "9.in",
            "output_name": "9.out"
        },
        {
            "score": 100,
            "input_name": "10.in",
            "output_name": "10.out"
        }
    ],
    "hint": {
        "format": "html",
        "value": "HINT:\u65f6\u95f4\u9650\u5236\uff1a1.0s  \u5185\u5b58\u9650\u5236\uff1a512.0MB<br />"
    },
    "time_limit": 1000,
    "memory_limit": 512,
    "samples": [
        {
            "input": "\u53c2\u8003\u4e0a\u6587 ",
            "output": "\u53c2\u8003\u4e0a\u6587"
        }
    ],
    "template": {},
    "spj": null,
    "rule_type": "ACM",
    "source": "\u84dd\u6865\u676f\u7ec3\u4e60\u7cfb\u7edf ID: 193 \u539f\u9898\u94fe\u63a5: http://lx.lanqiao.cn/problem.page?gpid=T193",
    "answers": []
}