{
    "display_id": "old1061",
    "title": "\u57fa\u7840\u7ec3\u4e60 \u5b8c\u7f8e\u7684\u4ee3\u4ef7",
    "description": {
        "format": "html",
        "value": "<br />\u3000\u3000\u56de\u6587\u4e32\uff0c\u662f\u4e00\u79cd\u7279\u6b8a\u7684\u5b57\u7b26\u4e32\uff0c\u5b83\u4ece\u5de6\u5f80\u53f3\u8bfb\u548c\u4ece\u53f3\u5f80\u5de6\u8bfb\u662f\u4e00\u6837\u7684\u3002\u5c0f\u9f99\u9f99\u8ba4\u4e3a\u56de\u6587\u4e32\u624d\u662f\u5b8c\u7f8e\u7684\u3002\u73b0\u5728\u7ed9\u4f60\u4e00\u4e2a\u4e32\uff0c\u5b83\u4e0d\u4e00\u5b9a\u662f\u56de\u6587\u7684\uff0c\u8bf7\u4f60\u8ba1\u7b97\u6700\u5c11\u7684\u4ea4\u6362\u6b21\u6570\u4f7f\u5f97\u8be5\u4e32\u53d8\u6210\u4e00\u4e2a\u5b8c\u7f8e\u7684\u56de\u6587\u4e32\u3002<br /> \u3000\u3000\u4ea4\u6362\u7684\u5b9a\u4e49\u662f\uff1a\u4ea4\u6362\u4e24\u4e2a\u76f8\u90bb\u7684\u5b57\u7b26<br /> \u3000\u3000\u4f8b\u5982mamad<br /> \u3000\u3000\u7b2c\u4e00\u6b21\u4ea4\u6362 ad : mamda<br /> \u3000\u3000\u7b2c\u4e8c\u6b21\u4ea4\u6362 md : madma<br /> \u3000\u3000\u7b2c\u4e09\u6b21\u4ea4\u6362 ma : madam (\u56de\u6587\uff01\u5b8c\u7f8e\uff01)"
    },
    "tags": [
        "\u84dd\u6865\u676f-\u57fa\u7840\u7ec3\u4e60"
    ],
    "input_description": {
        "format": "html",
        "value": "\u8f93\u5165\u63cf\u8ff0:<br />\u3000\u3000\u7b2c\u4e00\u884c\u662f\u4e00\u4e2a\u6574\u6570N\uff0c\u8868\u793a\u63a5\u4e0b\u6765\u7684\u5b57\u7b26\u4e32\u7684\u957f\u5ea6(N &lt;= 8000)<br /> \u3000\u3000\u7b2c\u4e8c\u884c\u662f\u4e00\u4e2a\u5b57\u7b26\u4e32\uff0c\u957f\u5ea6\u4e3aN.\u53ea\u5305\u542b\u5c0f\u5199\u5b57\u6bcd <br />\u8f93\u5165\u6837\u4f8b: <br />5<br /> mamad"
    },
    "output_description": {
        "format": "html",
        "value": "<br />\u8f93\u51fa\u63cf\u8ff0: <br />\u3000\u3000\u5982\u679c\u53ef\u80fd\uff0c\u8f93\u51fa\u6700\u5c11\u7684\u4ea4\u6362\u6b21\u6570\u3002<br /> \u3000\u3000\u5426\u5219\u8f93\u51faImpossible<br /> \u8f93\u51fa\u6837\u4f8b: <br />3"
    },
    "test_case_score": [
        {
            "score": 100,
            "input_name": "1.in",
            "output_name": "1.out"
        },
        {
            "score": 100,
            "input_name": "2.in",
            "output_name": "2.out"
        },
        {
            "score": 100,
            "input_name": "3.in",
            "output_name": "3.out"
        },
        {
            "score": 100,
            "input_name": "4.in",
            "output_name": "4.out"
        },
        {
            "score": 100,
            "input_name": "5.in",
            "output_name": "5.out"
        },
        {
            "score": 100,
            "input_name": "6.in",
            "output_name": "6.out"
        },
        {
            "score": 100,
            "input_name": "7.in",
            "output_name": "7.out"
        },
        {
            "score": 100,
            "input_name": "8.in",
            "output_name": "8.out"
        },
        {
            "score": 100,
            "input_name": "9.in",
            "output_name": "9.out"
        },
        {
            "score": 100,
            "input_name": "10.in",
            "output_name": "10.out"
        }
    ],
    "hint": {
        "format": "html",
        "value": "HINT:\u65f6\u95f4\u9650\u5236\uff1a1.0s  \u5185\u5b58\u9650\u5236\uff1a512.0MB<br />"
    },
    "time_limit": 1000,
    "memory_limit": 512,
    "samples": [
        {
            "input": "\u53c2\u8003\u4e0a\u6587 ",
            "output": "\u53c2\u8003\u4e0a\u6587"
        }
    ],
    "template": {},
    "spj": null,
    "rule_type": "ACM",
    "source": "\u84dd\u6865\u676f\u7ec3\u4e60\u7cfb\u7edf ID: 60 \u539f\u9898\u94fe\u63a5: http://lx.lanqiao.cn/problem.page?gpid=T60",
    "answers": []
}