{
    "display_id": "old1158",
    "title": "\u7b97\u6cd5\u63d0\u9ad8 \u65ad\u6848",
    "description": {
        "format": "html",
        "value": "<br />\u3000\u3000\u516c\u5b89\u4eba\u5458\u5ba1\u95ee\u7532\u3001\u4e59\u3001\u4e19\u3001\u4e01\u56db\u4e2a\u5acc\u7591\u72af\uff0c\u5df2\u786e\u77e5\uff0c\u8fd9\u56db\u4e2a\u4eba\u5f53\u4e2d\u4ec5\u6709\u4e00\u4eba\u662f\u5077\u7a83\u8005\uff0c\u8fd8\u77e5\u9053\u8fd9\u56db\u4e2a\u4eba\u7684\u7b54\u8bdd\uff0c\u8981\u4e48\u5b8c\u5168\u8bda\u5b9e\uff0c\u8981\u4e48\u5b8c\u5168\u8bf4\u8c0e\u3002\u5728\u56de\u7b54\u516c\u5b89\u4eba\u5458\u7684\u95ee\u8bdd\u4e2d\uff1a<br /> \u3000\u3000\u7532\u8bf4\uff1a\u201c\u4e59\u6ca1\u6709\u5077\uff0c\u662f\u4e01\u5077\u7684\u3002\u201d<br /> \u3000\u3000\u4e59\u8bf4\uff1a\u201c\u6211\u6ca1\u6709\u5077\uff0c\u662f\u4e19\u5077\u7684\u3002\u201d<br /> \u3000\u3000\u4e19\u8bf4\uff1a\u201c\u7532\u6ca1\u6709\u5077\uff0c\u662f\u4e59\u5077\u7684\u3002\u201d<br /> \u3000\u3000\u4e01\u8bf4\uff1a\u201c\u6211\u6ca1\u6709\u5077\uff0c\u6211\u7528\u7684\u90a3\u4e1c\u897f\u662f\u6211\u5bb6\u91cc\u7684\u3002\u201d<br /> \u3000\u3000\u8bf7\u6839\u636e\u4e0a\u8ff0\u56db\u4eba\u7b54\u8bdd\uff0c\u5224\u65ad\u8c01\u662f\u5077\u7a83\u8005\u3002<br /> \u3000\u3000\u8f93\u5165\u683c\u5f0f\uff1a\u65e0\u8f93\u5165\u3002<br /> \u3000\u3000\u8f93\u51fa\u683c\u5f0f\uff1a\u8f93\u51fa\u4e00\u4e2a\u5b57\u7b26\uff0c\u8868\u793a\u5077\u7a83\u8005\u662f\u8c01\uff0cA\u8868\u793a\u7532\uff0cB\u8868\u793a\u4e59\uff0cC\u8868\u793a\u4e19\uff0cD\u8868\u793a\u4e01\u3002"
    },
    "tags": [
        "\u84dd\u6865\u676f-\u7b97\u6cd5\u63d0\u9ad8"
    ],
    "input_description": {
        "format": "html",
        "value": "\u8f93\u5165\u63cf\u8ff0:<br /> <br />\u8f93\u5165\u6837\u4f8b: <br />"
    },
    "output_description": {
        "format": "html",
        "value": "<br />\u8f93\u51fa\u63cf\u8ff0: <br /><br /> \u8f93\u51fa\u6837\u4f8b: <br />"
    },
    "test_case_score": [
        {
            "score": 100,
            "input_name": "1.in",
            "output_name": "1.out"
        }
    ],
    "hint": {
        "format": "html",
        "value": "HINT:\u65f6\u95f4\u9650\u5236\uff1a1.0s  \u5185\u5b58\u9650\u5236\uff1a512.0MB<br />"
    },
    "time_limit": 1000,
    "memory_limit": 512,
    "samples": [
        {
            "input": "\u53c2\u8003\u4e0a\u6587 ",
            "output": "\u53c2\u8003\u4e0a\u6587"
        }
    ],
    "template": {},
    "spj": null,
    "rule_type": "ACM",
    "source": "\u84dd\u6865\u676f\u7ec3\u4e60\u7cfb\u7edf ID: 212 \u539f\u9898\u94fe\u63a5: http://lx.lanqiao.cn/problem.page?gpid=T212",
    "answers": []
}