{
    "display_id": "old1214",
    "title": "\u7b97\u6cd5\u63d0\u9ad8 \u94fa\u5730\u6bef",
    "description": {
        "format": "html",
        "value": "<br />\u3000\u3000\u4e3a\u4e86\u51c6\u5907\u4e00\u4e2a\u5b66\u751f\u8282\uff0c\u7ec4\u7ec7\u8005\u5728\u4f1a\u573a\u7684\u4e00\u7247\u77e9\u5f62\u533a\u57df\uff08\u53ef\u770b\u505a\u662f\u5e73\u9762\u76f4\u89d2\u5750\u6807<br /> \u3000\u3000\u7cfb\u7684\u7b2c\u4e00\u8c61\u9650\uff09\u94fa\u4e0a\u4e00\u4e9b\u77e9\u5f62\u5730\u6bef\u3002\u4e00\u5171\u6709n \u5f20\u5730\u6bef\uff0c\u7f16\u53f7\u4ece1 \u5230n\u3002\u73b0\u5728\u5c06\u8fd9\u4e9b\u5730\u6bef\u6309\u7167<br /> \u3000\u3000\u7f16\u53f7\u4ece\u5c0f\u5230\u5927\u7684\u987a\u5e8f\u5e73\u884c\u4e8e\u5750\u6807\u8f74\u5148\u540e\u94fa\u8bbe\uff0c\u540e\u94fa\u7684\u5730\u6bef\u8986\u76d6\u5728\u524d\u9762\u5df2\u7ecf\u94fa\u597d\u7684\u5730\u6bef\u4e4b\u4e0a\u3002<br /> \u3000\u3000\u5730\u6bef\u94fa\u8bbe\u5b8c\u6210\u540e\uff0c\u7ec4\u7ec7\u8005\u60f3\u77e5\u9053\u8986\u76d6\u5730\u9762\u67d0\u4e2a\u70b9\u7684\u6700\u4e0a\u9762\u7684\u90a3\u5f20\u5730\u6bef\u7684\u7f16\u53f7\u3002\u6ce8\u610f\uff1a\u5728\u77e9\u5f62<br /> \u3000\u3000\u5730\u6bef\u8fb9\u754c\u548c\u56db\u4e2a\u9876\u70b9\u4e0a\u7684\u70b9\u4e5f\u7b97\u88ab\u5730\u6bef\u8986\u76d6\u3002"
    },
    "tags": [
        "\u84dd\u6865\u676f-\u7b97\u6cd5\u63d0\u9ad8"
    ],
    "input_description": {
        "format": "html",
        "value": "\u8f93\u5165\u63cf\u8ff0:<br />\u3000\u3000\u8f93\u5165\u5171 n+2 \u884c\u3002<br /> \u3000\u3000\u7b2c\u4e00\u884c\uff0c\u4e00\u4e2a\u6574\u6570 n\uff0c\u8868\u793a\u603b\u5171\u6709n \u5f20\u5730\u6bef\u3002<br /> \u3000\u3000\u63a5\u4e0b\u6765\u7684 n \u884c\u4e2d\uff0c\u7b2ci+1 \u884c\u8868\u793a\u7f16\u53f7i \u7684\u5730\u6bef\u7684\u4fe1\u606f\uff0c\u5305\u542b\u56db\u4e2a\u6b63\u6574\u6570a\uff0cb\uff0cg\uff0ck\uff0c\u6bcf<br /> \u3000\u3000\u4e24\u4e2a\u6574\u6570\u4e4b\u95f4\u7528\u4e00\u4e2a\u7a7a\u683c\u9694\u5f00\uff0c\u5206\u522b\u8868\u793a\u94fa\u8bbe\u5730\u6bef\u7684\u5de6\u4e0b\u89d2\u7684\u5750\u6807\uff08a\uff0cb\uff09\u4ee5\u53ca\u5730\u6bef\u5728x<br /> \u3000\u3000\u8f74\u548cy \u8f74\u65b9\u5411\u7684\u957f\u5ea6\u3002<br /> \u3000\u3000\u7b2c n+2 \u884c\u5305\u542b\u4e24\u4e2a\u6b63\u6574\u6570x \u548cy\uff0c\u8868\u793a\u6240\u6c42\u7684\u5730\u9762\u7684\u70b9\u7684\u5750\u6807\uff08x\uff0cy\uff09\u3002 <br />\u8f93\u5165\u6837\u4f8b: <br />3<br /> 1 0 2 3<br /> 0 2 3 3<br /> 2 1 3 3<br /> 2 2"
    },
    "output_description": {
        "format": "html",
        "value": "<br />\u8f93\u51fa\u63cf\u8ff0: <br />\u3000\u3000\u8f93\u51fa\u5171 1 \u884c\uff0c\u4e00\u4e2a\u6574\u6570\uff0c\u8868\u793a\u6240\u6c42\u7684\u5730\u6bef\u7684\u7f16\u53f7\uff1b\u82e5\u6b64\u5904\u6ca1\u6709\u88ab\u5730\u6bef\u8986\u76d6\u5219\u8f93\u51fa-1\u3002<br /> \u8f93\u51fa\u6837\u4f8b: <br />3"
    },
    "test_case_score": [
        {
            "score": 100,
            "input_name": "1.in",
            "output_name": "1.out"
        },
        {
            "score": 100,
            "input_name": "2.in",
            "output_name": "2.out"
        },
        {
            "score": 100,
            "input_name": "3.in",
            "output_name": "3.out"
        },
        {
            "score": 100,
            "input_name": "4.in",
            "output_name": "4.out"
        },
        {
            "score": 100,
            "input_name": "5.in",
            "output_name": "5.out"
        },
        {
            "score": 100,
            "input_name": "6.in",
            "output_name": "6.out"
        },
        {
            "score": 100,
            "input_name": "7.in",
            "output_name": "7.out"
        },
        {
            "score": 100,
            "input_name": "8.in",
            "output_name": "8.out"
        },
        {
            "score": 100,
            "input_name": "9.in",
            "output_name": "9.out"
        },
        {
            "score": 100,
            "input_name": "10.in",
            "output_name": "10.out"
        }
    ],
    "hint": {
        "format": "html",
        "value": "HINT:\u65f6\u95f4\u9650\u5236\uff1a1.0s  \u5185\u5b58\u9650\u5236\uff1a256.0MB<br />\u3000\u3000\u5bf9\u4e8e 30%\u7684\u6570\u636e\uff0c\u6709n\u22642\uff1b<br /> \u3000\u3000\u5bf9\u4e8e 50%\u7684\u6570\u636e\uff0c0\u2264a, b, g, k\u2264100\uff1b<br /> \u3000\u3000\u5bf9\u4e8e 100%\u7684\u6570\u636e\uff0c\u67090\u2264n\u226410,000\uff0c0\u2264a, b, g, k\u2264100,000\u3002<br /> <br /> <br /> <br /> \u3000\u30001 0 2 3<br /> \u3000\u30000 2 3 3<br /> \u3000\u30002 1 3 3<br /> \u3000\u30004 5"
    },
    "time_limit": 1000,
    "memory_limit": 512,
    "samples": [
        {
            "input": "\u53c2\u8003\u4e0a\u6587 ",
            "output": "\u53c2\u8003\u4e0a\u6587"
        }
    ],
    "template": {},
    "spj": null,
    "rule_type": "ACM",
    "source": "\u84dd\u6865\u676f\u7ec3\u4e60\u7cfb\u7edf ID: 288 \u539f\u9898\u94fe\u63a5: http://lx.lanqiao.cn/problem.page?gpid=T288",
    "answers": []
}