{
    "display_id": "old1086",
    "title": "\u7b97\u6cd5\u8bad\u7ec3 \u4e00\u5143\u4e09\u6b21\u65b9\u7a0b\u6c42\u89e3",
    "description": {
        "format": "html",
        "value": "<br />\u3000\u3000\u6709\u5f62\u5982\uff1aax<sup>3</sup>+bx<sup>2</sup>+cx+d=0  \u8fd9\u6837\u7684\u4e00\u4e2a\u4e00\u5143\u4e09\u6b21\u65b9\u7a0b\u3002\u7ed9\u51fa\u8be5\u65b9\u7a0b\u4e2d\u5404\u9879\u7684\u7cfb\u6570(a\uff0cb\uff0cc\uff0cd  \u5747\u4e3a\u5b9e\u6570)\uff0c\u5e76\u7ea6\u5b9a\u8be5\u65b9\u7a0b\u5b58\u5728\u4e09\u4e2a\u4e0d\u540c\u5b9e\u6839(\u6839\u7684\u8303\u56f4\u5728-100\u81f3100\u4e4b\u95f4)\uff0c\u4e14\u6839\u4e0e\u6839\u4e4b\u5dee\u7684\u7edd\u5bf9\u503c&gt;=1\u3002\u8981\u6c42\u4e09\u4e2a\u5b9e\u6839\u3002\u3002"
    },
    "tags": [
        "\u84dd\u6865\u676f-\u7b97\u6cd5\u8bad\u7ec3"
    ],
    "input_description": {
        "format": "html",
        "value": "\u8f93\u5165\u63cf\u8ff0:<br />\u3000\u3000\u56db\u4e2a\u5b9e\u6570\uff1aa\uff0cb\uff0cc\uff0cd <br />\u8f93\u5165\u6837\u4f8b: <br />1   -5   -4   20"
    },
    "output_description": {
        "format": "html",
        "value": "<br />\u8f93\u51fa\u63cf\u8ff0: <br />\u3000\u3000\u7531\u5c0f\u5230\u5927\u4f9d\u6b21\u5728\u540c\u4e00\u884c\u8f93\u51fa\u8fd9\u4e09\u4e2a\u5b9e\u6839(\u6839\u4e0e\u6839\u4e4b\u95f4\u7559\u6709\u7a7a\u683c)\uff0c\u5e76\u7cbe\u786e\u5230\u5c0f\u6570\u70b9\u540e2\u4f4d<br /> \u8f93\u51fa\u6837\u4f8b: <br />-2.00          2.00   5.00"
    },
    "test_case_score": [
        {
            "score": 100,
            "input_name": "1.in",
            "output_name": "1.out"
        },
        {
            "score": 100,
            "input_name": "2.in",
            "output_name": "2.out"
        },
        {
            "score": 100,
            "input_name": "3.in",
            "output_name": "3.out"
        },
        {
            "score": 100,
            "input_name": "4.in",
            "output_name": "4.out"
        }
    ],
    "hint": {
        "format": "html",
        "value": "HINT:\u65f6\u95f4\u9650\u5236\uff1a1.0s  \u5185\u5b58\u9650\u5236\uff1a256.0MB<br />\u3000\u3000|a|\uff0c|b|\uff0c|c|\uff0c|d|&lt;=10"
    },
    "time_limit": 1000,
    "memory_limit": 512,
    "samples": [
        {
            "input": "\u53c2\u8003\u4e0a\u6587 ",
            "output": "\u53c2\u8003\u4e0a\u6587"
        }
    ],
    "template": {},
    "spj": null,
    "rule_type": "ACM",
    "source": "\u84dd\u6865\u676f\u7ec3\u4e60\u7cfb\u7edf ID: 85 \u539f\u9898\u94fe\u63a5: http://lx.lanqiao.cn/problem.page?gpid=T85",
    "answers": []
}