{
    "display_id": "old1011",
    "title": "\u57fa\u7840\u7ec3\u4e60 \u6768\u8f89\u4e09\u89d2\u5f62",
    "description": {
        "format": "html",
        "value": "<br /> \t<p>\u6768\u8f89\u4e09\u89d2\u5f62\u53c8\u79f0Pascal\u4e09\u89d2\u5f62\uff0c\u5b83\u7684\u7b2ci+1\u884c\u662f(a+b)<sup>i</sup>\u7684\u5c55\u5f00\u5f0f\u7684\u7cfb\u6570\u3002</p> \u3000\u3000<p>\u5b83\u7684\u4e00\u4e2a\u91cd\u8981\u6027\u8d28\u662f\uff1a\u4e09\u89d2\u5f62\u4e2d\u7684\u6bcf\u4e2a\u6570\u5b57\u7b49\u4e8e\u5b83\u4e24\u80a9\u4e0a\u7684\u6570\u5b57\u76f8\u52a0\u3002</p> \u3000\u3000<p>\u4e0b\u9762\u7ed9\u51fa\u4e86\u6768\u8f89\u4e09\u89d2\u5f62\u7684\u524d4\u884c\uff1a</p> \u3000\u3000<p>\u00a0\u00a0\u00a01</p> \u3000\u3000<p>\u00a0\u00a01 1</p> \u3000\u3000<p>\u00a01 2 1</p> \u3000\u3000<p>1 3 3 1</p> \u3000\u3000<p>\u7ed9\u51fan\uff0c\u8f93\u51fa\u5b83\u7684\u524dn\u884c\u3002</p> "
    },
    "tags": [
        "\u84dd\u6865\u676f-\u57fa\u7840\u7ec3\u4e60"
    ],
    "input_description": {
        "format": "html",
        "value": "\u8f93\u5165\u63cf\u8ff0:<br /> \t<p>\u8f93\u5165\u5305\u542b\u4e00\u4e2a\u6570n\u3002</p> <br />\u8f93\u5165\u6837\u4f8b: <br /> \t4 "
    },
    "output_description": {
        "format": "html",
        "value": "<br />\u8f93\u51fa\u63cf\u8ff0: <br /> \t\u8f93\u51fa\u6768\u8f89\u4e09\u89d2\u5f62\u7684\u524dn\u884c\u3002\u6bcf\u4e00\u884c\u4ece\u8fd9\u4e00\u884c\u7684\u7b2c\u4e00\u4e2a\u6570\u5f00\u59cb\u4f9d\u6b21\u8f93\u51fa\uff0c\u4e2d\u95f4\u4f7f\u7528\u4e00\u4e2a\u7a7a\u683c\u5206\u9694\u3002\u8bf7\u4e0d\u8981\u5728\u524d\u9762\u8f93\u51fa\u591a\u4f59\u7684\u7a7a\u683c\u3002 <br /> \u8f93\u51fa\u6837\u4f8b: <br /> \t1<br /> 1 1<br /> 1 2 1<br /> 1 3 3 1 \t"
    },
    "test_case_score": [
        {
            "score": 100,
            "input_name": "1.in",
            "output_name": "1.out"
        },
        {
            "score": 100,
            "input_name": "2.in",
            "output_name": "2.out"
        },
        {
            "score": 100,
            "input_name": "3.in",
            "output_name": "3.out"
        },
        {
            "score": 100,
            "input_name": "4.in",
            "output_name": "4.out"
        },
        {
            "score": 100,
            "input_name": "5.in",
            "output_name": "5.out"
        },
        {
            "score": 100,
            "input_name": "6.in",
            "output_name": "6.out"
        },
        {
            "score": 100,
            "input_name": "7.in",
            "output_name": "7.out"
        },
        {
            "score": 100,
            "input_name": "8.in",
            "output_name": "8.out"
        },
        {
            "score": 100,
            "input_name": "9.in",
            "output_name": "9.out"
        }
    ],
    "hint": {
        "format": "html",
        "value": "HINT:\u65f6\u95f4\u9650\u5236\uff1a1.0s  \u5185\u5b58\u9650\u5236\uff1a256.0MB<br /> \t1 &lt;= n &lt;= 34\u3002 "
    },
    "time_limit": 1000,
    "memory_limit": 512,
    "samples": [
        {
            "input": "\u53c2\u8003\u4e0a\u6587 ",
            "output": "\u53c2\u8003\u4e0a\u6587"
        }
    ],
    "template": {},
    "spj": null,
    "rule_type": "ACM",
    "source": "\u84dd\u6865\u676f\u7ec3\u4e60\u7cfb\u7edf ID: 10 \u539f\u9898\u94fe\u63a5: http://lx.lanqiao.cn/problem.page?gpid=T10",
    "answers": []
}