{
    "display_id": "old1134",
    "title": "\u7b97\u6cd5\u63d0\u9ad8 \u962e\u5c0f\u4e8c\u4e70\u5f69\u7968",
    "description": {
        "format": "html",
        "value": "<br />\u3000\u3000\u5728\u540c\u5b66\u4eec\u7684\u5e2e\u52a9\u4e0b\uff0c\u962e\u5c0f\u4e8c\u662f\u53d8\u7684\u8d8a\u6765\u8d8a\u61d2\u4e86\uff0c\u8fde\u7b97\u8d26\u90fd\u4e0d\u613f\u610f\u81ea\u5df1\u4eb2\u81ea\u52a8\u624b\u4e86\uff0c\u6bcf\u5929\u7684\u5de5\u4f5c\u5c31\u662f\u5750\u5728\u7535\u8111\u524d\u770b\u81ea\u5df1\u7684\u94f6\u884c\u8d26\u6237\u7684\u94b1\u662f\u5426\u6709\u53d8\u591a\u3002\u53ef\u662f\u4e00\u6bb5\u65f6\u95f4\u89c2\u5bdf\u4e0b\u6765\uff0c\u962e\u5c0f\u4e8c\u53d1\u73b0\u81ea\u5df1\u8d26\u6237\u7684\u94b1\u589e\u957f\u597d\u6162\u554a\uff0c\u78b0\u5230\u8282\u5047\u65e5\u7684\u65f6\u5019\u8fde\u4e2a\u94dc\u677f\u90fd\u6ca1\u8fdb\uff0c\u66f4\u90c1\u95f7\u7684\u662f\u8fd9\u4e9b\u5929\u5206\u6587\u4e0d\u8fdb\u5c31\u7b97\u4e86\uff0c\u53ef\u6068\u7684\u662f\u94f6\u884c\u8fd9\u51e0\u5929\u8fd8\u6709\u53ef\u80fd\u201c\u843d\u4e95\u4e0b\u77f3\u201d(\u4ee3\u6263\u4e2a\u4eba\u6240\u5f97\u7a0e)\uff0c\u770b\u7740\u81ea\u5df1\u8d26\u6237\u7684\u94b1\u88ab\u8d1f\u589e\u957f\u4e86\uff0c\u962e\u5c0f\u4e8c\u5c31\u6709\u88ab\u5272\u8089\u7684\u611f\u89c9(\u592a\u75db\u82e6\u4e86\uff01)\uff0c\u8fd9\u65f6\u962e\u5c0f\u4e8c\u6700\u5927\u7684\u613f\u671b\u65e0\u7591\u662f\u4ee5\u6700\u5feb\u7684\u901f\u5ea6\u65e5\u8fdb\u6597\u91d1\uff0c\u53ef\u4ec0\u4e48\u65b9\u6cd5\u80fd\u591f\u65e5\u8fdb\u6597\u91d1\u5462\uff1f\u62a2\u94f6\u884c(\u8001\u672c\u884c)\uff1f\u4e0d\u884c\uff0c\u592a\u5371\u9669\uff0c\u6015\u6709\u547d\u62a2\u6ca1\u547d\u82b1\uff1b\u7ef4\u6301\u73b0\u72b6\uff1f\u53d7\u4e0d\u4e86\uff0c\u6402\u94b1\u592a\u6162\u4e86\uff01\u60f3\u6765\u60f3\u53bb\uff0c\u6293\u7834\u8111\u888b\u4e4b\u540e\uff0c\u7ec8\u4e8e\u60f3\u5230\u4e86\u80fd\u5feb\u901f\u53d1\u5bb6\u81f4\u5bcc\u7684\u6cd5\u5b9d----\u4e70\u5f69\u7968\uff0c\u4e0d\u4f46\u6323\u4e86\u94b1\u6709\u547d\u82b1\uff0c\u8fd0\u6c14\u597d\u7684\u8bdd\uff0c\u53ef\u4ee5\u6bcf\u5929\u4e2d\u4ed6\u4e2a\u51e0\u767e\u4e07\u7684\uff0c\u5c82\u4e0d\u723d\u54c9\uff01\u62b1\u7740\u8fd9\u79cd\u60f3\u6cd5\uff0c\u962e\u5c0f\u4e8c\u5f00\u59cb\u4e86\u4ed6\u7684\u4e70\u5f69\u7968\u4e4b\u65c5\u3002\u60f3\u6cd5\u662f\u201c\u597d\u7684\u201d\uff08\u592a\u5929\u771f\u4e86OR \u592a\u8822\u4e86\uff09\uff0c\u53ef\u662f\u53c8\u53d1\u73b0\u81ea\u5df1\u7684\u6570\u5b66\u529f\u5e95\u592a\u5dee\uff0c\u56e0\u4e3a\u4e0d\u77e5\u9053\u6570\u5b57\u90fd\u6709\u54ea\u4e9b\u7ec4\u5408\u6392\u5217\uff1f\u90a3\u73b0\u5728\u5c31\u8bf7\u540c\u5b66\u4eec\u5199\u4e2a<b>\u9012\u5f52</b>\u7a0b\u5e8f\uff0c\u5e2e\u52a9\u962e\u5c0f\u4e8c\u89e3\u51b3\u4e00\u4e0b\u8fd9\u4e2a\u95ee\u9898\u5427\uff01"
    },
    "tags": [
        "\u84dd\u6865\u676f-\u7b97\u6cd5\u63d0\u9ad8"
    ],
    "input_description": {
        "format": "html",
        "value": "\u8f93\u5165\u63cf\u8ff0:<br />\u3000\u3000\u4e0d\u8d85\u8fc76\u4f4d\u6570\u7684\u6b63\u6574\u6570N\uff0c\u6ce8\u610f\uff1a<b>\u6784\u6210\u6b63\u6574\u6570</b><b>N</b><b>\u7684\u6570\u5b57\u53ef\u91cd\u590d</b> <br />\u8f93\u5165\u6837\u4f8b: <br />123"
    },
    "output_description": {
        "format": "html",
        "value": "<br />\u8f93\u51fa\u63cf\u8ff0: <br />\u3000\u3000\u7ec4\u6210\u6b63\u6574\u6570N\u7684\u6240\u6709\u4f4d\u6570\u7684\u5168\u6392\u5217\uff0c\u8fd9\u4e9b\u6392\u5217\u6309<b>\u5347\u5e8f</b>\u8f93\u51fa\uff0c<b>\u6bcf\u4e2a\u6392\u5217\u5360\u4e00\u884c\u3002</b><br /> <b>   </b><br /> <b>   \u6ce8\u610f\uff1a\u8f93\u51fa\u6570\u636e\u4e2d\u4e0d\u80fd\u6709\u91cd\u590d\u7684\u6392\u5217</b><br /> \u8f93\u51fa\u6837\u4f8b: <br />123<br /> 132<br /> 213<br /> 231<br /> 312<br /> 321"
    },
    "test_case_score": [
        {
            "score": 100,
            "input_name": "1.in",
            "output_name": "1.out"
        },
        {
            "score": 100,
            "input_name": "2.in",
            "output_name": "2.out"
        },
        {
            "score": 100,
            "input_name": "3.in",
            "output_name": "3.out"
        },
        {
            "score": 100,
            "input_name": "4.in",
            "output_name": "4.out"
        },
        {
            "score": 100,
            "input_name": "5.in",
            "output_name": "5.out"
        },
        {
            "score": 100,
            "input_name": "6.in",
            "output_name": "6.out"
        },
        {
            "score": 100,
            "input_name": "7.in",
            "output_name": "7.out"
        },
        {
            "score": 100,
            "input_name": "8.in",
            "output_name": "8.out"
        },
        {
            "score": 100,
            "input_name": "9.in",
            "output_name": "9.out"
        },
        {
            "score": 100,
            "input_name": "10.in",
            "output_name": "10.out"
        }
    ],
    "hint": {
        "format": "html",
        "value": "HINT:\u65f6\u95f4\u9650\u5236\uff1a1.0s  \u5185\u5b58\u9650\u5236\uff1a512.0MB<br />"
    },
    "time_limit": 1000,
    "memory_limit": 512,
    "samples": [
        {
            "input": "\u53c2\u8003\u4e0a\u6587 ",
            "output": "\u53c2\u8003\u4e0a\u6587"
        }
    ],
    "template": {},
    "spj": null,
    "rule_type": "ACM",
    "source": "\u84dd\u6865\u676f\u7ec3\u4e60\u7cfb\u7edf ID: 162 \u539f\u9898\u94fe\u63a5: http://lx.lanqiao.cn/problem.page?gpid=T162",
    "answers": []
}