{
    "display_id": "old1168",
    "title": "\u7b97\u6cd5\u8bad\u7ec3 \u65b0\u751f\u821e\u4f1a",
    "description": {
        "format": "html",
        "value": "<br /><b>\u95ee\u9898\u63cf\u8ff0</b><br /> \u3000\u3000\u65b0\u751f\u821e\u4f1a\u5f00\u59cb\u4e86\u3002n\u540d\u65b0\u751f\u6bcf\u4eba\u6709\u4e09\u4e2a\u5c5e\u6027\uff1a\u59d3\u540d\u3001\u5b66\u53f7\u3001\u6027\u522b\u3002\u5176\u4e2d\uff0c\u59d3\u540d\u7528\u957f\u5ea6\u4e0d\u8d85\u8fc720\u7684\u4ec5\u7531\u5927\u5c0f\u5199\u5b57\u6bcd\u6784\u6210\u7684\u5b57\u7b26\u4e32\u8868\u793a\uff0c\u5b66\u53f7\u7528\u957f\u5ea6\u4e0d\u8d85\u8fc710\u7684\u4ec5\u7531\u6570\u5b57\u6784\u6210\u7684\u5b57\u7b26\u4e32\u8868\u793a\uff0c\u6027\u522b\u7528\u4e00\u4e2a\u5927\u5199\u5b57\u7b26\u2018F\u2019\u6216\u2018M\u2019\u8868\u793a\u3002\u4efb\u610f\u4e24\u4eba\u7684\u59d3\u540d\u3001\u5b66\u53f7\u5747\u4e92\u4e0d\u76f8\u540c\u3002\u6362\u8a00\u4e4b\uff0c\u6bcf\u4e2a\u4eba\u53ef\u88ab\u5176\u59d3\u540d\u6216\u5b66\u53f7\u552f\u4e00\u786e\u5b9a\u3002\u7ed9\u51fam\u5bf9\u4e24\u4eba\u7684\u4fe1\u606f\uff08\u59d3\u540d\u6216\u5b66\u53f7\uff09\uff0c\u5224\u65ad\u4ed6\u4eec\u662f\u5426\u80fd\u5171\u821e\u3002\u4e24\u4eba\u80fd\u5171\u821e\u7684\u5145\u8981\u6761\u4ef6\u4e3a\u4e24\u4eba\u6027\u522b\u76f8\u5f02\u3002<br /> <br /> <b>\u8f93\u5165</b><br /> \u3000\u3000\u7b2c\u4e00\u884c\u4e00\u4e2a\u6574\u6570n\uff082&lt;=n&lt;=1000\uff09\uff0c\u8868\u793a\u5b66\u751f\u4eba\u6570\u3002\u63a5\u4e0b\u6765\u7684n\u884c\u6bcf\u884c\u4f9d\u6b21\u5305\u542b\u4e00\u540d\u65b0\u751f\u7684\u59d3\u540d\u3001\u5b66\u53f7\u3001\u6027\u522b\uff0c\u5206\u522b\u7528\u4e00\u4e2a\u7a7a\u683c\u9694\u5f00\u3002<br /> \u3000\u3000\u4e4b\u540e\u7684\u4e00\u884c\u662f\u4e00\u4e2a\u6574\u6570m(1&lt;=m&lt;=1000)\uff0c\u8868\u793a\u8be2\u95ee\u7684\u6570\u76ee\u3002\u63a5\u7740\u7684m\u884c\u6bcf\u884c\u5305\u542b\u4e24\u4e2a\u4fe1\u606f\uff08\u59d3\u540d\u6216\u5b66\u53f7\uff09\uff0c\u4fdd\u8bc1\u4e24\u4e2a\u4fe1\u606f\u4e0d\u5c5e\u4e8e\u540c\u4e00\u4eba\uff0c\u4e2d\u95f4\u7528\u4e00\u4e2a\u7a7a\u683c\u9694\u5f00\u3002<br /> <br /> <b>\u8f93\u51fa</b><br /> \u3000\u3000\u5bf9\u4e8e\u6bcf\u4e2a\u8be2\u95ee\u8f93\u51fa\u4e00\u884c\uff0c\u5982\u679c\u4e24\u4eba\u53ef\u4ee5\u5171\u821e\uff0c\u8f93\u51fa\u4e00\u4e2a\u5927\u5199\u5b57\u6bcd\u2018Y\u2019\uff0c\u5426\u5219\u8f93\u51fa\u4e00\u4e2a\u5927\u5199\u5b57\u6bcd\u2018N\u2019\u3002<br /> <br /> <br /> <b>\u6837\u4f8b\u8f93\u5165</b><br /> \u3000\u30004<br /> \u3000\u3000John 10 M<br /> \u3000\u3000Jack 11 M<br /> \u3000\u3000Kate 20 F<br /> \u3000\u3000Jim 21 M<br /> \u3000\u30003<br /> \u3000\u3000John 11<br /> \u3000\u300020 Jack<br /> \u3000\u3000Jim Jack<br /> <br /> <br /> <b>\u6837\u4f8b\u8f93\u51fa</b><br /> \u3000\u3000N<br /> \u3000\u3000Y<br /> \u3000\u3000N<br /> <br /> <b>\u63d0\u793a</b><br /> \u3000\u3000\u53ef\u4ee5\u628a\u540d\u5b57\u548c\u5b66\u53f7\u90fd\u5f53\u6210\u5b57\u7b26\u4e32\u5904\u7406\u3002\u53ef\u4ee5\u6309\u4ee5\u4e0b\u6d41\u7a0b\u5b9e\u73b0\u3002<br /> <br /> \u3000\u3000#include&lt;iostream&gt;<br /> \u3000\u3000#include&lt;cstring&gt;<br /> \u3000\u3000using namespace std;<br /> <br /> \u3000\u3000struct tstudent<br /> \u3000\u3000{<br /> \u3000\u3000char name[21];<br /> \u3000\u3000char num[21];<br /> \u3000\u3000char sex;<br /> \u3000\u3000};<br /> <br /> \u3000\u3000void readdata(tstudent student[], int n)<br /> \u3000\u3000{<br /> <b>\u8f93\u5165N\u4e2a\u5b66\u751f\u7684\u4fe1\u606f</b><br /> \u3000\u3000}<br /> <br /> \u3000\u3000int findstudent(tstudent student[], int n, char* data)<br /> \u3000\u3000{<br /> \u3000\u3000if (data == NULL) return -1;<br /> <br /> <b>\u5224\u65ad\u662f\u5426\u6709\u67d0\u4e2a\u5b66\u751f\u7684\u5b66\u53f7\u6216\u540d\u5b57\u7b49\u4e8edata\uff0c\u5982\u679c\u6709\uff0c\u51fd\u6570\u8fd4\u56de\u8be5\u5b66\u751f\u5728student\u6570\u7ec4\u4e2d\u7684\u5e8f\u53f7\uff0c\u5426\u5219\u8fd4\u56de-1</b><br /> \u3000\u3000}<br /> <br /> \u3000\u3000void solve(tstudent student[], int n, int m)<br /> \u3000\u3000{<br /> \u3000\u3000char x[21], y[21];<br /> \u3000\u3000for (int i=0; i&lt;m; i++) {<br /> <b>\u8f93\u5165\u4e24\u4e2a\u4eba\u7684\u4fe1\u606fX\u3001Y\u3002\u901a\u8fc7\u8c03\u7528findstudent\u51fd\u6570\u5224\u65ad\u8fd9\u4e24\u4e2a\u4eba\u80fd\u5426\u6210\u4e3a\u821e\u4f34</b><br /> \u3000\u3000}<br /> \u3000\u3000}<br /> <br /> \u3000\u3000int main()<br /> \u3000\u3000{<br /> \u3000\u3000int n, m;<br /> \u3000\u3000tstudent student[1010];<br /> <br /> \u3000\u3000cin&gt;&gt;n;<br /> <br /> \u3000\u3000readdata(student, n);<br /> \u3000\u3000cin&gt;&gt;m;<br /> \u3000\u3000solve(student, n, m);<br /> \u3000\u3000}"
    },
    "tags": [
        "\u84dd\u6865\u676f-\u7b97\u6cd5\u8bad\u7ec3"
    ],
    "input_description": {
        "format": "html",
        "value": "\u8f93\u5165\u63cf\u8ff0:<br /> <br />\u8f93\u5165\u6837\u4f8b: <br />"
    },
    "output_description": {
        "format": "html",
        "value": "<br />\u8f93\u51fa\u63cf\u8ff0: <br /><br /> \u8f93\u51fa\u6837\u4f8b: <br />"
    },
    "test_case_score": [
        {
            "score": 100,
            "input_name": "1.in",
            "output_name": "1.out"
        },
        {
            "score": 100,
            "input_name": "2.in",
            "output_name": "2.out"
        },
        {
            "score": 100,
            "input_name": "3.in",
            "output_name": "3.out"
        },
        {
            "score": 100,
            "input_name": "4.in",
            "output_name": "4.out"
        },
        {
            "score": 100,
            "input_name": "5.in",
            "output_name": "5.out"
        }
    ],
    "hint": {
        "format": "html",
        "value": "HINT:\u65f6\u95f4\u9650\u5236\uff1a1.0s  \u5185\u5b58\u9650\u5236\uff1a512.0MB<br />"
    },
    "time_limit": 1000,
    "memory_limit": 512,
    "samples": [
        {
            "input": "\u53c2\u8003\u4e0a\u6587 ",
            "output": "\u53c2\u8003\u4e0a\u6587"
        }
    ],
    "template": {},
    "spj": null,
    "rule_type": "ACM",
    "source": "\u84dd\u6865\u676f\u7ec3\u4e60\u7cfb\u7edf ID: 227 \u539f\u9898\u94fe\u63a5: http://lx.lanqiao.cn/problem.page?gpid=T227",
    "answers": []
}