{
    "display_id": "old1036",
    "title": "\u5386\u5c4a\u8bd5\u9898 \u5371\u9669\u7cfb\u6570",
    "description": {
        "format": "html",
        "value": "<br />  <p>\u6297\u65e5\u6218\u4e89\u65f6\u671f\uff0c\u5180\u4e2d\u5e73\u539f\u7684\u5730\u9053\u6218\u66fe\u53d1\u6325\u91cd\u8981\u4f5c\u7528\u3002</p> <p>\u5730\u9053\u7684\u591a\u4e2a\u7ad9\u70b9\u95f4\u6709\u901a\u9053\u8fde\u63a5\uff0c\u5f62\u6210\u4e86\u5e9e\u5927\u7684\u7f51\u7edc\u3002\u4f46\u4e5f\u6709\u9690\u60a3\uff0c\u5f53\u654c\u4eba\u53d1\u73b0\u4e86\u67d0\u4e2a\u7ad9\u70b9\u540e\uff0c\u5176\u5b83\u7ad9\u70b9\u95f4\u53ef\u80fd\u56e0\u6b64\u4f1a\u5931\u53bb\u8054\u7cfb\u3002</p> <p>\u6211\u4eec\u6765\u5b9a\u4e49\u4e00\u4e2a\u5371\u9669\u7cfb\u6570DF(x,y)\uff1a</p> <p>\u5bf9\u4e8e\u4e24\u4e2a\u7ad9\u70b9x\u548cy (x != y), \u5982\u679c\u80fd\u627e\u5230\u4e00\u4e2a\u7ad9\u70b9z\uff0c\u5f53z\u88ab\u654c\u4eba\u7834\u574f\u540e\uff0cx\u548cy\u4e0d\u8fde\u901a\uff0c\u90a3\u4e48\u6211\u4eec\u79f0z\u4e3a\u5173\u4e8ex,y\u7684\u5173\u952e\u70b9\u3002\u76f8\u5e94\u7684\uff0c\u5bf9\u4e8e\u4efb\u610f\u4e00\u5bf9\u7ad9\u70b9x\u548cy\uff0c\u5371\u9669\u7cfb\u6570DF(x,y)\u5c31\u8868\u793a\u4e3a\u8fd9\u4e24\u70b9\u4e4b\u95f4\u7684\u5173\u952e\u70b9\u4e2a\u6570\u3002</p> <p>\u672c\u9898\u7684\u4efb\u52a1\u662f\uff1a\u5df2\u77e5\u7f51\u7edc\u7ed3\u6784\uff0c\u6c42\u4e24\u7ad9\u70b9\u4e4b\u95f4\u7684\u5371\u9669\u7cfb\u6570\u3002</p>  "
    },
    "tags": [
        "\u84dd\u6865\u676f-\u5386\u5c4a\u8bd5\u9898"
    ],
    "input_description": {
        "format": "html",
        "value": "\u8f93\u5165\u63cf\u8ff0:<br />  <p>\u8f93\u5165\u6570\u636e\u7b2c\u4e00\u884c\u5305\u542b2\u4e2a\u6574\u6570n(2 &lt;= n &lt;= 1000), m(0 &lt;= m &lt;= 2000),\u5206\u522b\u4ee3\u8868\u7ad9\u70b9\u6570\uff0c\u901a\u9053\u6570\uff1b</p> <p>\u63a5\u4e0b\u6765m\u884c\uff0c\u6bcf\u884c\u4e24\u4e2a\u6574\u6570 u,v (1 &lt;= u, v &lt;= n; u != v)\u4ee3\u8868\u4e00\u6761\u901a\u9053\uff1b</p> <p>\u6700\u540e1\u884c\uff0c\u4e24\u4e2a\u6570u,v\uff0c\u4ee3\u8868\u8be2\u95ee\u4e24\u70b9\u4e4b\u95f4\u7684\u5371\u9669\u7cfb\u6570DF(u, v)\u3002</p>   <br />\u8f93\u5165\u6837\u4f8b: <br /> 7 6<br /> 1 3<br /> 2 3<br /> 3 4<br /> 3 5<br /> 4 5<br /> 5 6<br /> 1 6  "
    },
    "output_description": {
        "format": "html",
        "value": "<br />\u8f93\u51fa\u63cf\u8ff0: <br />  \u4e00\u4e2a\u6574\u6570\uff0c\u5982\u679c\u8be2\u95ee\u7684\u4e24\u70b9\u4e0d\u8fde\u901a\u5219\u8f93\u51fa-1.  <br /> \u8f93\u51fa\u6837\u4f8b: <br /> 2 \t"
    },
    "test_case_score": [
        {
            "score": 100,
            "input_name": "1.in",
            "output_name": "1.out"
        },
        {
            "score": 100,
            "input_name": "2.in",
            "output_name": "2.out"
        },
        {
            "score": 100,
            "input_name": "3.in",
            "output_name": "3.out"
        },
        {
            "score": 100,
            "input_name": "4.in",
            "output_name": "4.out"
        },
        {
            "score": 100,
            "input_name": "5.in",
            "output_name": "5.out"
        }
    ],
    "hint": {
        "format": "html",
        "value": "HINT:\u65f6\u95f4\u9650\u5236\uff1a1.0s  \u5185\u5b58\u9650\u5236\uff1a256.0MB<br />"
    },
    "time_limit": 1000,
    "memory_limit": 512,
    "samples": [
        {
            "input": "\u53c2\u8003\u4e0a\u6587 ",
            "output": "\u53c2\u8003\u4e0a\u6587"
        }
    ],
    "template": {},
    "spj": null,
    "rule_type": "ACM",
    "source": "\u84dd\u6865\u676f\u7ec3\u4e60\u7cfb\u7edf ID: 35 \u539f\u9898\u94fe\u63a5: http://lx.lanqiao.cn/problem.page?gpid=T35",
    "answers": []
}