{
    "display_id": "old1072",
    "title": "\u57fa\u7840\u7ec3\u4e60 \u9636\u4e58\u8ba1\u7b97",
    "description": {
        "format": "html",
        "value": "<br />\u3000\u3000\u8f93\u5165\u4e00\u4e2a\u6b63\u6574\u6570n\uff0c\u8f93\u51fan!\u7684\u503c\u3002<br /> \u3000\u3000\u5176\u4e2dn!=1*2*3*\u2026*n\u3002"
    },
    "tags": [
        "\u84dd\u6865\u676f-\u57fa\u7840\u7ec3\u4e60"
    ],
    "input_description": {
        "format": "html",
        "value": "\u8f93\u5165\u63cf\u8ff0:<br />\u3000\u3000n!\u53ef\u80fd\u5f88\u5927\uff0c\u800c\u8ba1\u7b97\u673a\u80fd\u8868\u793a\u7684\u6574\u6570\u8303\u56f4\u6709\u9650\uff0c\u9700\u8981\u4f7f\u7528\u9ad8\u7cbe\u5ea6\u8ba1\u7b97\u7684\u65b9\u6cd5\u3002\u4f7f\u7528\u4e00\u4e2a\u6570\u7ec4A\u6765\u8868\u793a\u4e00\u4e2a\u5927\u6574\u6570a\uff0cA[0]\u8868\u793aa\u7684\u4e2a\u4f4d\uff0cA[1]\u8868\u793aa\u7684\u5341\u4f4d\uff0c\u4f9d\u6b21\u7c7b\u63a8\u3002<br /> \u3000\u3000\u5c06a\u4e58\u4ee5\u4e00\u4e2a\u6574\u6570k\u53d8\u4e3a\u5c06\u6570\u7ec4A\u7684\u6bcf\u4e00\u4e2a\u5143\u7d20\u90fd\u4e58\u4ee5k\uff0c\u8bf7\u6ce8\u610f\u5904\u7406\u76f8\u5e94\u7684\u8fdb\u4f4d\u3002<br /> \u3000\u3000\u9996\u5148\u5c06a\u8bbe\u4e3a1\uff0c\u7136\u540e\u4e582\uff0c\u4e583\uff0c\u5f53\u4e58\u5230n\u65f6\uff0c\u5373\u5f97\u5230\u4e86n!\u7684\u503c\u3002 <br />\u8f93\u5165\u6837\u4f8b: <br />10"
    },
    "output_description": {
        "format": "html",
        "value": "<br />\u8f93\u51fa\u63cf\u8ff0: <br />\u3000\u3000\u8f93\u5165\u5305\u542b\u4e00\u4e2a\u6b63\u6574\u6570n\uff0cn&lt;=1000\u3002<br /> \u8f93\u51fa\u6837\u4f8b: <br />3628800"
    },
    "test_case_score": [
        {
            "score": 100,
            "input_name": "1.in",
            "output_name": "1.out"
        },
        {
            "score": 100,
            "input_name": "2.in",
            "output_name": "2.out"
        },
        {
            "score": 100,
            "input_name": "3.in",
            "output_name": "3.out"
        },
        {
            "score": 100,
            "input_name": "4.in",
            "output_name": "4.out"
        },
        {
            "score": 100,
            "input_name": "5.in",
            "output_name": "5.out"
        },
        {
            "score": 100,
            "input_name": "6.in",
            "output_name": "6.out"
        },
        {
            "score": 100,
            "input_name": "7.in",
            "output_name": "7.out"
        },
        {
            "score": 100,
            "input_name": "8.in",
            "output_name": "8.out"
        },
        {
            "score": 100,
            "input_name": "9.in",
            "output_name": "9.out"
        },
        {
            "score": 100,
            "input_name": "10.in",
            "output_name": "10.out"
        }
    ],
    "hint": {
        "format": "html",
        "value": "HINT:\u65f6\u95f4\u9650\u5236\uff1a1.0s  \u5185\u5b58\u9650\u5236\uff1a512.0MB<br />\u3000\u3000\u8f93\u51fan!\u7684\u51c6\u786e\u503c\u3002"
    },
    "time_limit": 1000,
    "memory_limit": 512,
    "samples": [
        {
            "input": "\u53c2\u8003\u4e0a\u6587 ",
            "output": "\u53c2\u8003\u4e0a\u6587"
        }
    ],
    "template": {},
    "spj": null,
    "rule_type": "ACM",
    "source": "\u84dd\u6865\u676f\u7ec3\u4e60\u7cfb\u7edf ID: 71 \u539f\u9898\u94fe\u63a5: http://lx.lanqiao.cn/problem.page?gpid=T71",
    "answers": []
}