{
    "display_id": "old1020",
    "title": "\u7b97\u6cd5\u63d0\u9ad8 \u4e24\u6761\u76f4\u7ebf",
    "description": {
        "format": "html",
        "value": "<br /> \t<p>\u7ed9\u5b9a\u5e73\u9762\u4e0an\u4e2a\u70b9\u3002</p> \t<p>\u6c42\u4e24\u6761\u76f4\u7ebf\uff0c\u8fd9\u4e24\u6761\u76f4\u7ebf\u4e92\u76f8\u5782\u76f4\uff0c\u800c\u4e14\u5b83\u4eec\u4e0ex\u8f74\u7684\u5939\u89d2\u4e3a45\u5ea6\uff0c\u5e76\u4e14n\u4e2a\u70b9\u4e2d\u79bb\u8fd9\u4e24\u6761\u76f4\u7ebf\u7684\u66fc\u54c8\u987f\u8ddd\u79bb\u7684\u6700\u5927\u503c\u6700\u5c0f\u3002</p> \t<p>\u4e24\u70b9\u4e4b\u95f4\u7684\u66fc\u54c8\u987f\u8ddd\u79bb\u5b9a\u4e49\u4e3a\u6a2a\u5750\u6807\u7684\u5dee\u7684\u7edd\u5bf9\u503c\u4e0e\u7eb5\u5750\u6807\u7684\u5dee\u7684\u7edd\u5bf9\u503c\u4e4b\u548c\uff0c\u4e00\u4e2a\u70b9\u5230\u4e24\u6761\u76f4\u7ebf\u7684\u66fc\u54c8\u987f\u8ddd\u79bb\u662f\u6307\u8be5\u70b9\u5230\u4e24\u6761\u76f4\u7ebf\u4e0a\u7684\u6240\u6709\u70b9\u7684\u66fc\u54c8\u987f\u8ddd\u79bb\u4e2d\u7684\u6700\u5c0f\u503c\u3002</p> "
    },
    "tags": [
        "\u84dd\u6865\u676f-\u7b97\u6cd5\u63d0\u9ad8"
    ],
    "input_description": {
        "format": "html",
        "value": "\u8f93\u5165\u63cf\u8ff0:<br /> \t<p>\u7b2c\u4e00\u884c\u5305\u542b\u4e00\u4e2a\u6570n\u3002</p> \t<p>\u63a5\u4e0b\u6765n\u884c\uff0c\u6bcf\u884c\u5305\u542b\u4e24\u4e2a\u6574\u6570\uff0c\u8868\u793an\u4e2a\u70b9\u7684\u5750\u6807\uff08\u6a2a\u7eb5\u5750\u6807\u7684\u7edd\u5bf9\u503c\u5c0f\u4e8e10<sup>9</sup>\uff09\u3002</p>  <br />\u8f93\u5165\u6837\u4f8b: <br /> 4<br /> 1 0<br /> 0 1<br /> 2 1<br /> 1 2 "
    },
    "output_description": {
        "format": "html",
        "value": "<br />\u8f93\u51fa\u63cf\u8ff0: <br /> \t\u8f93\u51fa\u4e00\u4e2a\u503c\uff0c\u8868\u793a\u6700\u5c0f\u7684\u6700\u5927\u66fc\u54c8\u987f\u8ddd\u79bb\u7684\u503c\uff0c\u4fdd\u7559\u4e00\u4f4d\u5c0f\u6570\u3002 <br /> \u8f93\u51fa\u6837\u4f8b: <br /> 1.0 \t"
    },
    "test_case_score": [
        {
            "score": 100,
            "input_name": "1.in",
            "output_name": "1.out"
        },
        {
            "score": 100,
            "input_name": "2.in",
            "output_name": "2.out"
        },
        {
            "score": 100,
            "input_name": "3.in",
            "output_name": "3.out"
        },
        {
            "score": 100,
            "input_name": "4.in",
            "output_name": "4.out"
        },
        {
            "score": 100,
            "input_name": "5.in",
            "output_name": "5.out"
        },
        {
            "score": 100,
            "input_name": "6.in",
            "output_name": "6.out"
        },
        {
            "score": 100,
            "input_name": "7.in",
            "output_name": "7.out"
        },
        {
            "score": 100,
            "input_name": "8.in",
            "output_name": "8.out"
        },
        {
            "score": 100,
            "input_name": "9.in",
            "output_name": "9.out"
        },
        {
            "score": 100,
            "input_name": "10.in",
            "output_name": "10.out"
        }
    ],
    "hint": {
        "format": "html",
        "value": "HINT:\u65f6\u95f4\u9650\u5236\uff1a1.0s  \u5185\u5b58\u9650\u5236\uff1a256.0MB<br /> <p>\u5bf9\u4e8e30%\u7684\u6570\u636e\uff0cn&lt;=100\u3002</p> <p>\u5bf9\u4e8e\u53e6\u591630%\u7684\u6570\u636e\uff0c\u5750\u6807\u8303\u7684\u7edd\u5bf9\u503c\u5c0f\u4e8e100\u3002</p> <p>\u5bf9\u4e8e100%\u7684\u6570\u636e\uff0cn&lt;=10<sup>5</sup>\u3002</p> "
    },
    "time_limit": 1000,
    "memory_limit": 512,
    "samples": [
        {
            "input": "\u53c2\u8003\u4e0a\u6587 ",
            "output": "\u53c2\u8003\u4e0a\u6587"
        }
    ],
    "template": {},
    "spj": null,
    "rule_type": "ACM",
    "source": "\u84dd\u6865\u676f\u7ec3\u4e60\u7cfb\u7edf ID: 19 \u539f\u9898\u94fe\u63a5: http://lx.lanqiao.cn/problem.page?gpid=T19",
    "answers": []
}