{
    "display_id": "old1009",
    "title": "\u57fa\u7840\u7ec3\u4e60 \u6570\u5217\u7279\u5f81",
    "description": {
        "format": "html",
        "value": "<br /> <p>\u7ed9\u51fan\u4e2a\u6570\uff0c\u627e\u51fa\u8fd9n\u4e2a\u6570\u7684\u6700\u5927\u503c\uff0c\u6700\u5c0f\u503c\uff0c\u548c\u3002</p> "
    },
    "tags": [
        "\u84dd\u6865\u676f-\u57fa\u7840\u7ec3\u4e60"
    ],
    "input_description": {
        "format": "html",
        "value": "\u8f93\u5165\u63cf\u8ff0:<br /> <p>\u7b2c\u4e00\u884c\u4e3a\u6574\u6570n\uff0c\u8868\u793a\u6570\u7684\u4e2a\u6570\u3002</p> <p>\u7b2c\u4e8c\u884c\u6709n\u4e2a\u6570\uff0c\u4e3a\u7ed9\u5b9a\u7684n\u4e2a\u6570\uff0c\u6bcf\u4e2a\u6570\u7684\u7edd\u5bf9\u503c\u90fd\u5c0f\u4e8e10000\u3002</p>  <br />\u8f93\u5165\u6837\u4f8b: <br />5<br /> 1 3 -2 4 5"
    },
    "output_description": {
        "format": "html",
        "value": "<br />\u8f93\u51fa\u63cf\u8ff0: <br />\u8f93\u51fa\u4e09\u884c\uff0c\u6bcf\u884c\u4e00\u4e2a\u6574\u6570\u3002\u7b2c\u4e00\u884c\u8868\u793a\u8fd9\u4e9b\u6570\u4e2d\u7684\u6700\u5927\u503c\uff0c\u7b2c\u4e8c\u884c\u8868\u793a\u8fd9\u4e9b\u6570\u4e2d\u7684\u6700\u5c0f\u503c\uff0c\u7b2c\u4e09\u884c\u8868\u793a\u8fd9\u4e9b\u6570\u7684\u548c\u3002<br /> \u8f93\u51fa\u6837\u4f8b: <br />5<br /> -2<br /> 11"
    },
    "test_case_score": [
        {
            "score": 100,
            "input_name": "1.in",
            "output_name": "1.out"
        },
        {
            "score": 100,
            "input_name": "2.in",
            "output_name": "2.out"
        },
        {
            "score": 100,
            "input_name": "3.in",
            "output_name": "3.out"
        },
        {
            "score": 100,
            "input_name": "4.in",
            "output_name": "4.out"
        },
        {
            "score": 100,
            "input_name": "5.in",
            "output_name": "5.out"
        },
        {
            "score": 100,
            "input_name": "6.in",
            "output_name": "6.out"
        },
        {
            "score": 100,
            "input_name": "7.in",
            "output_name": "7.out"
        },
        {
            "score": 100,
            "input_name": "8.in",
            "output_name": "8.out"
        },
        {
            "score": 100,
            "input_name": "9.in",
            "output_name": "9.out"
        }
    ],
    "hint": {
        "format": "html",
        "value": "HINT:\u65f6\u95f4\u9650\u5236\uff1a1.0s  \u5185\u5b58\u9650\u5236\uff1a256.0MB<br />1 &lt;= n &lt;= 10000\u3002"
    },
    "time_limit": 1000,
    "memory_limit": 512,
    "samples": [
        {
            "input": "\u53c2\u8003\u4e0a\u6587 ",
            "output": "\u53c2\u8003\u4e0a\u6587"
        }
    ],
    "template": {},
    "spj": null,
    "rule_type": "ACM",
    "source": "\u84dd\u6865\u676f\u7ec3\u4e60\u7cfb\u7edf ID: 8 \u539f\u9898\u94fe\u63a5: http://lx.lanqiao.cn/problem.page?gpid=T8",
    "answers": []
}