{
    "display_id": "old1119",
    "title": "\u7b97\u6cd5\u63d0\u9ad8 \u7edf\u8ba1\u5355\u8bcd\u6570",
    "description": {
        "format": "html",
        "value": "<br />\u3000\u3000\u7edf\u8ba1\u8f93\u5165\u82f1\u6587\u6587\u7ae0\u6bb5\u843d\u4e2d\u4e0d\u540c\u5355\u8bcd\uff08\u5355\u8bcd\u6709\u5927\u5c0f\u5199\u4e4b\u5206,\u3000\u3000\u4f46\u7edf\u8ba1\u65f6\u5ffd\u7565\u5927\u5c0f\u5199\uff09\u5404\u81ea\u51fa\u73b0\u7684\u6b21\u6570\u3002 \u8f93\u5165\u6bb5\u843d\u4e2d\u6240\u542b\u5355\u8bcd\u7684\u603b\u6570\u4e0d\u8d85\u8fc7100\uff0c\u6700\u957f\u5355\u8bcd\u7684\u957f\u5ea6\u4e0d\u8d85\u8fc720\u4e2a\u5b57\u6bcd."
    },
    "tags": [
        "\u84dd\u6865\u676f-\u7b97\u6cd5\u63d0\u9ad8"
    ],
    "input_description": {
        "format": "html",
        "value": "\u8f93\u5165\u63cf\u8ff0:<br />\u3000\u3000\u4e00\u4e2a\u5305\u542b\u82e5\u5e72\u53e5\u5b50\u7684\u6bb5\u843d, \u6bcf\u4e2a\u53e5\u5b50\u7531\u82e5\u5e72\u82f1\u6587\u5355\u8bcd\u7ec4\u6210. \u9664\u7a7a\u683c,\u3000\u3000\u9017\u53f7\u548c\u53e5\u53f7\u5916, \u8fd9\u4e9b\u8f93\u5165\u7684\u53e5\u5b50\u4e2d\u4e0d\u542b\u5176\u4ed6\u975e\u5b57\u6bcd\u5b57\u7b26, \u5e76\u4e14, \u9017\u53f7\u548c\u53e5\u53f7\u7d27\u8ddf\u5728\u5b83\u524d\u9762\u7684\u82f1\u6587\u5355\u8bcd\u540e\u9762, \u4e2d\u95f4\u6ca1\u6709\u7a7a\u683c. \u6bb5\u843d\u6700\u540e\u4e00\u4e2a\u5b57\u7b26\u662f\u56de\u8f66\u7b26,\u3000\u3000\u8868\u793a\u8f93\u5165\u7ed3\u675f. <br />\u8f93\u5165\u6837\u4f8b: <br />"
    },
    "output_description": {
        "format": "html",
        "value": "<br />\u8f93\u51fa\u63cf\u8ff0: <br />\u3000\u3000\u82e5\u6bb5\u843d\u4e2d\u5171\u6709M\u4e2a\u4e0d\u540c\u7684\u82f1\u6587\u5355\u8bcd\uff0c\u5219\u6309\u7167\u5176\u5728\u6bb5\u843d\u4e2d\u51fa\u73b0\u7684\u5148\u540e\u987a\u5e8f\u8f93\u51faM\u884c\uff0c\u5404\u884c\u7684\u683c\u5f0f\u4e3a:\u3000\u3000\u5355\u8bcd\u4e2d\u6240\u6709\u5b57\u6bcd\u5747\u7528\u5927\u5199\u5f62\u5f0f\u8f93\u51fa\uff08\u6700\u957f\u7684\u5355\u8bcd\u9876\u683c\u8f93\u51fa\uff0c\u5b83\u524d\u9762\u6ca1\u6709\u591a\u4f59\u7684\u7a7a\u683c;\u3000\u3000\u5176\u4f59\u5355\u8bcd\u4e0e\u5176\u53f3\u5bf9\u9f50\uff09+\u5192\u53f7+N\u4e2a*\u53f7+\u8be5\u5355\u8bcd\u5728\u6bb5\u843d\u4e2d\u7684\u51fa\u73b0\u6b21\u6570N<br /> \u8f93\u51fa\u6837\u4f8b: <br />"
    },
    "test_case_score": [
        {
            "score": 100,
            "input_name": "1.in",
            "output_name": "1.out"
        },
        {
            "score": 100,
            "input_name": "2.in",
            "output_name": "2.out"
        }
    ],
    "hint": {
        "format": "html",
        "value": "HINT:\u65f6\u95f4\u9650\u5236\uff1a1.0s  \u5185\u5b58\u9650\u5236\uff1a512.0MB<br />"
    },
    "time_limit": 1000,
    "memory_limit": 512,
    "samples": [
        {
            "input": "\u53c2\u8003\u4e0a\u6587 ",
            "output": "\u53c2\u8003\u4e0a\u6587"
        }
    ],
    "template": {},
    "spj": null,
    "rule_type": "ACM",
    "source": "\u84dd\u6865\u676f\u7ec3\u4e60\u7cfb\u7edf ID: 140 \u539f\u9898\u94fe\u63a5: http://lx.lanqiao.cn/problem.page?gpid=T140",
    "answers": []
}