{
    "display_id": "old1039",
    "title": "\u5386\u5c4a\u8bd5\u9898 \u683c\u5b50\u5237\u6cb9\u6f06",
    "description": {
        "format": "html",
        "value": "<br />\u3000\u3000X\u56fd\u7684\u4e00\u6bb5\u53e4\u57ce\u5899\u7684\u9876\u7aef\u53ef\u4ee5\u770b\u6210 2*N\u4e2a\u683c\u5b50\u7ec4\u6210\u7684\u77e9\u5f62\uff08\u5982\u4e0b\u56fe\u6240\u793a\uff09\uff0c\u73b0\u9700\u8981\u628a\u8fd9\u4e9b\u683c\u5b50\u5237\u4e0a\u4fdd\u62a4\u6f06\u3002<br /> <br /> <img src=\"/RequireFile.do?fid=HLt96rLF\" width=\"439\" height=\"234\" /><br /> \u3000\u3000\u4f60\u53ef\u4ee5\u4ece\u4efb\u610f\u4e00\u4e2a\u683c\u5b50\u5237\u8d77\uff0c\u5237\u5b8c\u4e00\u683c\uff0c\u53ef\u4ee5\u79fb\u52a8\u5230\u548c\u5b83\u76f8\u90bb\u7684\u683c\u5b50\uff08\u5bf9\u89d2\u76f8\u90bb\u4e5f\u7b97\u6570\uff09\uff0c\u4f46\u4e0d\u80fd\u79fb\u52a8\u5230\u8f83\u8fdc\u7684\u683c\u5b50\uff08\u56e0\u4e3a\u6cb9\u6f06\u672a\u5e72\u4e0d\u80fd\u8e29\uff01\uff09<br /> \u3000\u3000\u6bd4\u5982\uff1aa d b c e f \u5c31\u662f\u5408\u683c\u7684\u5237\u6f06\u987a\u5e8f\u3002<br /> \u3000\u3000c e f d a b \u662f\u53e6\u4e00\u79cd\u5408\u9002\u7684\u65b9\u6848\u3002<br /> \u3000\u3000\u5f53\u5df2\u77e5 N \u65f6\uff0c\u6c42\u603b\u7684\u65b9\u6848\u6570\u3002\u5f53N\u8f83\u5927\u65f6\uff0c\u7ed3\u679c\u4f1a\u8fc5\u901f\u589e\u5927\uff0c\u8bf7\u628a\u7ed3\u679c\u5bf9 1000000007 (\u5341\u4ebf\u96f6\u4e03) \u53d6\u6a21\u3002"
    },
    "tags": [
        "\u84dd\u6865\u676f-\u5386\u5c4a\u8bd5\u9898"
    ],
    "input_description": {
        "format": "html",
        "value": "\u8f93\u5165\u63cf\u8ff0:<br />\u3000\u3000\u8f93\u5165\u6570\u636e\u4e3a\u4e00\u4e2a\u6b63\u6574\u6570\uff08\u4e0d\u5927\u4e8e1000\uff09 <br />\u8f93\u5165\u6837\u4f8b: <br />2"
    },
    "output_description": {
        "format": "html",
        "value": "<br />\u8f93\u51fa\u63cf\u8ff0: <br />\u3000\u3000\u8f93\u51fa\u6570\u636e\u4e3a\u4e00\u4e2a\u6b63\u6574\u6570\u3002<br /> \u8f93\u51fa\u6837\u4f8b: <br />24"
    },
    "test_case_score": [
        {
            "score": 100,
            "input_name": "1.in",
            "output_name": "1.out"
        },
        {
            "score": 100,
            "input_name": "2.in",
            "output_name": "2.out"
        },
        {
            "score": 100,
            "input_name": "3.in",
            "output_name": "3.out"
        },
        {
            "score": 100,
            "input_name": "4.in",
            "output_name": "4.out"
        },
        {
            "score": 100,
            "input_name": "5.in",
            "output_name": "5.out"
        }
    ],
    "hint": {
        "format": "html",
        "value": "HINT:\u65f6\u95f4\u9650\u5236\uff1a1.0s  \u5185\u5b58\u9650\u5236\uff1a256.0MB<br />"
    },
    "time_limit": 1000,
    "memory_limit": 512,
    "samples": [
        {
            "input": "\u53c2\u8003\u4e0a\u6587 ",
            "output": "\u53c2\u8003\u4e0a\u6587"
        }
    ],
    "template": {},
    "spj": null,
    "rule_type": "ACM",
    "source": "\u84dd\u6865\u676f\u7ec3\u4e60\u7cfb\u7edf ID: 38 \u539f\u9898\u94fe\u63a5: http://lx.lanqiao.cn/problem.page?gpid=T38",
    "answers": []
}