{
    "display_id": "old1263",
    "title": "\u7b97\u6cd5\u63d0\u9ad8 \u6d17\u724c",
    "description": {
        "format": "html",
        "value": "<br />\u3000\u3000\u5c0f\u5f31T\u5728\u95f2\u6687\u7684\u65f6\u5019\u4f1a\u548c\u5ba4\u53cb\u6253\u6251\u514b\uff0c\u8f93\u7684\u4eba\u5c31\u8981\u8d1f\u8d23\u6d17\u724c\u3002\u867d\u7136\u5c0f\u5f31T\u4e0d\u600e\u4e48\u4f1a\u6d17\u724c\uff0c\u4f46\u662f\u4ed6\u5374\u603b\u662f\u8f93\u3002<br /> \u3000\u3000\u6e10\u6e10\u5730\u5c0f\u5f31T\u53d1\u73b0\u4e86\u4e00\u4e2a\u89c4\u5f8b\uff1a\u53ea\u8981\u81ea\u5df1\u6d17\u724c\uff0c\u81ea\u5df1\u5c31\u4e00\u5b9a\u4f1a\u8f93\u3002\u6240\u4ee5\u5c0f\u5f31T\u8ba4\u4e3a\u81ea\u5df1\u6d17\u724c\u4e0d\u591f\u5747\u5300\uff0c\u5c31\u72ec\u521b\u4e86\u4e00\u79cd\u5c0f\u5f31\u6d17\u724c\u6cd5\u3002<br /> \u3000\u3000\u5c0f\u5f31\u6d17\u724c\u6cd5\u662f\u8fd9\u6837\u505a\u7684\uff1a\u5148\u7528\u4f20\u7edf\u6d17\u724c\u6cd5\u5c0652\u5f20\u6251\u514b\u724c\uff081\u5230K\u5404\u56db\u5f20\uff0c\u9664\u53bb\u5927\u5c0f\u738b\uff09\u6253\u4e71\uff0c\u653e\u6210\u4e00\u5806\uff0c\u7136\u540e\u6bcf\u6b21\u4ece\u724c\u5806\u9876\u5c42\u62ff\u4e00\u5f20\u724c\u3002\u5982\u679c\u8fd9\u5f20\u724c\u7684\u5927\u5c0f\u662fP\uff081\u5230K\u7684\u5927\u5c0f\u5206\u522b\u4e3a1\u523013\uff09\uff0c\u90a3\u4e48\u5c31\u628a\u8fd9\u5f20\u724c\u63d2\u5165\u5230\u5f53\u524d\u624b\u4e2d\u7b2cP\u5f20\u724c\u7684\u540e\u9762\u3002\u5982\u679c\u5f53\u524d\u624b\u4e2d\u4e0d\u8db3P\u5f20\u724c\uff0c\u90a3\u4e48\u5c31\u628a\u8fd9\u5f20\u724c\u653e\u5728\u6700\u540e\u3002<br /> \u3000\u3000\u73b0\u5728\u7ed9\u4f60\u4e00\u5bf9\u5df2\u7ecf\u88ab\u6253\u4e71\u7684\u724c\uff0c\u8bf7\u4f60\u7528\u5c0f\u5f31\u6d17\u724c\u6cd5\u8fdb\u884c\u6d17\u724c\uff0c\u7136\u540e\u8f93\u51fa\u6700\u540e\u751f\u6210\u7684\u5e8f\u5217\u3002<br /> \u3000\u3000\u6ce8\u610f\uff1a\u5c0f\u5f31\u53ef\u80fd\u5728\u7b2c\u4e00\u6b21\u6d17\u724c\u65f6\u5f04\u4e22\u4e86\u67d0\u4e9b\u724c\uff0c\u8fd9\u65f6\u8bf7\u4f60\u8f93\u51fa\u4e00\u4e2a-1\u6765\u63d0\u9192\u4ed6\u724c\u7684\u6570\u76ee\u4e0d\u591f\u3002"
    },
    "tags": [
        "\u84dd\u6865\u676f-\u7b97\u6cd5\u63d0\u9ad8"
    ],
    "input_description": {
        "format": "html",
        "value": "\u8f93\u5165\u63cf\u8ff0:<br />\u3000\u3000\u6d4b\u8bd5\u6570\u636e\u7684\u8f93\u5165\u542bN\u4e2a\u7528\u7a7a\u683c\u9694\u5f00\u7684\u5b57\u7b26\u4e32\u8868\u793a\u724c\u5806\u4ece\u9876\u81f3\u5e95\u7684\u6bcf\u5f20\u6251\u514b\uff081\u5230K\u4e2d\u7684\u67d0\u4e2a\uff09\u3002\u53ef\u80fd\u6709\u591a\u884c\u3002 <br />\u8f93\u5165\u6837\u4f8b: <br />4 6 K Q 5 1 Q 9 7 9 K 3 J 1 2 3 5<br /> 2<br /> 3 5 7 Q 7 10 8 4 9 7 8 9 4<br /> 10 6 2 8 2 10 10 Q 5 K J 1<br /> J 8 3 K 4 1 6 J 6"
    },
    "output_description": {
        "format": "html",
        "value": "<br />\u8f93\u51fa\u63cf\u8ff0: <br />\u3000\u3000\u5982\u679cN\u4e3a52\uff0c\u8f93\u51fa\u7528\u5c0f\u5f31\u6d17\u724c\u6cd5\u6d17\u724c\u540e\u7684\u5e8f\u5217\uff0c\u6bcf\u4e2a\u5b57\u7b26\u4e32\u7528\u7a7a\u683c\u9694\u5f00\u3002<br /> \u3000\u3000\u5426\u5219\u8bf7\u8f93\u51fa\u4e00\u4e2a-1.<br /> \u8f93\u51fa\u6837\u4f8b: <br />4 1 1 1 3 4 6 6 2 2 2 5 J 3 8 4 4 6 K J 8 J 10 10 K Q 2 5 7 8 10 9 3 7 9 8 7 1 10 5 6 3 Q K Q 5 Q 7 9 9 J K"
    },
    "test_case_score": [
        {
            "score": 100,
            "input_name": "1.in",
            "output_name": "1.out"
        },
        {
            "score": 100,
            "input_name": "2.in",
            "output_name": "2.out"
        },
        {
            "score": 100,
            "input_name": "3.in",
            "output_name": "3.out"
        },
        {
            "score": 100,
            "input_name": "4.in",
            "output_name": "4.out"
        },
        {
            "score": 100,
            "input_name": "5.in",
            "output_name": "5.out"
        },
        {
            "score": 100,
            "input_name": "6.in",
            "output_name": "6.out"
        },
        {
            "score": 100,
            "input_name": "7.in",
            "output_name": "7.out"
        },
        {
            "score": 100,
            "input_name": "8.in",
            "output_name": "8.out"
        },
        {
            "score": 100,
            "input_name": "9.in",
            "output_name": "9.out"
        }
    ],
    "hint": {
        "format": "html",
        "value": "HINT:\u65f6\u95f4\u9650\u5236\uff1a1.0s  \u5185\u5b58\u9650\u5236\uff1a256.0MB<br />\u3000\u3000\u4fdd\u8bc1\u6bcf\u4e2a\u5b57\u7b26\u4e32\u90fd\u4e3a1 2 3 4 5 6 7 8 9 10 J Q K\u4e2d\u7684\u4e00\u4e2a\u3002"
    },
    "time_limit": 1000,
    "memory_limit": 512,
    "samples": [
        {
            "input": "\u53c2\u8003\u4e0a\u6587 ",
            "output": "\u53c2\u8003\u4e0a\u6587"
        }
    ],
    "template": {},
    "spj": null,
    "rule_type": "ACM",
    "source": "\u84dd\u6865\u676f\u7ec3\u4e60\u7cfb\u7edf ID: 358 \u539f\u9898\u94fe\u63a5: http://lx.lanqiao.cn/problem.page?gpid=T358",
    "answers": []
}