{
    "display_id": "old1116",
    "title": "\u7b97\u6cd5\u63d0\u9ad8 \u548c\u6700\u5927\u5b50\u5e8f\u5217",
    "description": {
        "format": "html",
        "value": "<br />\u3000\u3000\u5bf9\u4e8e\u4e00\u4e2a\u7ed9\u5b9a\u7684\u957f\u5ea6\u4e3aN\u7684\u6574\u6570\u5e8f\u5217A\uff0c\u5b83\u7684\u201c\u5b50\u5e8f\u5217\u201d\u7684\u5b9a\u4e49\u662f\uff1aA\u4e2d\u975e\u7a7a\u7684\u4e00\u6bb5\u8fde\u7eed\u7684\u5143\u7d20\uff08\u6574\u6570\uff09\u3002\u4f60\u8981\u5b8c\u6210\u7684\u4efb\u52a1\u662f\uff0c\u5728\u6240\u6709\u53ef\u80fd\u7684\u5b50\u5e8f\u5217\u4e2d\uff0c\u627e\u5230\u4e00\u4e2a\u5b50\u5e8f\u5217\uff0c\u8be5\u5b50\u5e8f\u5217\u4e2d\u6240\u6709\u5143\u7d20\u7684\u548c\u662f\u6700\u5927\u7684\uff08\u8ddf\u5176\u4ed6\u6240\u6709\u5b50\u5e8f\u5217\u76f8\u6bd4\uff09\u3002\u7a0b\u5e8f\u8981\u6c42\u4f60\u8f93\u51fa\u8fd9\u4e2a\u6700\u5927\u503c\u3002"
    },
    "tags": [
        "\u84dd\u6865\u676f-\u7b97\u6cd5\u63d0\u9ad8"
    ],
    "input_description": {
        "format": "html",
        "value": "\u8f93\u5165\u63cf\u8ff0:<br />\u3000\u3000\u8f93\u5165\u6587\u4ef6\u7684\u7b2c\u4e00\u884c\u5305\u542b\u4e00\u4e2a\u6574\u6570N\uff0c\u7b2c\u4e8c\u884c\u5305\u542bN\u4e2a\u6574\u6570\uff0c\u8868\u793aA\u3002<br /> \u3000\u3000\u5176\u4e2d<br /> \u3000\u30001 &lt;= N &lt;= 100000<br /> \u3000\u3000-10000 &lt;= A[i] &lt;=\u3000\u300010000 <br />\u8f93\u5165\u6837\u4f8b: <br />"
    },
    "output_description": {
        "format": "html",
        "value": "<br />\u8f93\u51fa\u63cf\u8ff0: <br />\u3000\u3000\u8f93\u51fa\u4ec5\u5305\u542b\u4e00\u4e2a\u6574\u6570\uff0c\u8868\u793a\u4f60\u7b97\u51fa\u7684\u7b54\u6848\u3002<br /> \u8f93\u51fa\u6837\u4f8b: <br />"
    },
    "test_case_score": [
        {
            "score": 100,
            "input_name": "1.in",
            "output_name": "1.out"
        }
    ],
    "hint": {
        "format": "html",
        "value": "HINT:\u65f6\u95f4\u9650\u5236\uff1a1.0s  \u5185\u5b58\u9650\u5236\uff1a512.0MB<br />"
    },
    "time_limit": 1000,
    "memory_limit": 512,
    "samples": [
        {
            "input": "\u53c2\u8003\u4e0a\u6587 ",
            "output": "\u53c2\u8003\u4e0a\u6587"
        }
    ],
    "template": {},
    "spj": null,
    "rule_type": "ACM",
    "source": "\u84dd\u6865\u676f\u7ec3\u4e60\u7cfb\u7edf ID: 137 \u539f\u9898\u94fe\u63a5: http://lx.lanqiao.cn/problem.page?gpid=T137",
    "answers": []
}