{
    "display_id": "old1050",
    "title": "\u57fa\u7840\u7ec3\u4e60 \u5341\u8fdb\u5236\u8f6c\u5341\u516d\u8fdb\u5236",
    "description": {
        "format": "html",
        "value": "<br />\u3000\u3000\u5341\u516d\u8fdb\u5236\u6570\u662f\u5728\u7a0b\u5e8f\u8bbe\u8ba1\u65f6\u7ecf\u5e38\u8981\u4f7f\u7528\u5230\u7684\u4e00\u79cd\u6574\u6570\u7684\u8868\u793a\u65b9\u5f0f\u3002\u5b83\u67090,1,2,3,4,5,6,7,8,9,A,B,C,D,E,F\u517116\u4e2a\u7b26\u53f7\uff0c\u5206\u522b\u8868\u793a\u5341\u8fdb\u5236\u6570\u76840\u81f315\u3002\u5341\u516d\u8fdb\u5236\u7684\u8ba1\u6570\u65b9\u6cd5\u662f\u6ee116\u8fdb1\uff0c\u6240\u4ee5\u5341\u8fdb\u5236\u657016\u5728\u5341\u516d\u8fdb\u5236\u4e2d\u662f10\uff0c\u800c\u5341\u8fdb\u5236\u768417\u5728\u5341\u516d\u8fdb\u5236\u4e2d\u662f11\uff0c\u4ee5\u6b64\u7c7b\u63a8\uff0c\u5341\u8fdb\u5236\u768430\u5728\u5341\u516d\u8fdb\u5236\u4e2d\u662f1E\u3002<br /> \u3000\u3000\u7ed9\u51fa\u4e00\u4e2a\u975e\u8d1f\u6574\u6570\uff0c\u5c06\u5b83\u8868\u793a\u6210\u5341\u516d\u8fdb\u5236\u7684\u5f62\u5f0f\u3002"
    },
    "tags": [
        "\u84dd\u6865\u676f-\u57fa\u7840\u7ec3\u4e60"
    ],
    "input_description": {
        "format": "html",
        "value": "\u8f93\u5165\u63cf\u8ff0:<br />\u3000\u3000\u8f93\u5165\u5305\u542b\u4e00\u4e2a\u975e\u8d1f\u6574\u6570a\uff0c\u8868\u793a\u8981\u8f6c\u6362\u7684\u6570\u30020&lt;=a&lt;=2147483647 <br />\u8f93\u5165\u6837\u4f8b: <br />30"
    },
    "output_description": {
        "format": "html",
        "value": "<br />\u8f93\u51fa\u63cf\u8ff0: <br />\u3000\u3000\u8f93\u51fa\u8fd9\u4e2a\u6574\u6570\u768416\u8fdb\u5236\u8868\u793a<br /> \u8f93\u51fa\u6837\u4f8b: <br />1E"
    },
    "test_case_score": [
        {
            "score": 100,
            "input_name": "1.in",
            "output_name": "1.out"
        },
        {
            "score": 100,
            "input_name": "2.in",
            "output_name": "2.out"
        },
        {
            "score": 100,
            "input_name": "3.in",
            "output_name": "3.out"
        },
        {
            "score": 100,
            "input_name": "4.in",
            "output_name": "4.out"
        },
        {
            "score": 100,
            "input_name": "5.in",
            "output_name": "5.out"
        },
        {
            "score": 100,
            "input_name": "6.in",
            "output_name": "6.out"
        },
        {
            "score": 100,
            "input_name": "7.in",
            "output_name": "7.out"
        },
        {
            "score": 100,
            "input_name": "8.in",
            "output_name": "8.out"
        },
        {
            "score": 100,
            "input_name": "9.in",
            "output_name": "9.out"
        },
        {
            "score": 100,
            "input_name": "10.in",
            "output_name": "10.out"
        }
    ],
    "hint": {
        "format": "html",
        "value": "HINT:\u65f6\u95f4\u9650\u5236\uff1a1.0s  \u5185\u5b58\u9650\u5236\uff1a512.0MB<br />"
    },
    "time_limit": 1000,
    "memory_limit": 512,
    "samples": [
        {
            "input": "\u53c2\u8003\u4e0a\u6587 ",
            "output": "\u53c2\u8003\u4e0a\u6587"
        }
    ],
    "template": {},
    "spj": null,
    "rule_type": "ACM",
    "source": "\u84dd\u6865\u676f\u7ec3\u4e60\u7cfb\u7edf ID: 49 \u539f\u9898\u94fe\u63a5: http://lx.lanqiao.cn/problem.page?gpid=T49",
    "answers": []
}