{
    "display_id": "old1130",
    "title": "\u7b97\u6cd5\u63d0\u9ad8 \u4e58\u6cd5\u8fd0\u7b97",
    "description": {
        "format": "html",
        "value": "<br />\u3000\u3000\u7f16\u5236\u4e00\u4e2a\u4e58\u6cd5\u8fd0\u7b97\u7684\u7a0b\u5e8f\u3002<br /> \u3000\u3000\u4ece\u952e\u76d8\u8bfb\u51652\u4e2a100\u4ee5\u5185\u7684\u6b63\u6574\u6570\uff0c\u8fdb\u884c\u4e58\u6cd5\u8fd0\u7b97\u5e76\u4ee5\u7ad6\u5f0f\u8f93\u51fa\u3002"
    },
    "tags": [
        "\u84dd\u6865\u676f-\u7b97\u6cd5\u63d0\u9ad8"
    ],
    "input_description": {
        "format": "html",
        "value": "\u8f93\u5165\u63cf\u8ff0:<br />\u3000\u3000\u8f93\u5165\u53ea\u6709\u4e00\u884c\uff0c\u662f\u4e24\u4e2a\u7528\u7a7a\u683c\u9694\u5f00\u7684\u6570\u5b57\uff0c\u5747\u57281~99\u4e4b\u95f4\uff08\u542b1\u548c99\uff09\u3002 <br />\u8f93\u5165\u6837\u4f8b: <br />89 13"
    },
    "output_description": {
        "format": "html",
        "value": "<br />\u8f93\u51fa\u63cf\u8ff0: <br />\u3000\u3000\u8f93\u51fa\u4e3a4\u884c\u62167\u884c\uff0c\u7b26\u5408\u4e58\u6cd5\u7684\u7ad6\u5f0f\u8fd0\u7b97\u683c\u5f0f\u3002<br /> \u8f93\u51fa\u6837\u4f8b: <br />89<br /> \u00d713<br /> \u2501\u2501\u2501<br /> 267<br /> 89<br /> \u2501\u2501\u2501<br /> 1157"
    },
    "test_case_score": [
        {
            "score": 100,
            "input_name": "1.in",
            "output_name": "1.out"
        },
        {
            "score": 100,
            "input_name": "2.in",
            "output_name": "2.out"
        },
        {
            "score": 100,
            "input_name": "3.in",
            "output_name": "3.out"
        },
        {
            "score": 100,
            "input_name": "4.in",
            "output_name": "4.out"
        }
    ],
    "hint": {
        "format": "html",
        "value": "HINT:\u65f6\u95f4\u9650\u5236\uff1a1.0s  \u5185\u5b58\u9650\u5236\uff1a512.0MB<br />\u3000\u30003\u00d789=267\uff0c\u5219\u7b2c\u56db\u884c267\u53f3\u4fa7\u5bf9\u51c6\u4e2a\u4f4d\u8f93\u51fa\u30021\u00d789=89\uff0c\u5219\u7b2c\u4e94\u884c89\u53f3\u4fa7\u5bf9\u51c6\u5341\u4f4d\u8f93\u51fa\u3002267+890=1157\uff0c\u52191157\u53f3\u4fa7\u5bf9\u51c6\u4e2a\u4f4d\u8f93\u51fa\u3002"
    },
    "time_limit": 1000,
    "memory_limit": 512,
    "samples": [
        {
            "input": "\u53c2\u8003\u4e0a\u6587 ",
            "output": "\u53c2\u8003\u4e0a\u6587"
        }
    ],
    "template": {},
    "spj": null,
    "rule_type": "ACM",
    "source": "\u84dd\u6865\u676f\u7ec3\u4e60\u7cfb\u7edf ID: 157 \u539f\u9898\u94fe\u63a5: http://lx.lanqiao.cn/problem.page?gpid=T157",
    "answers": []
}