{
    "display_id": "old1108",
    "title": "\u7b97\u6cd5\u63d0\u9ad8 \u9012\u5f52\u5012\u7f6e\u5b57\u7b26\u6570\u7ec4",
    "description": {
        "format": "html",
        "value": "<br />\u3000\u3000\u5b8c\u6210\u4e00\u4e2a\u9012\u5f52\u7a0b\u5e8f\uff0c\u5012\u7f6e\u5b57\u7b26\u6570\u7ec4\u3002\u5e76\u6253\u5370\u5b9e\u73b0\u8fc7\u7a0b<br /> \u3000\u3000\u9012\u5f52\u903b\u8f91\u4e3a\uff1a<br /> \u3000\u3000\u5f53\u5b57\u7b26\u957f\u5ea6\u7b49\u4e8e1\u65f6\uff0c\u76f4\u63a5\u8fd4\u56de<br /> \u3000\u3000\u5426\u5219\uff0c\u8c03\u6362\u9996\u5c3e\u4e24\u4e2a\u5b57\u7b26\uff0c\u5728\u9012\u5f52\u5730\u5012\u7f6e\u5b57\u7b26\u6570\u7ec4\u7684\u5269\u4e0b\u90e8\u5206"
    },
    "tags": [
        "\u84dd\u6865\u676f-\u7b97\u6cd5\u63d0\u9ad8"
    ],
    "input_description": {
        "format": "html",
        "value": "\u8f93\u5165\u63cf\u8ff0:<br />\u3000\u3000\u5b57\u7b26\u6570\u7ec4\u957f\u5ea6\u53ca\u8be5\u6570\u7ec4 <br />\u8f93\u5165\u6837\u4f8b: <br />"
    },
    "output_description": {
        "format": "html",
        "value": "<br />\u8f93\u51fa\u63cf\u8ff0: <br />\u3000\u3000\u5728\u6c42\u89e3\u8fc7\u7a0b\u4e2d\uff0c\u6253\u5370\u5b57\u7b26\u6570\u7ec4\u7684\u53d8\u5316\u60c5\u51b5\u3002<br /> \u3000\u3000\u6700\u540e\u7a7a\u4e00\u884c\uff0c\u5728\u7a0b\u5e8f\u7ed3\u5c3e\u5904\u6253\u5370\u5012\u7f6e\u540e\u8be5\u6570\u7ec4\u7684\u5404\u4e2a\u5143\u7d20\u3002<br /> \u8f93\u51fa\u6837\u4f8b: <br />"
    },
    "test_case_score": [
        {
            "score": 100,
            "input_name": "1.in",
            "output_name": "1.out"
        },
        {
            "score": 100,
            "input_name": "2.in",
            "output_name": "2.out"
        },
        {
            "score": 100,
            "input_name": "3.in",
            "output_name": "3.out"
        },
        {
            "score": 100,
            "input_name": "4.in",
            "output_name": "4.out"
        },
        {
            "score": 100,
            "input_name": "5.in",
            "output_name": "5.out"
        }
    ],
    "hint": {
        "format": "html",
        "value": "HINT:\u65f6\u95f4\u9650\u5236\uff1a1.0s  \u5185\u5b58\u9650\u5236\uff1a512.0MB<br />"
    },
    "time_limit": 1000,
    "memory_limit": 512,
    "samples": [
        {
            "input": "\u53c2\u8003\u4e0a\u6587 ",
            "output": "\u53c2\u8003\u4e0a\u6587"
        }
    ],
    "template": {},
    "spj": null,
    "rule_type": "ACM",
    "source": "\u84dd\u6865\u676f\u7ec3\u4e60\u7cfb\u7edf ID: 112 \u539f\u9898\u94fe\u63a5: http://lx.lanqiao.cn/problem.page?gpid=T112",
    "answers": []
}