{
    "display_id": "old1051",
    "title": "\u57fa\u7840\u7ec3\u4e60 \u5341\u516d\u8fdb\u5236\u8f6c\u5341\u8fdb\u5236",
    "description": {
        "format": "html",
        "value": "<br />\u3000\u3000\u4ece\u952e\u76d8\u8f93\u5165\u4e00\u4e2a\u4e0d\u8d85\u8fc78\u4f4d\u7684\u6b63\u7684\u5341\u516d\u8fdb\u5236\u6570\u5b57\u7b26\u4e32\uff0c\u5c06\u5b83\u8f6c\u6362\u4e3a\u6b63\u7684\u5341\u8fdb\u5236\u6570\u540e\u8f93\u51fa\u3002<br /> \u3000\u3000\u6ce8\uff1a\u5341\u516d\u8fdb\u5236\u6570\u4e2d\u768410~15\u5206\u522b\u7528\u5927\u5199\u7684\u82f1\u6587\u5b57\u6bcdA\u3001B\u3001C\u3001D\u3001E\u3001F\u8868\u793a\u3002"
    },
    "tags": [
        "\u84dd\u6865\u676f-\u57fa\u7840\u7ec3\u4e60"
    ],
    "input_description": {
        "format": "html",
        "value": "\u8f93\u5165\u63cf\u8ff0:<br /> <br />\u8f93\u5165\u6837\u4f8b: <br />FFFF"
    },
    "output_description": {
        "format": "html",
        "value": "<br />\u8f93\u51fa\u63cf\u8ff0: <br /><br /> \u8f93\u51fa\u6837\u4f8b: <br />65535"
    },
    "test_case_score": [
        {
            "score": 100,
            "input_name": "1.in",
            "output_name": "1.out"
        },
        {
            "score": 100,
            "input_name": "2.in",
            "output_name": "2.out"
        },
        {
            "score": 100,
            "input_name": "3.in",
            "output_name": "3.out"
        },
        {
            "score": 100,
            "input_name": "4.in",
            "output_name": "4.out"
        }
    ],
    "hint": {
        "format": "html",
        "value": "HINT:\u65f6\u95f4\u9650\u5236\uff1a1.0s  \u5185\u5b58\u9650\u5236\uff1a512.0MB<br />"
    },
    "time_limit": 1000,
    "memory_limit": 512,
    "samples": [
        {
            "input": "\u53c2\u8003\u4e0a\u6587 ",
            "output": "\u53c2\u8003\u4e0a\u6587"
        }
    ],
    "template": {},
    "spj": null,
    "rule_type": "ACM",
    "source": "\u84dd\u6865\u676f\u7ec3\u4e60\u7cfb\u7edf ID: 50 \u539f\u9898\u94fe\u63a5: http://lx.lanqiao.cn/problem.page?gpid=T50",
    "answers": []
}