{
    "display_id": "old1067",
    "title": "\u57fa\u7840\u7ec3\u4e60 \u56de\u5f62\u53d6\u6570",
    "description": {
        "format": "html",
        "value": "<br />\u3000\u3000\u56de\u5f62\u53d6\u6570\u5c31\u662f\u6cbf\u77e9\u9635\u7684\u8fb9\u53d6\u6570\uff0c\u82e5\u5f53\u524d\u65b9\u5411\u4e0a\u65e0\u6570\u53ef\u53d6\u6216\u5df2\u7ecf\u53d6\u8fc7\uff0c\u5219\u5de6\u8f6c90\u5ea6\u3002\u4e00\u5f00\u59cb\u4f4d\u4e8e\u77e9\u9635\u5de6\u4e0a\u89d2\uff0c\u65b9\u5411\u5411\u4e0b\u3002"
    },
    "tags": [
        "\u84dd\u6865\u676f-\u57fa\u7840\u7ec3\u4e60"
    ],
    "input_description": {
        "format": "html",
        "value": "\u8f93\u5165\u63cf\u8ff0:<br />\u3000\u3000\u8f93\u5165\u7b2c\u4e00\u884c\u662f\u4e24\u4e2a\u4e0d\u8d85\u8fc7200\u7684\u6b63\u6574\u6570m, n\uff0c\u8868\u793a\u77e9\u9635\u7684\u884c\u548c\u5217\u3002\u63a5\u4e0b\u6765m\u884c\u6bcf\u884cn\u4e2a\u6574\u6570\uff0c\u8868\u793a\u8fd9\u4e2a\u77e9\u9635\u3002 <br />\u8f93\u5165\u6837\u4f8b: <br />3 3<br /> 1 2 3<br /> 4 5 6<br /> 7 8 9"
    },
    "output_description": {
        "format": "html",
        "value": "<br />\u8f93\u51fa\u63cf\u8ff0: <br />\u3000\u3000\u8f93\u51fa\u53ea\u6709\u4e00\u884c\uff0c\u5171mn\u4e2a\u6570\uff0c\u4e3a\u8f93\u5165\u77e9\u9635\u56de\u5f62\u53d6\u6570\u5f97\u5230\u7684\u7ed3\u679c\u3002\u6570\u4e4b\u95f4\u7528\u4e00\u4e2a\u7a7a\u683c\u5206\u9694\uff0c\u884c\u672b\u4e0d\u8981\u6709\u591a\u4f59\u7684\u7a7a\u683c\u3002<br /> \u8f93\u51fa\u6837\u4f8b: <br />1 4 7 8 9 6 3 2 5"
    },
    "test_case_score": [
        {
            "score": 100,
            "input_name": "1.in",
            "output_name": "1.out"
        },
        {
            "score": 100,
            "input_name": "2.in",
            "output_name": "2.out"
        },
        {
            "score": 100,
            "input_name": "3.in",
            "output_name": "3.out"
        },
        {
            "score": 100,
            "input_name": "4.in",
            "output_name": "4.out"
        },
        {
            "score": 100,
            "input_name": "5.in",
            "output_name": "5.out"
        },
        {
            "score": 100,
            "input_name": "6.in",
            "output_name": "6.out"
        },
        {
            "score": 100,
            "input_name": "7.in",
            "output_name": "7.out"
        },
        {
            "score": 100,
            "input_name": "8.in",
            "output_name": "8.out"
        },
        {
            "score": 100,
            "input_name": "9.in",
            "output_name": "9.out"
        },
        {
            "score": 100,
            "input_name": "10.in",
            "output_name": "10.out"
        }
    ],
    "hint": {
        "format": "html",
        "value": "HINT:\u65f6\u95f4\u9650\u5236\uff1a1.0s  \u5185\u5b58\u9650\u5236\uff1a512.0MB<br />"
    },
    "time_limit": 1000,
    "memory_limit": 512,
    "samples": [
        {
            "input": "\u53c2\u8003\u4e0a\u6587 ",
            "output": "\u53c2\u8003\u4e0a\u6587"
        }
    ],
    "template": {},
    "spj": null,
    "rule_type": "ACM",
    "source": "\u84dd\u6865\u676f\u7ec3\u4e60\u7cfb\u7edf ID: 66 \u539f\u9898\u94fe\u63a5: http://lx.lanqiao.cn/problem.page?gpid=T66",
    "answers": []
}