{
    "display_id": "old1124",
    "title": "\u7b97\u6cd5\u63d0\u9ad8 \u4ea4\u6362Easy",
    "description": {
        "format": "html",
        "value": "<br />\u3000\u3000\u7ed9\u5b9aN\u4e2a\u6574\u6570\u7ec4\u6210\u7684\u5e8f\u5217\uff0c\u6bcf\u6b21\u4ea4\u6362\u5f53\u524d\u7b2cx\u4e2a\u4e0e\u7b2cy\u4e2a\u6574\u6570\uff0c\u8981\u6c42\u8f93\u51fa\u6700\u7ec8\u7684\u5e8f\u5217\u3002"
    },
    "tags": [
        "\u84dd\u6865\u676f-\u7b97\u6cd5\u63d0\u9ad8"
    ],
    "input_description": {
        "format": "html",
        "value": "\u8f93\u5165\u63cf\u8ff0:<br />\u3000\u3000\u7b2c\u4e00\u884c\u4e3a\u5e8f\u5217\u7684\u5927\u5c0fN(1&lt;=N&lt;=1000)\u548c\u64cd\u4f5c\u4e2a\u6570M(1&lt;=M&lt;=1000)\u3002<br /> \u3000\u3000\u7b2c\u4e8c\u884c\u5305\u542bN\u4e2a\u6570\u5b57\uff0c\u8868\u793a\u521d\u59cb\u5e8f\u5217\u3002<br /> \u3000\u3000\u63a5\u4e0b\u6765M\u884c\uff0c\u6bcf\u884c\u4e24\u4e2a\u6574\u6570x,y (1&lt;=x,y&lt;=N)\uff0c\u8868\u793a\u8981\u4ea4\u6362\u7684\u4e24\u4e2a\u6574\u6570\u3002\u5728\u4e00\u6b21\u4ea4\u6362\u4e2d\uff0c\u5982\u679cx\u548cy\u76f8\u7b49\uff0c\u5219\u4e0d\u4f1a\u6539\u53d8\u5e8f\u5217\u7684\u5185\u5bb9\u3002 <br />\u8f93\u5165\u6837\u4f8b: <br />5 2<br /> 1 2 3 4 5<br /> 1 2<br /> 3 4"
    },
    "output_description": {
        "format": "html",
        "value": "<br />\u8f93\u51fa\u63cf\u8ff0: <br />\u3000\u3000\u8f93\u51faN\u884c\uff0c\u4e3a\u4ea4\u6362\u540e\u7684\u5e8f\u5217\u4e2d\u7684\u6570\u3002<br /> \u8f93\u51fa\u6837\u4f8b: <br />2<br /> 1<br /> 4<br /> 3<br /> 5"
    },
    "test_case_score": [
        {
            "score": 100,
            "input_name": "1.in",
            "output_name": "1.out"
        },
        {
            "score": 100,
            "input_name": "2.in",
            "output_name": "2.out"
        },
        {
            "score": 100,
            "input_name": "3.in",
            "output_name": "3.out"
        },
        {
            "score": 100,
            "input_name": "4.in",
            "output_name": "4.out"
        },
        {
            "score": 100,
            "input_name": "5.in",
            "output_name": "5.out"
        },
        {
            "score": 100,
            "input_name": "6.in",
            "output_name": "6.out"
        },
        {
            "score": 100,
            "input_name": "7.in",
            "output_name": "7.out"
        },
        {
            "score": 100,
            "input_name": "8.in",
            "output_name": "8.out"
        },
        {
            "score": 100,
            "input_name": "9.in",
            "output_name": "9.out"
        },
        {
            "score": 100,
            "input_name": "10.in",
            "output_name": "10.out"
        },
        {
            "score": 100,
            "input_name": "11.in",
            "output_name": "11.out"
        },
        {
            "score": 100,
            "input_name": "12.in",
            "output_name": "12.out"
        },
        {
            "score": 100,
            "input_name": "13.in",
            "output_name": "13.out"
        }
    ],
    "hint": {
        "format": "html",
        "value": "HINT:\u65f6\u95f4\u9650\u5236\uff1a1.0s  \u5185\u5b58\u9650\u5236\uff1a512.0MB<br />"
    },
    "time_limit": 1000,
    "memory_limit": 512,
    "samples": [
        {
            "input": "\u53c2\u8003\u4e0a\u6587 ",
            "output": "\u53c2\u8003\u4e0a\u6587"
        }
    ],
    "template": {},
    "spj": null,
    "rule_type": "ACM",
    "source": "\u84dd\u6865\u676f\u7ec3\u4e60\u7cfb\u7edf ID: 145 \u539f\u9898\u94fe\u63a5: http://lx.lanqiao.cn/problem.page?gpid=T145",
    "answers": []
}