{
    "display_id": "old1175",
    "title": "\u7b97\u6cd5\u63d0\u9ad8 c++_ch03_02",
    "description": {
        "format": "html",
        "value": "<br />\u3000\u3000PASCAL\u4e09\u89d2\u662f\u5f62\u72b6\u5982\u4e0b\u7684\u4e09\u89d2\u77e9\u9635\uff1a<br /> \u3000\u30001<br /> \u3000\u30001 1<br /> \u3000\u30001 2 1<br /> \u3000\u30001 3 3 1<br /> \u3000\u30001 4 6 4 1<br /> \u3000\u3000\u5728PASCAL\u4e09\u89d2\u4e2d\u7684\u6bcf\u4e2a\u6570\u662f\u4e00\u4e2a\u7ec4\u5408C(n,k)\u3002<br /> \u3000\u3000C(n,k)=(((((((n/1)(n-1))/2(n-2))/3)***(n-k+2))/(k-1))(n-k+1))/k<br /> \u3000\u3000\u516c\u5f0f\u4e2d\u4ea4\u66ff\u4f7f\u7528\u4e58\u6cd5\u548c\u9664\u6cd5\uff0c\u6bcf\u6b21\u5c06\u4ecen\u5f00\u59cb\u9012\u51cf\u7684\u4e00\u4e2a\u503c\u76f8\u4e58\uff0c\u7136\u540e\u9664\u4ee5\u4e0b\u4e00\u4e2a\u4ece1\u5f00\u59cb\u9012\u589e\u7684\u503c\u3002<br /> \u3000\u3000\u5982\u679c\u5bf9\u884c\u548c\u5217\u4ece0\u5f00\u59cb\u8ba1\u6570\uff0c\u5219\u6570\u5b57C(n,k)\u5728n\u884ck\u5217\u3002\u4f8b\u5982C(6,2)\u5728\u7b2c6\u884c\u7b2c2\u5217\u3002\u7f16\u7a0b\u8f93\u51fa\u6307\u5b9a\u9636\u6570\u7684PASCAL\u4e09\u89d2\u77e9\u9635\u3002\u4f8b\u5982\u4e0b\u9762\u7ed9\u51fa\u7684\u662f12\u9636PASCAL\u4e09\u89d2\u5f62\u77e9\u9635\u3002<br /> <br /> \u3000\u3000\u7f16\u5199\u7a0b\u5e8f\uff0c\u4f7f\u8fd0\u884c\u7ed3\u679c\u4e3a\uff1a<br /> \u3000\u30001<br /> \u3000\u30001   1<br /> \u3000\u30001   2   1<br /> \u3000\u30001   3   3   1<br /> \u3000\u30001   4   6   4   1<br /> \u3000\u30001   5  10  10   5   1<br /> \u3000\u30001   6  15  20  15   6   1<br /> \u3000\u30001   7  21  35  35  21   7   1<br /> \u3000\u30001   8  28  56  70  56  28   8   1<br /> \u3000\u30001   9  36  84 126 126  84  36   9   1<br /> \u3000\u30001  10  45 120 210 252 210 120  45  10   1<br /> \u3000\u30001  11  55 165 330 462 462 330 165  55  11   1<br /> \u3000\u30001  12  66 220 495 792 924 792 495 220  66  12   1<br /> <br /> <br /> \u3000\u3000\u8be5\u9898\u7684\u8be6\u7ec6\u6587\u6863\u53ca\u7a0b\u5e8f\u6846\u67b6\u8bf7\u4ece\u7f51\u7edc\u5b66\u5802\u4e0b\u8f7d\uff01"
    },
    "tags": [
        "\u84dd\u6865\u676f-\u7b97\u6cd5\u63d0\u9ad8"
    ],
    "input_description": {
        "format": "html",
        "value": "\u8f93\u5165\u63cf\u8ff0:<br /> <br />\u8f93\u5165\u6837\u4f8b: <br />"
    },
    "output_description": {
        "format": "html",
        "value": "<br />\u8f93\u51fa\u63cf\u8ff0: <br /><br /> \u8f93\u51fa\u6837\u4f8b: <br />"
    },
    "test_case_score": [
        {
            "score": 100,
            "input_name": "1.in",
            "output_name": "1.out"
        },
        {
            "score": 100,
            "input_name": "2.in",
            "output_name": "2.out"
        },
        {
            "score": 100,
            "input_name": "3.in",
            "output_name": "3.out"
        },
        {
            "score": 100,
            "input_name": "4.in",
            "output_name": "4.out"
        },
        {
            "score": 100,
            "input_name": "5.in",
            "output_name": "5.out"
        },
        {
            "score": 100,
            "input_name": "6.in",
            "output_name": "6.out"
        },
        {
            "score": 100,
            "input_name": "7.in",
            "output_name": "7.out"
        },
        {
            "score": 100,
            "input_name": "8.in",
            "output_name": "8.out"
        },
        {
            "score": 100,
            "input_name": "9.in",
            "output_name": "9.out"
        },
        {
            "score": 100,
            "input_name": "10.in",
            "output_name": "10.out"
        }
    ],
    "hint": {
        "format": "html",
        "value": "HINT:\u65f6\u95f4\u9650\u5236\uff1a3.0s  \u5185\u5b58\u9650\u5236\uff1a512.0MB<br />"
    },
    "time_limit": 1000,
    "memory_limit": 512,
    "samples": [
        {
            "input": "\u53c2\u8003\u4e0a\u6587 ",
            "output": "\u53c2\u8003\u4e0a\u6587"
        }
    ],
    "template": {},
    "spj": null,
    "rule_type": "ACM",
    "source": "\u84dd\u6865\u676f\u7ec3\u4e60\u7cfb\u7edf ID: 240 \u539f\u9898\u94fe\u63a5: http://lx.lanqiao.cn/problem.page?gpid=T240",
    "answers": []
}