{
    "display_id": "old1132",
    "title": "\u7b97\u6cd5\u8bad\u7ec3 \u6bd4\u8d5b\u5b89\u6392",
    "description": {
        "format": "html",
        "value": "<br />\u3000\u3000\u8bbe\u6709\u67092 <sup>n</sup>\uff08n&lt;=6\uff09\u4e2a\u7403\u961f\u8fdb\u884c\u5355\u5faa\u73af\u6bd4\u8d5b\uff0c\u8ba1\u5212\u57282 <sup>n</sup> \u2013 1\u5929\u5185\u5b8c\u6210\uff0c\u6bcf\u4e2a\u961f\u6bcf\u5929\u8fdb\u884c\u4e00\u573a\u6bd4\u8d5b\u3002\u8bbe\u8ba1\u4e00\u4e2a\u6bd4\u8d5b\u7684\u5b89\u6392\uff0c\u4f7f\u57282 <sup>n</sup> \u2013 1\u5929\u5185\u6bcf\u4e2a\u961f\u90fd\u4e0e\u4e0d\u540c\u7684\u5bf9\u624b\u6bd4\u8d5b\u3002"
    },
    "tags": [
        "\u84dd\u6865\u676f-\u7b97\u6cd5\u8bad\u7ec3"
    ],
    "input_description": {
        "format": "html",
        "value": "\u8f93\u5165\u63cf\u8ff0:<br />\u3000\u3000\u8f93\u5165\u6587\u4ef6matchplan.in\u5171\u4e00\u884c\uff0c\u8f93\u5165n\u7684\u6570\u503c\u3002 <br />\u8f93\u5165\u6837\u4f8b: <br />2"
    },
    "output_description": {
        "format": "html",
        "value": "<br />\u8f93\u51fa\u63cf\u8ff0: <br />\u3000\u3000\u8f93\u51fa\u6587\u4ef6matchplan.out\u5171\uff082 n \u2013 1\uff09\u884c\uff0c\u7b2ci\u884c\u8f93\u51fa\u7b2ci\u5929\u7684\u6bd4\u8d5b\u5b89\u6392\u3002<br /> \u3000\u3000\u683c\u5f0f\u4e3a\uff1a&lt;i&gt; A-B\uff0cC-D\uff0c\u2026\u2026\u3002\u5176\u4e2di\u662f\u5929\u6570\uff0cA\uff0cB\u5206\u522b\u4e3a\u6bd4\u8d5b\u53cc\u65b9\u7684\u7f16\u53f7\uff0c\u6bcf\u884c\u51712 <sup>n-1</sup>\u4e2a\u6bd4\u8d5b\u573a\u6b21\u3002<br /> \u8f93\u51fa\u6837\u4f8b: <br />&lt;1&gt;1-2,3-4<br /> &lt;2&gt;1-3,2-4<br /> &lt;3&gt;1-4,2-3"
    },
    "test_case_score": [
        {
            "score": 100,
            "input_name": "1.in",
            "output_name": "1.out"
        },
        {
            "score": 100,
            "input_name": "2.in",
            "output_name": "2.out"
        },
        {
            "score": 100,
            "input_name": "3.in",
            "output_name": "3.out"
        },
        {
            "score": 100,
            "input_name": "4.in",
            "output_name": "4.out"
        }
    ],
    "hint": {
        "format": "html",
        "value": "HINT:\u65f6\u95f4\u9650\u5236\uff1a1.0s  \u5185\u5b58\u9650\u5236\uff1a512.0MB<br />"
    },
    "time_limit": 1000,
    "memory_limit": 512,
    "samples": [
        {
            "input": "\u53c2\u8003\u4e0a\u6587 ",
            "output": "\u53c2\u8003\u4e0a\u6587"
        }
    ],
    "template": {},
    "spj": null,
    "rule_type": "ACM",
    "source": "\u84dd\u6865\u676f\u7ec3\u4e60\u7cfb\u7edf ID: 159 \u539f\u9898\u94fe\u63a5: http://lx.lanqiao.cn/problem.page?gpid=T159",
    "answers": []
}