{
    "display_id": "old1256",
    "title": "\u7b97\u6cd5\u63d0\u9ad8 \u4e94\u6b21\u65b9\u6570",
    "description": {
        "format": "html",
        "value": "<br />\u3000\u3000\u5bf9\u4e00\u4e2a\u6570\u5341\u8fdb\u5236\u8868\u793a\u65f6\u7684\u6bcf\u4e00\u4f4d\u6570\u5b57\u4e58\u4e94\u6b21\u65b9\u518d\u6c42\u548c\uff0c\u4f1a\u5f97\u5230\u4e00\u4e2a\u6570\u7684\u4e94\u6b21\u65b9\u6570<br /> \u3000\u3000\u4f8b\u5982\uff1a1024\u7684\u4e94\u6b21\u65b9\u6570\u4e3a1+0+32+1024=1057<br /> \u3000\u3000\u6709\u8fd9\u6837\u4e00\u4e9b\u795e\u5947\u7684\u6570\uff0c\u5b83\u7684\u4e94\u6b21\u65b9\u6570\u5c31\u662f\u5b83\u81ea\u5df1\uff0c\u800c\u4e14\u8fd9\u6837\u7684\u6570\u7adf\u7136\u53ea\u6709\u6709\u9650\u591a\u4e2a<br /> \u3000\u3000\u4ece\u5c0f\u5230\u5927\u8f93\u51fa\u6240\u6709\u8fd9\u6837\u7684\u6570"
    },
    "tags": [
        "\u84dd\u6865\u676f-\u7b97\u6cd5\u63d0\u9ad8"
    ],
    "input_description": {
        "format": "html",
        "value": "\u8f93\u5165\u63cf\u8ff0:<br />\u3000\u3000\u6bcf\u4e2a\u6570\u72ec\u7acb\u4e00\u884c\u8f93\u51fa <br />\u8f93\u5165\u6837\u4f8b: <br />10<br /> 200<br /> 3000"
    },
    "output_description": {
        "format": "html",
        "value": "<br />\u8f93\u51fa\u63cf\u8ff0: <br /><br /> \u8f93\u51fa\u6837\u4f8b: <br />"
    },
    "test_case_score": [
        {
            "score": 100,
            "input_name": "1.in",
            "output_name": "1.out"
        }
    ],
    "hint": {
        "format": "html",
        "value": "HINT:\u65f6\u95f4\u9650\u5236\uff1a1.0s  \u5185\u5b58\u9650\u5236\uff1a256.0MB<br />"
    },
    "time_limit": 1000,
    "memory_limit": 512,
    "samples": [
        {
            "input": "\u53c2\u8003\u4e0a\u6587 ",
            "output": "\u53c2\u8003\u4e0a\u6587"
        }
    ],
    "template": {},
    "spj": null,
    "rule_type": "ACM",
    "source": "\u84dd\u6865\u676f\u7ec3\u4e60\u7cfb\u7edf ID: 349 \u539f\u9898\u94fe\u63a5: http://lx.lanqiao.cn/problem.page?gpid=T349",
    "answers": []
}