{
    "display_id": "old1174",
    "title": "\u7b97\u6cd5\u63d0\u9ad8 c++_ch02_03",
    "description": {
        "format": "html",
        "value": "<br />\u3000\u3000\u7f16\u5199\u7a0b\u5e8f\u5b9e\u73b0\u201c\u526a\u5200\uff0c\u77f3\u5934\uff0c\u5e03\u201d\u6e38\u620f\u3002\u5728\u8fd9\u4e2a\u6e38\u620f\u4e2d\uff0c\u4e24\u4e2a\u4eba\u540c\u65f6\u8bf4\u201c\u526a\u5200\u201d\uff0c\u201c\u77f3\u5934\u201d\u6216\u201c\u5e03\u201d\uff0c\u538b\u8fc7\u53e6\u4e00\u65b9\u7684\u4e3a\u80dc\u8005\u3002\u89c4\u5219\u662f\uff1a\u201c\u5e03\u201d\u80dc\u8fc7\u201c\u77f3\u5934\u201d\uff0c\u201c\u77f3\u5934\u201d\u80dc\u8fc7\u201c\u526a\u5200\u201d\uff0c\u201c\u526a\u5200\u201d\u80dc\u8fc7\u201c\u5e03\u201d\u3002\u8981\u6c42\uff1a\u9009\u62e9\u7ed3\u6784\u4e2d\u4f7f\u7528\u679a\u4e3e\u7c7b\u578b\uff0c\u7ed3\u679c\u7684\u8f93\u51fa\u4e5f\u4f7f\u7528\u679a\u4e3e\u7c7b\u578b\u8868\u793a\u3002<br /> \u3000\u3000\u8f93\u5165\uff1a\u4e24\u4e2a\u6570\uff0c\u8303\u56f4\u4e3a{0,1,2}\uff0c\u7528\u7a7a\u683c\u9694\u5f00\u30020\u8868\u793a\u77f3\u5934\uff0c1\u8868\u793a\u5e03\uff0c2\u8868\u793a\u526a\u5200\u3002\u8fd9\u4e24\u4e2a\u6570\u5206\u522b\u8868\u793a\u4e24\u4e2a\u4eba\u6240\u8bf4\u7684\u7269\u54c1\u3002<br /> \u3000\u3000\u8f93\u51fa\uff1a\u5982\u679c\u524d\u8005\u8d62\uff0c\u8f93\u51fa1\u3002\u5982\u679c\u540e\u8005\u8d62\uff0c\u8f93\u51fa-1\u3002\u5982\u679c\u662f\u5e73\u5c40\uff0c\u8f93\u51fa0\u3002"
    },
    "tags": [
        "\u84dd\u6865\u676f-\u7b97\u6cd5\u63d0\u9ad8"
    ],
    "input_description": {
        "format": "html",
        "value": "\u8f93\u5165\u63cf\u8ff0:<br /> <br />\u8f93\u5165\u6837\u4f8b: <br />"
    },
    "output_description": {
        "format": "html",
        "value": "<br />\u8f93\u51fa\u63cf\u8ff0: <br /><br /> \u8f93\u51fa\u6837\u4f8b: <br />"
    },
    "test_case_score": [
        {
            "score": 100,
            "input_name": "1.in",
            "output_name": "1.out"
        },
        {
            "score": 100,
            "input_name": "2.in",
            "output_name": "2.out"
        },
        {
            "score": 100,
            "input_name": "3.in",
            "output_name": "3.out"
        },
        {
            "score": 100,
            "input_name": "4.in",
            "output_name": "4.out"
        },
        {
            "score": 100,
            "input_name": "5.in",
            "output_name": "5.out"
        },
        {
            "score": 100,
            "input_name": "6.in",
            "output_name": "6.out"
        },
        {
            "score": 100,
            "input_name": "7.in",
            "output_name": "7.out"
        },
        {
            "score": 100,
            "input_name": "8.in",
            "output_name": "8.out"
        },
        {
            "score": 100,
            "input_name": "9.in",
            "output_name": "9.out"
        }
    ],
    "hint": {
        "format": "html",
        "value": "HINT:\u65f6\u95f4\u9650\u5236\uff1a1.0s  \u5185\u5b58\u9650\u5236\uff1a512.0MB<br />"
    },
    "time_limit": 1000,
    "memory_limit": 512,
    "samples": [
        {
            "input": "\u53c2\u8003\u4e0a\u6587 ",
            "output": "\u53c2\u8003\u4e0a\u6587"
        }
    ],
    "template": {},
    "spj": null,
    "rule_type": "ACM",
    "source": "\u84dd\u6865\u676f\u7ec3\u4e60\u7cfb\u7edf ID: 239 \u539f\u9898\u94fe\u63a5: http://lx.lanqiao.cn/problem.page?gpid=T239",
    "answers": []
}