{
    "display_id": "old1080",
    "title": "\u7b97\u6cd5\u8bad\u7ec3 \u65b9\u683c\u53d6\u6570",
    "description": {
        "format": "html",
        "value": "<br /><b>\u95ee\u9898\u63cf\u8ff0</b><b>   </b><br /> \u3000\u3000\u8bbe\u6709N*N\u7684\u65b9\u683c\u56fe(N&lt;=10),\u6211\u4eec\u5c06\u5176\u4e2d\u7684\u67d0\u4e9b\u65b9\u683c\u4e2d\u586b\u5165\u6b63\u6574\u6570,\u800c\u5176\u4ed6\u7684\u65b9\u683c\u4e2d\u5219\u653e\u5165\u6570\u5b570\u3002<br /> \u3000\u3000\u67d0\u4eba\u4ece\u56fe\u7684\u5de6\u4e0a\u89d2\u7684A \u70b9(1,1)\u51fa\u53d1\uff0c\u53ef\u4ee5\u5411\u4e0b\u884c\u8d70\uff0c\u4e5f\u53ef\u4ee5\u5411\u53f3\u8d70\uff0c\u76f4\u5230\u5230\u8fbe\u53f3\u4e0b\u89d2\u7684B\u70b9(N,N)\u3002\u5728\u8d70\u8fc7\u7684\u8def\u4e0a\uff0c\u4ed6\u53ef\u4ee5\u53d6\u8d70\u65b9\u683c\u4e2d\u7684\u6570\uff08\u53d6\u8d70\u540e\u7684\u65b9\u683c\u4e2d\u5c06\u53d8\u4e3a\u6570\u5b570\uff09\u3002<br /> \u3000\u3000\u6b64\u4eba\u4eceA\u70b9\u5230B \u70b9\u5171\u8d70\u4e24\u6b21\uff0c\u8bd5\u627e\u51fa2\u6761\u8fd9\u6837\u7684\u8def\u5f84\uff0c\u4f7f\u5f97\u53d6\u5f97\u7684\u6570\u4e4b\u548c\u4e3a\u6700\u5927\u3002<br /> <b>\u8f93</b><b>\u5165\u683c\u5f0f</b><br /> \u3000\u3000\u8f93\u5165\u7684\u7b2c\u4e00\u884c\u4e3a\u4e00\u4e2a\u6574\u6570N\uff08\u8868\u793aN*N\u7684\u65b9\u683c\u56fe\uff09\uff0c\u63a5\u4e0b\u6765\u7684\u6bcf\u884c\u6709\u4e09\u4e2a\u6574\u6570\uff0c\u524d\u4e24\u4e2a\u8868\u793a\u4f4d\u7f6e\uff0c\u7b2c\u4e09\u4e2a\u6570\u4e3a\u8be5\u4f4d\u7f6e\u4e0a\u6240\u653e\u7684\u6570\u3002\u4e00\u884c\u5355\u72ec\u76840\u8868\u793a\u8f93\u5165\u7ed3\u675f\u3002<br /> <b>\u8f93</b><b>\u51fa\u683c\u5f0f</b><br /> \u3000\u3000\u53ea\u9700\u8f93\u51fa\u4e00\u4e2a\u6574\u6570\uff0c\u8868\u793a2\u6761\u8def\u5f84\u4e0a\u53d6\u5f97\u7684\u6700\u5927\u7684\u548c\u3002<br /> <b>\u6837</b><b>\u4f8b</b><b>\u8f93</b><b>\u5165</b><br /> \u3000\u30008<br /> \u3000\u30002 3 13<br /> \u3000\u30002 6 6<br /> \u3000\u30003 5 7<br /> \u3000\u30004 4 14<br /> \u3000\u30005 2 21<br /> \u3000\u30005 6 4<br /> \u3000\u30006 3 15<br /> \u3000\u30007 2 14<br /> \u3000\u30000 0 0<br /> <b>\u6837\u4f8b\u8f93\u51fa</b><br /> \u3000\u300067"
    },
    "tags": [
        "\u84dd\u6865\u676f-\u7b97\u6cd5\u8bad\u7ec3"
    ],
    "input_description": {
        "format": "html",
        "value": "\u8f93\u5165\u63cf\u8ff0:<br /> <br />\u8f93\u5165\u6837\u4f8b: <br />"
    },
    "output_description": {
        "format": "html",
        "value": "<br />\u8f93\u51fa\u63cf\u8ff0: <br /><br /> \u8f93\u51fa\u6837\u4f8b: <br />"
    },
    "test_case_score": [
        {
            "score": 100,
            "input_name": "1.in",
            "output_name": "1.out"
        },
        {
            "score": 100,
            "input_name": "2.in",
            "output_name": "2.out"
        },
        {
            "score": 100,
            "input_name": "3.in",
            "output_name": "3.out"
        },
        {
            "score": 100,
            "input_name": "4.in",
            "output_name": "4.out"
        },
        {
            "score": 100,
            "input_name": "5.in",
            "output_name": "5.out"
        }
    ],
    "hint": {
        "format": "html",
        "value": "HINT:\u65f6\u95f4\u9650\u5236\uff1a1.0s  \u5185\u5b58\u9650\u5236\uff1a256.0MB<br />"
    },
    "time_limit": 1000,
    "memory_limit": 512,
    "samples": [
        {
            "input": "\u53c2\u8003\u4e0a\u6587 ",
            "output": "\u53c2\u8003\u4e0a\u6587"
        }
    ],
    "template": {},
    "spj": null,
    "rule_type": "ACM",
    "source": "\u84dd\u6865\u676f\u7ec3\u4e60\u7cfb\u7edf ID: 79 \u539f\u9898\u94fe\u63a5: http://lx.lanqiao.cn/problem.page?gpid=T79",
    "answers": []
}