{
    "display_id": "old1200",
    "title": "\u7b97\u6cd5\u63d0\u9ad8 \u9009\u62e9\u6392\u5e8f",
    "description": {
        "format": "html",
        "value": "<br />\u3000\u3000<br /> \u3000\u3000\u9009\u62e9\u6392\u5e8f"
    },
    "tags": [
        "\u84dd\u6865\u676f-\u7b97\u6cd5\u63d0\u9ad8"
    ],
    "input_description": {
        "format": "html",
        "value": "\u8f93\u5165\u63cf\u8ff0:<br />\u3000\u3000\u6392\u5e8f\uff0c\u987e\u540d\u601d\u4e49\uff0c\u662f\u5c06\u82e5\u5e72\u4e2a\u5143\u7d20\u6309\u5176\u5927\u5c0f\u5173\u7cfb\u6392\u51fa\u4e00\u4e2a\u987a\u5e8f\u3002\u5f62\u5f0f\u5316\u63cf\u8ff0\u5982\u4e0b\uff1a\u6709n\u4e2a\u5143\u7d20a[1]\uff0ca[2]\uff0c\u2026\uff0ca[n]\uff0c\u4ece\u5c0f\u5230\u5927\u6392\u5e8f\u5c31\u662f\u5c06\u5b83\u4eec\u6392\u6210\u4e00\u4e2a\u65b0\u987a\u5e8fa[i[1]]&lt;a[i[2]]&lt;\u2026&lt;a[i[n]]<br /> \u3000\u3000i[k]\u4e3a\u8fd9\u4e2a\u65b0\u987a\u5e8f\u3002<br /> \u3000\u3000\u9009\u62e9\u6392\u5e8f\u7684\u601d\u60f3\u6781\u5176\u7b80\u5355\uff0c\u6bcf\u4e00\u6b65\u90fd\u628a\u4e00\u4e2a\u6700\u5c0f\u5143\u7d20\u653e\u5230\u524d\u9762\uff0c\u5982\u679c\u6709\u591a\u4e2a\u76f8\u7b49\u7684\u6700\u5c0f\u5143\u7d20\uff0c\u9009\u62e9\u6392\u4f4d\u8f83\u8003\u524d\u7684\u653e\u5230\u5f53\u524d\u5934\u90e8\u3002\u8fd8\u662f\u90a3\u4e2a\u4f8b\u5b50\uff1a{3 1 5 4 2}\uff1a<br /> \u3000\u3000\u7b2c\u4e00\u6b65\u5c061\u653e\u5230\u5f00\u5934\uff08\u7b2c\u4e00\u4e2a\u4f4d\u7f6e\uff09\uff0c\u4e5f\u5c31\u662f\u4ea4\u63623\u548c1\uff0c\u5373swap(a[0],a[1])\u5f97\u5230{1 3 5 4 2}<br /> \u3000\u3000\u7b2c\u4e8c\u6b65\u5c062\u653e\u5230\u7b2c\u4e8c\u4e2a\u4f4d\u7f6e\uff0c\u4e5f\u5c31\u662f\u4ea4\u63623\u548c2\uff0c\u5373swap(a[1],a[4])\u5f97\u5230{1 2 5 4 3}<br /> \u3000\u3000\u7b2c\u4e09\u6b65\u5c063\u653e\u5230\u7b2c\u4e09\u4e2a\u4f4d\u7f6e\uff0c\u4e5f\u5c31\u662f\u4ea4\u63625\u548c3\uff0c\u5373swap(a[2],a[4])\u5f97\u5230{1 2 3 4 5}<br /> \u3000\u3000\u7b2c\u56db\u6b65\u5c064\u653e\u5230\u7b2c\u56db\u4e2a\u4f4d\u7f6e\uff0c\u4e5f\u5c31\u662f\u4ea4\u63624\u548c4\uff0c\u5373swap(a[3],a[3])\u5f97\u5230{1 2 3 4 5}<br /> \u3000\u3000\u7b2c\u4e94\u6b65\u5c065\u653e\u5230\u7b2c\u4e94\u4e2a\u4f4d\u7f6e\uff0c\u4e5f\u5c31\u662f\u4ea4\u63625\u548c5\uff0c\u5373swap(a[4],a[4])\u5f97\u5230{1 2 3 4 5}<br /> \u3000\u3000\u8f93\u5165n\u4e2a\u6574\u6570\uff0c\u8f93\u51fa\u9009\u62e9\u6392\u5e8f\u7684\u5168\u8fc7\u7a0b\u3002<br /> \u3000\u3000\u8981\u6c42\u4f7f\u7528\u9012\u5f52\u5b9e\u73b0\u3002 <br />\u8f93\u5165\u6837\u4f8b: <br />5<br /> 4 3 1 1 2"
    },
    "output_description": {
        "format": "html",
        "value": "<br />\u8f93\u51fa\u63cf\u8ff0: <br />\u3000\u3000\u7b2c\u4e00\u884c\u4e00\u4e2a\u6b63\u6574\u6570n\uff0c\u8868\u793a\u5143\u7d20\u4e2a\u6570<br /> \u3000\u3000\u7b2c\u4e8c\u884c\u4e3an\u4e2a\u6574\u6570\uff0c\u4ee5\u7a7a\u683c\u9694\u5f00<br /> \u8f93\u51fa\u6837\u4f8b: <br />swap(a[0], a[2]):1 3 4 1 2<br /> swap(a[1], a[3]):1 1 4 3 2<br /> swap(a[2], a[4]):1 1 2 3 4<br /> swap(a[3], a[3]):1 1 2 3 4<br /> swap(a[4], a[4]):1 1 2 3 4"
    },
    "test_case_score": [
        {
            "score": 100,
            "input_name": "1.in",
            "output_name": "1.out"
        },
        {
            "score": 100,
            "input_name": "2.in",
            "output_name": "2.out"
        },
        {
            "score": 100,
            "input_name": "3.in",
            "output_name": "3.out"
        },
        {
            "score": 100,
            "input_name": "4.in",
            "output_name": "4.out"
        },
        {
            "score": 100,
            "input_name": "5.in",
            "output_name": "5.out"
        },
        {
            "score": 100,
            "input_name": "6.in",
            "output_name": "6.out"
        },
        {
            "score": 100,
            "input_name": "7.in",
            "output_name": "7.out"
        },
        {
            "score": 100,
            "input_name": "8.in",
            "output_name": "8.out"
        },
        {
            "score": 100,
            "input_name": "9.in",
            "output_name": "9.out"
        },
        {
            "score": 100,
            "input_name": "10.in",
            "output_name": "10.out"
        }
    ],
    "hint": {
        "format": "html",
        "value": "HINT:\u65f6\u95f4\u9650\u5236\uff1a1.0s  \u5185\u5b58\u9650\u5236\uff1a256.0MB<br />\u3000\u3000\u5171n\u884c\uff0c\u6bcf\u884c\u8f93\u51fa\u7b2cn\u6b65\u9009\u62e9\u65f6\u4ea4\u6362\u54ea\u4e24\u4e2a\u4f4d\u7f6e\u7684\u4e0b\u6807\uff0c\u4ee5\u53ca\u4ea4\u6362\u5f97\u5230\u7684\u5e8f\u5217\uff0c\u683c\u5f0f:<br /> \u3000\u3000swap(a[i],a[j]):a[0] \u2026 a[n-1]<br /> \u3000\u3000i\u548cj\u4e3a\u6240\u4ea4\u6362\u5143\u7d20\u7684\u4e0b\u6807\uff0c\u4e0b\u6807\u4ece0\u5f00\u59cb\uff0c\u6700\u521d\u5143\u7d20\u987a\u5e8f\u6309\u8f93\u5165\u987a\u5e8f\u3002\u53e6\u5916\u8bf7\u4fdd\u8bc1i&lt;=j<br /> \u3000\u3000a[0]\u2026a[n-1]\u4e3a\u4ea4\u6362\u540e\u7684\u5e8f\u5217\uff0c\u5143\u7d20\u95f4\u4ee5\u4e00\u4e2a\u7a7a\u683c\u9694\u5f00"
    },
    "time_limit": 1000,
    "memory_limit": 512,
    "samples": [
        {
            "input": "\u53c2\u8003\u4e0a\u6587 ",
            "output": "\u53c2\u8003\u4e0a\u6587"
        }
    ],
    "template": {},
    "spj": null,
    "rule_type": "ACM",
    "source": "\u84dd\u6865\u676f\u7ec3\u4e60\u7cfb\u7edf ID: 270 \u539f\u9898\u94fe\u63a5: http://lx.lanqiao.cn/problem.page?gpid=T270",
    "answers": []
}