{
    "display_id": "old1059",
    "title": "\u57fa\u7840\u7ec3\u4e60 \u77e9\u9635\u4e58\u6cd5",
    "description": {
        "format": "html",
        "value": "<br />\u3000\u3000\u7ed9\u5b9a\u4e00\u4e2aN\u9636\u77e9\u9635A\uff0c\u8f93\u51faA\u7684M\u6b21\u5e42\uff08M\u662f\u975e\u8d1f\u6574\u6570\uff09<br /> \u3000\u3000\u4f8b\u5982\uff1a<br /> \u3000\u3000A =<br /> \u3000\u30001 2<br /> \u3000\u30003 4<br /> \u3000\u3000A\u76842\u6b21\u5e42<br /> \u3000\u30007 10<br /> \u3000\u300015 22"
    },
    "tags": [
        "\u84dd\u6865\u676f-\u57fa\u7840\u7ec3\u4e60"
    ],
    "input_description": {
        "format": "html",
        "value": "\u8f93\u5165\u63cf\u8ff0:<br />\u3000\u3000\u7b2c\u4e00\u884c\u662f\u4e00\u4e2a\u6b63\u6574\u6570N\u3001M\uff081&lt;=N&lt;=30, 0&lt;=M&lt;=5\uff09\uff0c\u8868\u793a\u77e9\u9635A\u7684\u9636\u6570\u548c\u8981\u6c42\u7684\u5e42\u6570<br /> \u3000\u3000\u63a5\u4e0b\u6765N\u884c\uff0c\u6bcf\u884cN\u4e2a\u7edd\u5bf9\u503c\u4e0d\u8d85\u8fc710\u7684\u975e\u8d1f\u6574\u6570\uff0c\u63cf\u8ff0\u77e9\u9635A\u7684\u503c <br />\u8f93\u5165\u6837\u4f8b: <br />2 2<br /> 1 2<br /> 3 4"
    },
    "output_description": {
        "format": "html",
        "value": "<br />\u8f93\u51fa\u63cf\u8ff0: <br />\u3000\u3000\u8f93\u51fa\u5171N\u884c\uff0c\u6bcf\u884cN\u4e2a\u6574\u6570\uff0c\u8868\u793aA\u7684M\u6b21\u5e42\u6240\u5bf9\u5e94\u7684\u77e9\u9635\u3002\u76f8\u90bb\u7684\u6570\u4e4b\u95f4\u7528\u4e00\u4e2a\u7a7a\u683c\u9694\u5f00<br /> \u8f93\u51fa\u6837\u4f8b: <br />7 10<br /> 15 22"
    },
    "test_case_score": [
        {
            "score": 100,
            "input_name": "1.in",
            "output_name": "1.out"
        },
        {
            "score": 100,
            "input_name": "2.in",
            "output_name": "2.out"
        },
        {
            "score": 100,
            "input_name": "3.in",
            "output_name": "3.out"
        },
        {
            "score": 100,
            "input_name": "4.in",
            "output_name": "4.out"
        },
        {
            "score": 100,
            "input_name": "5.in",
            "output_name": "5.out"
        },
        {
            "score": 100,
            "input_name": "6.in",
            "output_name": "6.out"
        }
    ],
    "hint": {
        "format": "html",
        "value": "HINT:\u65f6\u95f4\u9650\u5236\uff1a1.0s  \u5185\u5b58\u9650\u5236\uff1a512.0MB<br />"
    },
    "time_limit": 1000,
    "memory_limit": 512,
    "samples": [
        {
            "input": "\u53c2\u8003\u4e0a\u6587 ",
            "output": "\u53c2\u8003\u4e0a\u6587"
        }
    ],
    "template": {},
    "spj": null,
    "rule_type": "ACM",
    "source": "\u84dd\u6865\u676f\u7ec3\u4e60\u7cfb\u7edf ID: 58 \u539f\u9898\u94fe\u63a5: http://lx.lanqiao.cn/problem.page?gpid=T58",
    "answers": []
}