{
    "display_id": "old1157",
    "title": "\u7b97\u6cd5\u63d0\u9ad8 \u6805\u683c\u6253\u5370\u95ee\u9898",
    "description": {
        "format": "html",
        "value": "<br />\u3000\u3000\u7f16\u5199\u4e00\u4e2a\u7a0b\u5e8f\uff0c\u8f93\u5165\u4e24\u4e2a\u6574\u6570\uff0c\u4f5c\u4e3a\u6805\u683c\u7684\u9ad8\u5ea6\u548c\u5bbd\u5ea6\uff0c\u7136\u540e\u7528\u201c+\u201d\u3001\u201c-\u201d\u548c\u201c|\u201d\u8fd9\u4e09\u4e2a\u5b57\u7b26\u6765\u6253\u5370\u4e00\u4e2a\u6805\u683c\u3002<br /> \u3000\u3000\u8f93\u5165\u683c\u5f0f\uff1a\u8f93\u5165\u53ea\u6709\u4e00\u884c\uff0c\u5305\u62ec\u4e24\u4e2a\u6574\u6570\uff0c\u5206\u522b\u4e3a\u6805\u683c\u7684\u9ad8\u5ea6\u548c\u5bbd\u5ea6\u3002<br /> \u3000\u3000\u8f93\u51fa\u683c\u5f0f\uff1a\u8f93\u51fa\u76f8\u5e94\u7684\u6805\u683c\u3002<br /> \u3000\u3000\u8f93\u5165\u8f93\u51fa\u6837\u4f8b"
    },
    "tags": [
        "\u84dd\u6865\u676f-\u7b97\u6cd5\u63d0\u9ad8"
    ],
    "input_description": {
        "format": "html",
        "value": "\u8f93\u5165\u63cf\u8ff0:<br /> <br />\u8f93\u5165\u6837\u4f8b: <br />3 2"
    },
    "output_description": {
        "format": "html",
        "value": "<br />\u8f93\u51fa\u63cf\u8ff0: <br /><br /> \u8f93\u51fa\u6837\u4f8b: <br />+-+-+<br /> | | |<br /> +-+-+<br /> | | |<br /> +-+-+<br /> | | |<br /> +-+-+"
    },
    "test_case_score": [
        {
            "score": 100,
            "input_name": "1.in",
            "output_name": "1.out"
        },
        {
            "score": 100,
            "input_name": "2.in",
            "output_name": "2.out"
        },
        {
            "score": 100,
            "input_name": "3.in",
            "output_name": "3.out"
        },
        {
            "score": 100,
            "input_name": "4.in",
            "output_name": "4.out"
        },
        {
            "score": 100,
            "input_name": "5.in",
            "output_name": "5.out"
        },
        {
            "score": 100,
            "input_name": "6.in",
            "output_name": "6.out"
        },
        {
            "score": 100,
            "input_name": "7.in",
            "output_name": "7.out"
        },
        {
            "score": 100,
            "input_name": "8.in",
            "output_name": "8.out"
        },
        {
            "score": 100,
            "input_name": "9.in",
            "output_name": "9.out"
        },
        {
            "score": 100,
            "input_name": "10.in",
            "output_name": "10.out"
        }
    ],
    "hint": {
        "format": "html",
        "value": "HINT:\u65f6\u95f4\u9650\u5236\uff1a1.0s  \u5185\u5b58\u9650\u5236\uff1a512.0MB<br />"
    },
    "time_limit": 1000,
    "memory_limit": 512,
    "samples": [
        {
            "input": "\u53c2\u8003\u4e0a\u6587 ",
            "output": "\u53c2\u8003\u4e0a\u6587"
        }
    ],
    "template": {},
    "spj": null,
    "rule_type": "ACM",
    "source": "\u84dd\u6865\u676f\u7ec3\u4e60\u7cfb\u7edf ID: 210 \u539f\u9898\u94fe\u63a5: http://lx.lanqiao.cn/problem.page?gpid=T210",
    "answers": []
}