{
    "display_id": "old1109",
    "title": "\u7b97\u6cd5\u63d0\u9ad8 \u7acb\u65b9\u4f53\u622a\u65ad\u95ee\u9898",
    "description": {
        "format": "html",
        "value": "<br />\u3000\u3000\u5982\u53f3\u56fe\u6240\u793a\uff0c\u8fd9\u662f\u4e00\u4e2a\u7a7a\u5fc3\u6b63\u65b9\u4f53\uff08\u8bf7\u60f3\u8c61\u7528\u7eb8\u7cca\u51fa\u6765\u7684\u6b63\u65b9\u4f53\uff09\uff0c\u6bcf\u6761\u68f1\u7684\u7f16\u53f7\u5982\u56fe\u6240\u793a<br /> \u3000\u3000(\u56fe\u5728http://166.111.138.150/fop/attach/cube.jpg)\u3002<br /> <br /> \u3000\u3000\u8003\u8651\u526a\u5f00\u82e5\u5e72\u6761\u68f1\uff0c\u8bf7\u5224\u65ad\u6b63\u65b9\u4f53\u662f\u5426\u4f1a\u88ab\u526a\u6210\u5206\u5f00\uff08\u5373\u5224\u65ad\u6b63\u65b9\u4f53\u662f\u5426\u4f1a\u88ab\u5206\u5272\u6210\u4e0d\u5c11\u4e8e2\u4e2a\u90e8\u5206\uff09\u3002"
    },
    "tags": [
        "\u84dd\u6865\u676f-\u7b97\u6cd5\u63d0\u9ad8"
    ],
    "input_description": {
        "format": "html",
        "value": "\u8f93\u5165\u63cf\u8ff0:<br />\u3000\u3000\u672c\u9898\u5305\u62ec\u591a\u7ec4\u6570\u636e\u3002<br /> \u3000\u3000\u7b2c\u4e00\u884c\u8f93\u5165\u4e00\u4e2aN\uff0c\u8868\u793a\u6570\u636e\u7ec4\u6570\u3002<br /> \u3000\u3000\u5bf9\u4e8e\u6bcf\u4e00\u7ec4\u6570\u636e\uff0c\u90fd\u5305\u62ec\u4e24\u884c\u3002<br /> \u3000\u3000\u7b2c\u4e00\u884c\u8f93\u5165\u4e00\u4e2an\uff0c\u8868\u793a\u603b\u5171\u526a\u5f00\u4e86n\u6761\u68f1\u3002<br /> \u3000\u3000\u7b2c\u4e8c\u884c\u6709n\u4e2a\u6570\uff0c\u6bcf\u4e2a\u6570\u8868\u793a\u526a\u5f00\u7684\u68f1\u7684\u7f16\u53f7\u3002\uff08\u8f93\u5165\u4fdd\u8bc1\u6bcf\u6761\u68f1\u51fa\u73b0\u6b21\u6570\u4e0d\u8d85\u8fc71\uff09 <br />\u8f93\u5165\u6837\u4f8b: <br />"
    },
    "output_description": {
        "format": "html",
        "value": "<br />\u8f93\u51fa\u63cf\u8ff0: <br />\u3000\u3000\u5bf9\u4e8e\u6bcf\u4e00\u7ec4\u8f93\u5165\uff0c\u8f93\u51fa\u4e00\u884c\u3002<br /> \u3000\u3000\u82e5\u6b63\u65b9\u4f53\u4f1a\u88ab\u5206\u5272\u6210\u4e0d\u5c11\u4e8e2\u4e2a\u90e8\u5206\uff0c\u5219\u8f93\u51fa\u201cYes\u201d\uff0c\u5426\u5219\u8f93\u51fa\u201cNo\u201d\uff08\u5747\u4e0d\u5305\u62ec\u5f15\u53f7\uff09\u3002<br /> \u8f93\u51fa\u6837\u4f8b: <br />"
    },
    "test_case_score": [
        {
            "score": 100,
            "input_name": "1.in",
            "output_name": "1.out"
        }
    ],
    "hint": {
        "format": "html",
        "value": "HINT:\u65f6\u95f4\u9650\u5236\uff1a1.0s  \u5185\u5b58\u9650\u5236\uff1a512.0MB<br />"
    },
    "time_limit": 1000,
    "memory_limit": 512,
    "samples": [
        {
            "input": "\u53c2\u8003\u4e0a\u6587 ",
            "output": "\u53c2\u8003\u4e0a\u6587"
        }
    ],
    "template": {},
    "spj": null,
    "rule_type": "ACM",
    "source": "\u84dd\u6865\u676f\u7ec3\u4e60\u7cfb\u7edf ID: 127 \u539f\u9898\u94fe\u63a5: http://lx.lanqiao.cn/problem.page?gpid=T127",
    "answers": []
}