{
    "display_id": "old1090",
    "title": "\u7b97\u6cd5\u8bad\u7ec3 FBI\u6811",
    "description": {
        "format": "html",
        "value": "<br />\u3000\u3000\u6211\u4eec\u53ef\u4ee5\u628a\u7531\u201c0\u201d\u548c\u201c1\u201d\u7ec4\u6210\u7684\u5b57\u7b26\u4e32\u5206\u4e3a\u4e09\u7c7b\uff1a\u5168\u201c0\u201d\u4e32\u79f0\u4e3aB\u4e32\uff0c\u5168\u201c1\u201d\u4e32\u79f0\u4e3aI\u4e32\uff0c\u65e2\u542b\u201c0\u201d\u53c8\u542b\u201c1\u201d\u7684\u4e32\u5219\u79f0\u4e3aF\u4e32\u3002<br /> \u3000\u3000FBI\u6811\u662f\u4e00\u79cd\u4e8c\u53c9\u6811\uff0c\u5b83\u7684\u7ed3\u70b9\u7c7b\u578b\u4e5f\u5305\u62ecF\u7ed3\u70b9\uff0cB\u7ed3\u70b9\u548cI\u7ed3\u70b9\u4e09\u79cd\u3002\u7531\u4e00\u4e2a\u957f\u5ea6\u4e3a2<sup>N</sup>\u7684\u201c01\u201d\u4e32S\u53ef\u4ee5\u6784\u9020\u51fa\u4e00\u68f5FBI\u6811T\uff0c\u9012\u5f52\u7684\u6784\u9020\u65b9\u6cd5\u5982\u4e0b\uff1a<br /> \u3000\u30001)T\u7684\u6839\u7ed3\u70b9\u4e3aR\uff0c\u5176\u7c7b\u578b\u4e0e\u4e32S\u7684\u7c7b\u578b\u76f8\u540c\uff1b<br /> \u3000\u30002)\u82e5\u4e32S\u7684\u957f\u5ea6\u5927\u4e8e1\uff0c\u5c06\u4e32S\u4ece\u4e2d\u95f4\u5206\u5f00\uff0c\u5206\u4e3a\u7b49\u957f\u7684\u5de6\u53f3\u5b50\u4e32S1\u548cS2\uff1b\u7531\u5de6\u5b50\u4e32S1\u6784\u9020R\u7684\u5de6\u5b50\u6811T1\uff0c\u7531\u53f3\u5b50\u4e32S2\u6784\u9020R\u7684\u53f3\u5b50\u6811T2\u3002<br /> \u3000\u3000\u73b0\u5728\u7ed9\u5b9a\u4e00\u4e2a\u957f\u5ea6\u4e3a2<sup>N</sup>\u7684\u201c01\u201d\u4e32\uff0c\u8bf7\u7528\u4e0a\u8ff0\u6784\u9020\u65b9\u6cd5\u6784\u9020\u51fa\u4e00\u68f5FBI\u6811\uff0c\u5e76\u8f93\u51fa\u5b83\u7684\u540e\u5e8f\u904d\u5386\u5e8f\u5217\u3002"
    },
    "tags": [
        "\u84dd\u6865\u676f-\u7b97\u6cd5\u8bad\u7ec3"
    ],
    "input_description": {
        "format": "html",
        "value": "\u8f93\u5165\u63cf\u8ff0:<br />\u3000\u3000\u7b2c\u4e00\u884c\u662f\u4e00\u4e2a\u6574\u6570N\uff080  &lt;= N &lt;= 10\uff09\uff0c\u7b2c\u4e8c\u884c\u662f\u4e00\u4e2a\u957f\u5ea6\u4e3a2<sup>N</sup>\u7684\u201c01\u201d\u4e32\u3002 <br />\u8f93\u5165\u6837\u4f8b: <br />3<br /> 10001011"
    },
    "output_description": {
        "format": "html",
        "value": "<br />\u8f93\u51fa\u63cf\u8ff0: <br />\u3000\u3000\u5305\u62ec\u4e00\u884c\uff0c\u8fd9\u4e00\u884c\u53ea\u5305\u542b\u4e00\u4e2a\u5b57\u7b26\u4e32\uff0c\u5373FBI\u6811\u7684\u540e\u5e8f\u904d\u5386\u5e8f\u5217\u3002<br /> \u8f93\u51fa\u6837\u4f8b: <br />IBFBBBFIBFIIIFF"
    },
    "test_case_score": [
        {
            "score": 100,
            "input_name": "1.in",
            "output_name": "1.out"
        },
        {
            "score": 100,
            "input_name": "2.in",
            "output_name": "2.out"
        },
        {
            "score": 100,
            "input_name": "3.in",
            "output_name": "3.out"
        },
        {
            "score": 100,
            "input_name": "4.in",
            "output_name": "4.out"
        },
        {
            "score": 100,
            "input_name": "5.in",
            "output_name": "5.out"
        },
        {
            "score": 100,
            "input_name": "6.in",
            "output_name": "6.out"
        },
        {
            "score": 100,
            "input_name": "7.in",
            "output_name": "7.out"
        },
        {
            "score": 100,
            "input_name": "8.in",
            "output_name": "8.out"
        },
        {
            "score": 100,
            "input_name": "9.in",
            "output_name": "9.out"
        },
        {
            "score": 100,
            "input_name": "10.in",
            "output_name": "10.out"
        }
    ],
    "hint": {
        "format": "html",
        "value": "HINT:\u65f6\u95f4\u9650\u5236\uff1a1.0s  \u5185\u5b58\u9650\u5236\uff1a256.0MB<br />\u3000\u3000\u5bf9\u4e8e40%\u7684\u6570\u636e\uff0cN  &lt;= 2\uff1b<br /> \u3000\u3000\u5bf9\u4e8e\u5168\u90e8\u7684\u6570\u636e\uff0cN  &lt;= 10\u3002<br /> \u3000\u3000\u6ce8\uff1a<br /> \u3000\u3000[1]   \u4e8c\u53c9\u6811\uff1a\u4e8c\u53c9\u6811\u662f\u7ed3\u70b9\u7684\u6709\u9650\u96c6\u5408\uff0c\u8fd9\u4e2a\u96c6\u5408\u6216\u4e3a\u7a7a\u96c6\uff0c\u6216\u7531\u4e00\u4e2a\u6839\u7ed3\u70b9\u548c\u4e24\u68f5\u4e0d\u76f8\u4ea4\u7684\u4e8c\u53c9\u6811\u7ec4\u6210\u3002\u8fd9\u4e24\u68f5\u4e0d\u76f8\u4ea4\u7684\u4e8c\u53c9\u6811\u5206\u522b\u79f0\u4e3a\u8fd9\u4e2a\u6839\u7ed3\u70b9\u7684\u5de6\u5b50\u6811\u548c\u53f3\u5b50\u6811\u3002<br /> \u3000\u3000[2]   \u540e\u5e8f\u904d\u5386\uff1a\u540e\u5e8f\u904d\u5386\u662f\u6df1\u5ea6\u4f18\u5148\u904d\u5386\u4e8c\u53c9\u6811\u7684\u4e00\u79cd\u65b9\u6cd5\uff0c\u5b83\u7684\u9012\u5f52\u5b9a\u4e49\u662f\uff1a\u5148\u540e\u5e8f\u904d\u5386\u5de6\u5b50\u6811\uff0c\u518d\u540e\u5e8f\u904d\u5386\u53f3\u5b50\u6811\uff0c\u6700\u540e\u8bbf\u95ee\u6839\u3002"
    },
    "time_limit": 1000,
    "memory_limit": 512,
    "samples": [
        {
            "input": "\u53c2\u8003\u4e0a\u6587 ",
            "output": "\u53c2\u8003\u4e0a\u6587"
        }
    ],
    "template": {},
    "spj": null,
    "rule_type": "ACM",
    "source": "\u84dd\u6865\u676f\u7ec3\u4e60\u7cfb\u7edf ID: 89 \u539f\u9898\u94fe\u63a5: http://lx.lanqiao.cn/problem.page?gpid=T89",
    "answers": []
}