{
    "display_id": "old1223",
    "title": "\u7b97\u6cd5\u63d0\u9ad8 \u4ea7\u751f\u6570",
    "description": {
        "format": "html",
        "value": "<br />\u3000\u3000<b>\u95ee\u9898\u63cf\u8ff0<br /> </b><br /> \u3000\u3000\u7ed9\u51fa\u4e00\u4e2a\u6574\u6570 n\uff08n&lt;10^30) \u548c k \u4e2a\u53d8\u6362\u89c4\u5219\uff08k&lt;=15\uff09\u3002<br /> <br /> \u3000\u3000\u89c4\u5219\uff1a<br /> <br /> \u3000\u3000\u4e00\u4f4d\u6570\u53ef\u53d8\u6362\u6210\u53e6\u4e00\u4e2a\u4e00\u4f4d\u6570\uff1a<br /> <br /> \u3000\u3000\u89c4\u5219\u7684\u53f3\u90e8\u4e0d\u80fd\u4e3a\u96f6\u3002<br /> <br /> \u3000\u3000\u4f8b\u5982\uff1an=234\u3002\u6709\u89c4\u5219\uff08k\uff1d2\uff09\uff1a<br /> <br /> \u3000\u30002\uff0d&gt; 5<br /> <br /> \u3000\u30003\uff0d&gt; 6<br /> <br /> \u3000\u3000\u4e0a\u9762\u7684\u6574\u6570 234 \u7ecf\u8fc7\u53d8\u6362\u540e\u53ef\u80fd\u4ea7\u751f\u51fa\u7684\u6574\u6570\u4e3a\uff08\u5305\u62ec\u539f\u6570\uff09:<br /> <br /> \u3000\u3000234<br /> <br /> \u3000\u3000534<br /> <br /> \u3000\u3000264<br /> <br /> \u3000\u3000564<br /> <br /> \u3000\u3000\u5171 4 \u79cd\u4e0d\u540c\u7684\u4ea7\u751f\u6570<br /> <br /> \u3000\u3000\u95ee\u9898\uff1a<br /> <br /> \u3000\u3000\u7ed9\u51fa\u4e00\u4e2a\u6574\u6570 n \u548c k \u4e2a\u89c4\u5219\u3002<br /> <br /> \u3000\u3000\u6c42\u51fa\uff1a<br /> <br /> \u3000\u3000\u7ecf\u8fc7\u4efb\u610f\u6b21\u7684\u53d8\u6362\uff080\u6b21\u6216\u591a\u6b21\uff09\uff0c\u80fd\u4ea7\u751f\u51fa\u591a\u5c11\u4e2a\u4e0d\u540c\u6574\u6570\u3002<br /> <br /> \u3000\u3000\u4ec5\u8981\u6c42\u8f93\u51fa\u4e2a\u6570\u3002<br /> \u3000\u3000<b>\u8f93\u5165\u683c\u5f0f</b>:<br /> \u3000\u3000n k<br /> \u3000\u3000x1 y1<br /> \u3000\u3000x2 y2<br /> \u3000\u3000... ...<br /> \u3000\u3000xn yn<br /> \u3000\u3000<b>\u8f93\u51fa\u683c\u5f0f</b>:<br /> \u3000\u3000\u4e00\u4e2a\u6574\u6570\uff08\u6ee1\u8db3\u6761\u4ef6\u7684\u4e2a\u6570\uff09\uff1a"
    },
    "tags": [
        "\u84dd\u6865\u676f-\u7b97\u6cd5\u63d0\u9ad8"
    ],
    "input_description": {
        "format": "html",
        "value": "\u8f93\u5165\u63cf\u8ff0:<br /> <br />\u8f93\u5165\u6837\u4f8b: <br />234 2<br /> 2 5<br /> 3 6"
    },
    "output_description": {
        "format": "html",
        "value": "<br />\u8f93\u51fa\u63cf\u8ff0: <br /><br /> \u8f93\u51fa\u6837\u4f8b: <br />4"
    },
    "test_case_score": [
        {
            "score": 100,
            "input_name": "1.in",
            "output_name": "1.out"
        },
        {
            "score": 100,
            "input_name": "2.in",
            "output_name": "2.out"
        },
        {
            "score": 100,
            "input_name": "3.in",
            "output_name": "3.out"
        },
        {
            "score": 100,
            "input_name": "4.in",
            "output_name": "4.out"
        },
        {
            "score": 100,
            "input_name": "5.in",
            "output_name": "5.out"
        }
    ],
    "hint": {
        "format": "html",
        "value": "HINT:\u65f6\u95f4\u9650\u5236\uff1a1.0s  \u5185\u5b58\u9650\u5236\uff1a256.0MB<br />"
    },
    "time_limit": 1000,
    "memory_limit": 512,
    "samples": [
        {
            "input": "\u53c2\u8003\u4e0a\u6587 ",
            "output": "\u53c2\u8003\u4e0a\u6587"
        }
    ],
    "template": {},
    "spj": null,
    "rule_type": "ACM",
    "source": "\u84dd\u6865\u676f\u7ec3\u4e60\u7cfb\u7edf ID: 301 \u539f\u9898\u94fe\u63a5: http://lx.lanqiao.cn/problem.page?gpid=T301",
    "answers": []
}