{
    "display_id": "old1062",
    "title": "\u57fa\u7840\u7ec3\u4e60 \u6570\u7684\u8bfb\u6cd5",
    "description": {
        "format": "html",
        "value": "<br />\u3000\u3000Tom\u6559\u6388\u6b63\u5728\u7ed9\u7814\u7a76\u751f\u8bb2\u6388\u4e00\u95e8\u5173\u4e8e\u57fa\u56e0\u7684\u8bfe\u7a0b\uff0c\u6709\u4e00\u4ef6\u4e8b\u60c5\u8ba9\u4ed6\u9887\u4e3a\u5934\u75bc\uff1a\u4e00\u6761\u67d3\u8272\u4f53\u4e0a\u6709\u6210\u5343\u4e0a\u4e07\u4e2a\u78b1\u57fa\u5bf9\uff0c\u5b83\u4eec\u4ece0\u5f00\u59cb\u7f16\u53f7\uff0c\u5230\u51e0\u767e\u4e07\uff0c\u51e0\u5343\u4e07\uff0c\u751a\u81f3\u4e0a\u4ebf\u3002<br /> \u3000\u3000\u6bd4\u5982\u8bf4\uff0c\u5728\u5bf9\u5b66\u751f\u8bb2\u89e3\u7b2c1234567009\u53f7\u4f4d\u7f6e\u4e0a\u7684\u78b1\u57fa\u65f6\uff0c\u5149\u770b\u7740\u6570\u5b57\u662f\u5f88\u96be\u51c6\u786e\u7684\u5ff5\u51fa\u6765\u7684\u3002<br /> \u3000\u3000\u6240\u4ee5\uff0c\u4ed6\u8feb\u5207\u5730\u9700\u8981\u4e00\u4e2a\u7cfb\u7edf\uff0c\u7136\u540e\u5f53\u4ed6\u8f93\u516512 3456 7009\u65f6\uff0c\u4f1a\u7ed9\u51fa\u76f8\u5e94\u7684\u5ff5\u6cd5\uff1a<br /> \u3000\u3000\u5341\u4e8c\u4ebf\u4e09\u5343\u56db\u767e\u4e94\u5341\u516d\u4e07\u4e03\u5343\u96f6\u4e5d<br /> \u3000\u3000\u7528\u6c49\u8bed\u62fc\u97f3\u8868\u793a\u4e3a<br /> \u3000\u3000shi er yi san qian si bai wu shi liu wan qi qian ling jiu<br /> \u3000\u3000\u8fd9\u6837\u4ed6\u53ea\u9700\u8981\u7167\u7740\u5ff5\u5c31\u53ef\u4ee5\u4e86\u3002<br /> \u3000\u3000\u4f60\u7684\u4efb\u52a1\u662f\u5e2e\u4ed6\u8bbe\u8ba1\u8fd9\u6837\u4e00\u4e2a\u7cfb\u7edf\uff1a\u7ed9\u5b9a\u4e00\u4e2a\u963f\u62c9\u4f2f\u6570\u5b57\u4e32\uff0c\u4f60\u5e2e\u4ed6\u6309\u7167\u4e2d\u6587\u8bfb\u5199\u7684\u89c4\u8303\u8f6c\u4e3a\u6c49\u8bed\u62fc\u97f3\u5b57\u4e32\uff0c\u76f8\u90bb\u7684\u4e24\u4e2a\u97f3\u8282\u7528\u4e00\u4e2a\u7a7a\u683c\u7b26\u683c\u5f00\u3002<br /> \u3000\u3000\u6ce8\u610f\u5fc5\u987b\u4e25\u683c\u6309\u7167\u89c4\u8303\uff0c\u6bd4\u5982\u8bf4\u201c10010\u201d\u8bfb\u4f5c\u201cyi wan ling yi shi\u201d\u800c\u4e0d\u662f\u201cyi wan ling shi\u201d\uff0c\u201c100000\u201d\u8bfb\u4f5c\u201cshi wan\u201d\u800c\u4e0d\u662f\u201cyi shi wan\u201d\uff0c\u201c2000\u201d\u8bfb\u4f5c\u201cer qian\u201d\u800c\u4e0d\u662f\u201cliang qian\u201d\u3002"
    },
    "tags": [
        "\u84dd\u6865\u676f-\u57fa\u7840\u7ec3\u4e60"
    ],
    "input_description": {
        "format": "html",
        "value": "\u8f93\u5165\u63cf\u8ff0:<br />\u3000\u3000\u6709\u4e00\u4e2a\u6570\u5b57\u4e32\uff0c\u6570\u503c\u5927\u5c0f\u4e0d\u8d85\u8fc72,000,000,000\u3002 <br />\u8f93\u5165\u6837\u4f8b: <br />1234567009"
    },
    "output_description": {
        "format": "html",
        "value": "<br />\u8f93\u51fa\u63cf\u8ff0: <br />\u3000\u3000\u662f\u4e00\u4e2a\u7531\u5c0f\u5199\u82f1\u6587\u5b57\u6bcd\uff0c\u9017\u53f7\u548c\u7a7a\u683c\u7ec4\u6210\u7684\u5b57\u7b26\u4e32\uff0c\u8868\u793a\u8be5\u6570\u7684\u82f1\u6587\u8bfb\u6cd5\u3002<br /> \u8f93\u51fa\u6837\u4f8b: <br />shi er yi san qian si bai wu shi liu wan qi qian ling jiu"
    },
    "test_case_score": [
        {
            "score": 100,
            "input_name": "1.in",
            "output_name": "1.out"
        },
        {
            "score": 100,
            "input_name": "2.in",
            "output_name": "2.out"
        },
        {
            "score": 100,
            "input_name": "3.in",
            "output_name": "3.out"
        },
        {
            "score": 100,
            "input_name": "4.in",
            "output_name": "4.out"
        },
        {
            "score": 100,
            "input_name": "5.in",
            "output_name": "5.out"
        },
        {
            "score": 100,
            "input_name": "6.in",
            "output_name": "6.out"
        },
        {
            "score": 100,
            "input_name": "7.in",
            "output_name": "7.out"
        }
    ],
    "hint": {
        "format": "html",
        "value": "HINT:\u65f6\u95f4\u9650\u5236\uff1a1.0s  \u5185\u5b58\u9650\u5236\uff1a512.0MB<br />"
    },
    "time_limit": 1000,
    "memory_limit": 512,
    "samples": [
        {
            "input": "\u53c2\u8003\u4e0a\u6587 ",
            "output": "\u53c2\u8003\u4e0a\u6587"
        }
    ],
    "template": {},
    "spj": null,
    "rule_type": "ACM",
    "source": "\u84dd\u6865\u676f\u7ec3\u4e60\u7cfb\u7edf ID: 61 \u539f\u9898\u94fe\u63a5: http://lx.lanqiao.cn/problem.page?gpid=T61",
    "answers": []
}