{
    "display_id": "old1170",
    "title": "\u7b97\u6cd5\u63d0\u9ad8 \u6b27\u62c9\u51fd\u6570",
    "description": {
        "format": "html",
        "value": "<br />\u3000\u30002016.4.5 \u5df2\u66f4\u65b0\u8bd5\u9898\uff0c\u8bf7\u91cd\u65b0\u63d0\u4ea4\u81ea\u5df1\u7684\u7a0b\u5e8f\u3002"
    },
    "tags": [
        "\u84dd\u6865\u676f-\u7b97\u6cd5\u63d0\u9ad8"
    ],
    "input_description": {
        "format": "html",
        "value": "\u8f93\u5165\u63cf\u8ff0:<br />\u3000\u3000\u7ed9\u5b9a\u4e00\u4e2a\u5927\u4e8e1\uff0c\u4e0d\u8d85\u8fc72000000\u7684\u6b63\u6574\u6570n\uff0c\u8f93\u51fa\u6b27\u62c9\u51fd\u6570\uff0cphi(n)\u7684\u503c\u3002<br /> \u3000\u3000\u5982\u679c\u4f60\u5e76\u4e0d\u4e86\u89e3\u6b27\u62c9\u51fd\u6570\uff0c\u90a3\u4e48\u8bf7\u53c2\u9605\u63d0\u793a\u3002 <br />\u8f93\u5165\u6837\u4f8b: <br />17"
    },
    "output_description": {
        "format": "html",
        "value": "<br />\u8f93\u51fa\u63cf\u8ff0: <br />\u3000\u3000\u5728\u7ed9\u5b9a\u7684\u8f93\u5165\u6587\u4ef6\u4e2d\u8fdb\u884c\u8bfb\u5165\uff1a<br /> \u3000\u3000\u4e00\u884c\u4e00\u4e2a\u6b63\u6574\u6570n\u3002<br /> \u8f93\u51fa\u6837\u4f8b: <br />16"
    },
    "test_case_score": [
        {
            "score": 100,
            "input_name": "1.in",
            "output_name": "1.out"
        },
        {
            "score": 100,
            "input_name": "2.in",
            "output_name": "2.out"
        },
        {
            "score": 100,
            "input_name": "3.in",
            "output_name": "3.out"
        },
        {
            "score": 100,
            "input_name": "4.in",
            "output_name": "4.out"
        },
        {
            "score": 100,
            "input_name": "5.in",
            "output_name": "5.out"
        },
        {
            "score": 100,
            "input_name": "6.in",
            "output_name": "6.out"
        },
        {
            "score": 100,
            "input_name": "7.in",
            "output_name": "7.out"
        }
    ],
    "hint": {
        "format": "html",
        "value": "HINT:\u65f6\u95f4\u9650\u5236\uff1a1.0s  \u5185\u5b58\u9650\u5236\uff1a512.0MB<br />\u3000\u3000\u5c06\u8f93\u51fa\u4fe1\u606f\u8f93\u51fa\u5230\u6307\u5b9a\u7684\u6587\u4ef6\u4e2d:<br /> \u3000\u3000\u4e00\u884c\u4e00\u4e2a\u6574\u6570\u8868\u793aphi(n)\u3002"
    },
    "time_limit": 1000,
    "memory_limit": 512,
    "samples": [
        {
            "input": "\u53c2\u8003\u4e0a\u6587 ",
            "output": "\u53c2\u8003\u4e0a\u6587"
        }
    ],
    "template": {},
    "spj": null,
    "rule_type": "ACM",
    "source": "\u84dd\u6865\u676f\u7ec3\u4e60\u7cfb\u7edf ID: 229 \u539f\u9898\u94fe\u63a5: http://lx.lanqiao.cn/problem.page?gpid=T229",
    "answers": []
}