{
    "display_id": "old1092",
    "title": "\u7b97\u6cd5\u8bad\u7ec3 \u6821\u95e8\u5916\u7684\u6811",
    "description": {
        "format": "html",
        "value": "<br />\u3000\u3000\u67d0\u6821\u5927\u95e8\u5916\u957f\u5ea6\u4e3aL\u7684\u9a6c\u8def\u4e0a\u6709\u4e00\u6392\u6811\uff0c\u6bcf\u4e24\u68f5\u76f8\u90bb\u7684\u6811\u4e4b\u95f4\u7684\u95f4\u9694\u90fd\u662f1\u7c73\u3002\u6211\u4eec\u53ef\u4ee5\u628a\u9a6c\u8def\u770b\u6210\u4e00\u4e2a\u6570\u8f74\uff0c\u9a6c\u8def\u7684\u4e00\u7aef\u5728\u6570\u8f740\u7684\u4f4d\u7f6e\uff0c\u53e6\u4e00\u7aef\u5728L\u7684\u4f4d\u7f6e\uff1b\u6570 \u8f74\u4e0a\u7684\u6bcf\u4e2a\u6574\u6570\u70b9\uff0c\u53730\uff0c1\uff0c2\uff0c\u2026\u2026\uff0cL\uff0c\u90fd\u79cd\u6709\u4e00\u68f5\u6811\u3002<br /> \u3000\u3000\u7531\u4e8e\u9a6c\u8def\u4e0a\u6709\u4e00\u4e9b\u533a\u57df\u8981\u7528\u6765\u5efa\u5730\u94c1\u3002\u8fd9\u4e9b\u533a\u57df\u7528\u5b83\u4eec\u5728\u6570\u8f74\u4e0a\u7684\u8d77\u59cb\u70b9\u548c\u7ec8\u6b62\u70b9\u8868\u793a\u3002\u5df2 \u77e5\u4efb\u4e00\u533a\u57df\u7684\u8d77\u59cb\u70b9\u548c\u7ec8\u6b62\u70b9\u7684\u5750\u6807\u90fd\u662f\u6574\u6570\uff0c\u533a\u57df\u4e4b\u95f4\u53ef\u80fd\u6709\u91cd\u5408\u7684\u90e8\u5206\u3002\u73b0\u5728\u8981\u628a\u8fd9\u4e9b\u533a\u57df\u4e2d\u7684\u6811\uff08\u5305\u62ec\u533a\u57df\u7aef\u70b9\u5904\u7684\u4e24\u68f5\u6811\uff09\u79fb\u8d70\u3002\u4f60\u7684\u4efb\u52a1\u662f\u8ba1\u7b97\u5c06\u8fd9\u4e9b\u6811 \u90fd\u79fb\u8d70\u540e\uff0c\u9a6c\u8def\u4e0a\u8fd8\u6709\u591a\u5c11\u68f5\u6811\u3002"
    },
    "tags": [
        "\u84dd\u6865\u676f-\u7b97\u6cd5\u8bad\u7ec3"
    ],
    "input_description": {
        "format": "html",
        "value": "\u8f93\u5165\u63cf\u8ff0:<br />\u3000\u3000\u8f93\u5165\u6587\u4ef6\u7684\u7b2c\u4e00\u884c\u6709\u4e24\u4e2a\u6574\u6570L\uff081 &lt;= L &lt;= 10000\uff09\u548c M\uff081 &lt;= M &lt;=  100\uff09\uff0cL\u4ee3\u8868\u9a6c\u8def\u7684\u957f\u5ea6\uff0cM\u4ee3\u8868\u533a\u57df\u7684\u6570\u76ee\uff0cL\u548cM\u4e4b\u95f4\u7528\u4e00\u4e2a\u7a7a\u683c\u9694\u5f00\u3002\u63a5\u4e0b\u6765\u7684M\u884c\u6bcf\u884c\u5305\u542b\u4e24\u4e2a\u4e0d\u540c\u7684\u6574\u6570\uff0c\u7528\u4e00\u4e2a\u7a7a\u683c\u9694\u5f00\uff0c\u8868\u793a\u4e00\u4e2a\u533a\u57df\u7684\u8d77\u59cb\u70b9 \u548c\u7ec8\u6b62\u70b9\u7684\u5750\u6807\u3002 <br />\u8f93\u5165\u6837\u4f8b: <br />500 3<br /> 150 300<br /> 100 200<br /> 470 471"
    },
    "output_description": {
        "format": "html",
        "value": "<br />\u8f93\u51fa\u63cf\u8ff0: <br />\u3000\u3000\u8f93\u51fa\u6587\u4ef6\u5305\u62ec\u4e00\u884c\uff0c\u8fd9\u4e00\u884c\u53ea\u5305\u542b\u4e00\u4e2a\u6574\u6570\uff0c\u8868\u793a\u9a6c\u8def\u4e0a\u5269\u4f59\u7684\u6811\u7684\u6570\u76ee\u3002<br /> \u8f93\u51fa\u6837\u4f8b: <br />298"
    },
    "test_case_score": [
        {
            "score": 100,
            "input_name": "1.in",
            "output_name": "1.out"
        },
        {
            "score": 100,
            "input_name": "2.in",
            "output_name": "2.out"
        },
        {
            "score": 100,
            "input_name": "3.in",
            "output_name": "3.out"
        },
        {
            "score": 100,
            "input_name": "4.in",
            "output_name": "4.out"
        },
        {
            "score": 100,
            "input_name": "5.in",
            "output_name": "5.out"
        },
        {
            "score": 100,
            "input_name": "6.in",
            "output_name": "6.out"
        },
        {
            "score": 100,
            "input_name": "7.in",
            "output_name": "7.out"
        },
        {
            "score": 100,
            "input_name": "8.in",
            "output_name": "8.out"
        },
        {
            "score": 100,
            "input_name": "9.in",
            "output_name": "9.out"
        },
        {
            "score": 100,
            "input_name": "10.in",
            "output_name": "10.out"
        }
    ],
    "hint": {
        "format": "html",
        "value": "HINT:\u65f6\u95f4\u9650\u5236\uff1a1.0s  \u5185\u5b58\u9650\u5236\uff1a256.0MB<br />\u3000\u3000\u5bf9\u4e8e20%\u7684\u6570\u636e\uff0c\u533a\u57df\u4e4b\u95f4\u6ca1\u6709\u91cd\u5408\u7684\u90e8\u5206\uff1b<br /> \u3000\u3000\u5bf9\u4e8e\u5176\u5b83\u7684\u6570\u636e\uff0c\u533a\u57df\u4e4b\u95f4\u6709\u91cd\u5408\u7684\u60c5\u51b5\u3002"
    },
    "time_limit": 1000,
    "memory_limit": 512,
    "samples": [
        {
            "input": "\u53c2\u8003\u4e0a\u6587 ",
            "output": "\u53c2\u8003\u4e0a\u6587"
        }
    ],
    "template": {},
    "spj": null,
    "rule_type": "ACM",
    "source": "\u84dd\u6865\u676f\u7ec3\u4e60\u7cfb\u7edf ID: 91 \u539f\u9898\u94fe\u63a5: http://lx.lanqiao.cn/problem.page?gpid=T91",
    "answers": []
}