{
    "display_id": "old1213",
    "title": "\u7b97\u6cd5\u63d0\u9ad8 \u68cb\u76d8\u591a\u9879\u5f0f",
    "description": {
        "format": "html",
        "value": "<br />\u3000\u3000<br /> \u3000\u3000\u68cb\u76d8\u591a\u9879\u5f0f"
    },
    "tags": [
        "\u84dd\u6865\u676f-\u7b97\u6cd5\u63d0\u9ad8"
    ],
    "input_description": {
        "format": "html",
        "value": "\u8f93\u5165\u63cf\u8ff0:<br />\u3000\u3000\u516b\u7687\u540e\u95ee\u9898\u662f\u5728\u68cb\u76d8\u4e0a\u653e\u7687\u540e\uff0c\u4e92\u76f8\u4e0d\u653b\u51fb\uff0c\u6c42\u65b9\u6848\u3002\u53d8\u6362\u4e00\u4e0b\u68cb\u5b50\uff0c\u8fd8\u53ef\u4ee5\u6709\u516b\u8f66\u95ee\u9898\uff0c\u516b\u9a6c\u95ee\u9898\uff0c\u516b\u5175\u95ee\u9898\uff0c\u516b\u738b\u95ee\u9898\uff0c\u6ce8\u610f\u522b\u5ff5\u53cd\u3002\u5728\u8fd9\u9053\u9898\u91cc\uff0c\u68cb\u5b50\u6362\u6210\u8f66\uff0c\u540c\u65f6\u68cb\u76d8\u4e5f\u5f97\u6362\uff0c\u786e\u5207\u8bf4\uff0c\u662f\u8fdb\u884c\u4e00\u4e9b\u6539\u9020\u3002\u6bd4\u5982\u73b0\u5728\u6709\u4e00\u5f20n*n\u7684\u68cb\u76d8\uff0c\u6211\u4eec\u5728\u4e00\u4e9b\u683c\u5b50\u4e0a\u62a0\u51e0\u4e2a\u6d1e\uff0c\u8fd9\u4e9b\u6d1e\u81ea\u7136\u4e0d\u80fd\u653e\u68cb\u5b50\u4e86\uff0c\u4f1a\u6f0f\u4e0b\u53bb\u7684\u3002\u53e6\u5916\uff0c\u4e00\u4e2a\u8f66\u672c\u6765\u80fd\u653b\u51fb\u548c\u5b83\u7684\u540c\u884c\u540c\u5217\u3002\u73b0\u5728\uff0c\u4f60\u60f3\u60f3\uff0c\u5728\u653b\u51fb\u7684\u8fc7\u7a0b\u4e2d\u5982\u679c\u8e29\u5230\u4e00\u4e2a\u6d1e\uff0c\u4fbf\u4f1a\u81ea\u53d6\u706d\u4ea1\u3002\u6545\uff0c\u8f66\u7684\u653b\u51fb\u8303\u56f4\u6b62\u4e8e\u6d1e\u3002<br /> \u3000\u3000\u6b64\u9898\uff0c\u7ed9\u4f60\u68cb\u76d8\u7684\u89c4\u6a21n\uff0c\u4ee5\u53ca\u6316\u6d1e\u60c5\u51b5\uff0c\u6c42\u653ek\u4e2a\u8f66\u7684\u65b9\u6848\u6570(k\u4ece0\u5230\u6700\u591a\u53ef\u653e\u8f66\u6570) <br />\u8f93\u5165\u6837\u4f8b: <br />3<br /> 1 0 1<br /> 1 1 1<br /> 1 0 1"
    },
    "output_description": {
        "format": "html",
        "value": "<br />\u8f93\u51fa\u63cf\u8ff0: <br />\u3000\u3000\u7b2c\u4e00\u884c\u4e00\u4e2a\u6574\u6570n\u8868\u793a\u68cb\u76d8\u5927\u5c0f<br /> \u3000\u3000\u63a5\u4e0b\u6765n\u884c\uff0c\u6bcf\u884cn\u4e2a\u7528\u7a7a\u683c\u9694\u5f00\u7684\u6570\u5b570\u62161\uff0c0\u7684\u5f62\u72b6\u8868\u793a\u6d1e\uff0c1\u8868\u793a\u6ca1\u6709\u6d1e<br /> \u8f93\u51fa\u6837\u4f8b: <br />7<br /> 12<br /> 4"
    },
    "test_case_score": [
        {
            "score": 100,
            "input_name": "1.in",
            "output_name": "1.out"
        },
        {
            "score": 100,
            "input_name": "2.in",
            "output_name": "2.out"
        },
        {
            "score": 100,
            "input_name": "3.in",
            "output_name": "3.out"
        },
        {
            "score": 100,
            "input_name": "4.in",
            "output_name": "4.out"
        },
        {
            "score": 100,
            "input_name": "5.in",
            "output_name": "5.out"
        },
        {
            "score": 100,
            "input_name": "6.in",
            "output_name": "6.out"
        },
        {
            "score": 100,
            "input_name": "7.in",
            "output_name": "7.out"
        },
        {
            "score": 100,
            "input_name": "8.in",
            "output_name": "8.out"
        },
        {
            "score": 100,
            "input_name": "9.in",
            "output_name": "9.out"
        },
        {
            "score": 100,
            "input_name": "10.in",
            "output_name": "10.out"
        }
    ],
    "hint": {
        "format": "html",
        "value": "HINT:\u65f6\u95f4\u9650\u5236\uff1a1.0s  \u5185\u5b58\u9650\u5236\uff1a256.0MB<br />\u3000\u3000\u82e5\u5e72\u884c\uff0c\u7b2ci\u884c\u8868\u793a\u653ei\u4e2a\u8f66\u7684\u65b9\u6848\u6570"
    },
    "time_limit": 1000,
    "memory_limit": 512,
    "samples": [
        {
            "input": "\u53c2\u8003\u4e0a\u6587 ",
            "output": "\u53c2\u8003\u4e0a\u6587"
        }
    ],
    "template": {},
    "spj": null,
    "rule_type": "ACM",
    "source": "\u84dd\u6865\u676f\u7ec3\u4e60\u7cfb\u7edf ID: 285 \u539f\u9898\u94fe\u63a5: http://lx.lanqiao.cn/problem.page?gpid=T285",
    "answers": []
}