{
    "display_id": "old1064",
    "title": "\u57fa\u7840\u7ec3\u4e60 FJ\u7684\u5b57\u7b26\u4e32",
    "description": {
        "format": "html",
        "value": "<br />\u3000\u3000FJ\u5728\u6c99\u76d8\u4e0a\u5199\u4e86\u8fd9\u6837\u4e00\u4e9b\u5b57\u7b26\u4e32\uff1a<br /> \u3000\u3000A1 = \u201cA\u201d<br /> \u3000\u3000A2 = \u201cABA\u201d<br /> \u3000\u3000A3 = \u201cABACABA\u201d<br /> \u3000\u3000A4 = \u201cABACABADABACABA\u201d<br /> \u3000\u3000\u2026 \u2026<br /> \u3000\u3000\u4f60\u80fd\u627e\u51fa\u5176\u4e2d\u7684\u89c4\u5f8b\u5e76\u5199\u6240\u6709\u7684\u6570\u5217AN\u5417\uff1f"
    },
    "tags": [
        "\u84dd\u6865\u676f-\u57fa\u7840\u7ec3\u4e60"
    ],
    "input_description": {
        "format": "html",
        "value": "\u8f93\u5165\u63cf\u8ff0:<br />\u3000\u3000\u4ec5\u6709\u4e00\u4e2a\u6570\uff1aN \u2264 26\u3002 <br />\u8f93\u5165\u6837\u4f8b: <br />3"
    },
    "output_description": {
        "format": "html",
        "value": "<br />\u8f93\u51fa\u63cf\u8ff0: <br />\u3000\u3000\u8bf7\u8f93\u51fa\u76f8\u5e94\u7684\u5b57\u7b26\u4e32AN\uff0c\u4ee5\u4e00\u4e2a\u6362\u884c\u7b26\u7ed3\u675f\u3002\u8f93\u51fa\u4e2d\u4e0d\u5f97\u542b\u6709\u591a\u4f59\u7684\u7a7a\u683c\u6216\u6362\u884c\u3001\u56de\u8f66\u7b26\u3002<br /> \u8f93\u51fa\u6837\u4f8b: <br />ABACABA"
    },
    "test_case_score": [
        {
            "score": 100,
            "input_name": "1.in",
            "output_name": "1.out"
        },
        {
            "score": 100,
            "input_name": "2.in",
            "output_name": "2.out"
        },
        {
            "score": 100,
            "input_name": "3.in",
            "output_name": "3.out"
        }
    ],
    "hint": {
        "format": "html",
        "value": "HINT:\u65f6\u95f4\u9650\u5236\uff1a1.0s  \u5185\u5b58\u9650\u5236\uff1a512.0MB<br />"
    },
    "time_limit": 1000,
    "memory_limit": 512,
    "samples": [
        {
            "input": "\u53c2\u8003\u4e0a\u6587 ",
            "output": "\u53c2\u8003\u4e0a\u6587"
        }
    ],
    "template": {},
    "spj": null,
    "rule_type": "ACM",
    "source": "\u84dd\u6865\u676f\u7ec3\u4e60\u7cfb\u7edf ID: 63 \u539f\u9898\u94fe\u63a5: http://lx.lanqiao.cn/problem.page?gpid=T63",
    "answers": []
}