{
    "display_id": "old1160",
    "title": "\u7b97\u6cd5\u63d0\u9ad8 \u5355\u8bcd\u4e2a\u6570\u7edf\u8ba1",
    "description": {
        "format": "html",
        "value": "<br />\u3000\u3000\u7f16\u5199\u4e00\u4e2a\u7a0b\u5e8f\uff0c\u8f93\u5165\u4e00\u4e2a\u5b57\u7b26\u4e32\uff08\u957f\u5ea6\u4e0d\u8d85\u8fc780\uff09\uff0c\u7136\u540e\u7edf\u8ba1\u51fa\u8be5\u5b57\u7b26\u4e32\u5f53\u4e2d\u5305\u542b\u6709\u591a\u5c11\u4e2a\u5355\u8bcd\u3002\u4f8b\u5982\uff1a\u5b57\u7b26\u4e32\u201cthis is a book\u201d\u5f53\u4e2d\u5305\u542b\u67094\u4e2a\u5355\u8bcd\u3002<br /> \u3000\u3000\u8f93\u5165\u683c\u5f0f\uff1a\u8f93\u5165\u4e00\u4e2a\u5b57\u7b26\u4e32\uff0c\u7531\u82e5\u5e72\u4e2a\u5355\u8bcd\u7ec4\u6210\uff0c\u5355\u8bcd\u4e4b\u95f4\u7528\u4e00\u4e2a\u7a7a\u683c\u9694\u5f00\u3002<br /> \u3000\u3000\u8f93\u51fa\u683c\u5f0f\uff1a\u8f93\u51fa\u4e00\u4e2a\u6574\u6570\uff0c\u5373\u5355\u8bcd\u7684\u4e2a\u6570\u3002<br /> \u3000\u3000\u8f93\u5165\u8f93\u51fa\u6837\u4f8b<br /> \u3000\u3000\u7528\u6237\u8f93\u5165\u6570\u636e\u6837\u4f8b\uff1a<br /> \u3000\u3000this is a book<br /> \u3000\u3000\u7cfb\u7edf\u8f93\u51fa\u6570\u636e\u5982\u4e0b\uff1a<br /> \u3000\u30004"
    },
    "tags": [
        "\u84dd\u6865\u676f-\u7b97\u6cd5\u63d0\u9ad8"
    ],
    "input_description": {
        "format": "html",
        "value": "\u8f93\u5165\u63cf\u8ff0:<br /> <br />\u8f93\u5165\u6837\u4f8b: <br />"
    },
    "output_description": {
        "format": "html",
        "value": "<br />\u8f93\u51fa\u63cf\u8ff0: <br /><br /> \u8f93\u51fa\u6837\u4f8b: <br />"
    },
    "test_case_score": [
        {
            "score": 100,
            "input_name": "1.in",
            "output_name": "1.out"
        },
        {
            "score": 100,
            "input_name": "2.in",
            "output_name": "2.out"
        },
        {
            "score": 100,
            "input_name": "3.in",
            "output_name": "3.out"
        },
        {
            "score": 100,
            "input_name": "4.in",
            "output_name": "4.out"
        },
        {
            "score": 100,
            "input_name": "5.in",
            "output_name": "5.out"
        },
        {
            "score": 100,
            "input_name": "6.in",
            "output_name": "6.out"
        },
        {
            "score": 100,
            "input_name": "7.in",
            "output_name": "7.out"
        },
        {
            "score": 100,
            "input_name": "8.in",
            "output_name": "8.out"
        },
        {
            "score": 100,
            "input_name": "9.in",
            "output_name": "9.out"
        },
        {
            "score": 100,
            "input_name": "10.in",
            "output_name": "10.out"
        }
    ],
    "hint": {
        "format": "html",
        "value": "HINT:\u65f6\u95f4\u9650\u5236\uff1a1.0s  \u5185\u5b58\u9650\u5236\uff1a512.0MB<br />"
    },
    "time_limit": 1000,
    "memory_limit": 512,
    "samples": [
        {
            "input": "\u53c2\u8003\u4e0a\u6587 ",
            "output": "\u53c2\u8003\u4e0a\u6587"
        }
    ],
    "template": {},
    "spj": null,
    "rule_type": "ACM",
    "source": "\u84dd\u6865\u676f\u7ec3\u4e60\u7cfb\u7edf ID: 214 \u539f\u9898\u94fe\u63a5: http://lx.lanqiao.cn/problem.page?gpid=T214",
    "answers": []
}