{
    "display_id": "old1048",
    "title": "\u57fa\u7840\u7ec3\u4e60 \u56de\u6587\u6570",
    "description": {
        "format": "html",
        "value": "<br />\u3000\u30001221\u662f\u4e00\u4e2a\u975e\u5e38\u7279\u6b8a\u7684\u6570\uff0c\u5b83\u4ece\u5de6\u8fb9\u8bfb\u548c\u4ece\u53f3\u8fb9\u8bfb\u662f\u4e00\u6837\u7684\uff0c\u7f16\u7a0b\u6c42\u6240\u6709\u8fd9\u6837\u7684\u56db\u4f4d\u5341\u8fdb\u5236\u6570\u3002"
    },
    "tags": [
        "\u84dd\u6865\u676f-\u57fa\u7840\u7ec3\u4e60"
    ],
    "input_description": {
        "format": "html",
        "value": "\u8f93\u5165\u63cf\u8ff0:<br />\u3000\u3000\u6309\u4ece\u5c0f\u5230\u5927\u7684\u987a\u5e8f\u8f93\u51fa\u6ee1\u8db3\u6761\u4ef6\u7684\u56db\u4f4d\u5341\u8fdb\u5236\u6570\u3002 <br />\u8f93\u5165\u6837\u4f8b: <br />"
    },
    "output_description": {
        "format": "html",
        "value": "<br />\u8f93\u51fa\u63cf\u8ff0: <br /><br /> \u8f93\u51fa\u6837\u4f8b: <br />"
    },
    "test_case_score": [
        {
            "score": 100,
            "input_name": "1.in",
            "output_name": "1.out"
        },
        {
            "score": 100,
            "input_name": "2.in",
            "output_name": "2.out"
        },
        {
            "score": 100,
            "input_name": "3.in",
            "output_name": "3.out"
        },
        {
            "score": 100,
            "input_name": "4.in",
            "output_name": "4.out"
        }
    ],
    "hint": {
        "format": "html",
        "value": "HINT:\u65f6\u95f4\u9650\u5236\uff1a1.0s  \u5185\u5b58\u9650\u5236\uff1a512.0MB<br />"
    },
    "time_limit": 1000,
    "memory_limit": 512,
    "samples": [
        {
            "input": "\u53c2\u8003\u4e0a\u6587 ",
            "output": "\u53c2\u8003\u4e0a\u6587"
        }
    ],
    "template": {},
    "spj": null,
    "rule_type": "ACM",
    "source": "\u84dd\u6865\u676f\u7ec3\u4e60\u7cfb\u7edf ID: 47 \u539f\u9898\u94fe\u63a5: http://lx.lanqiao.cn/problem.page?gpid=T47",
    "answers": []
}