{
    "display_id": "old1199",
    "title": "\u7b97\u6cd5\u63d0\u9ad8 \u8272\u76f2\u7684\u6c11\u4e3b",
    "description": {
        "format": "html",
        "value": "<br />\u3000\u3000<br /> \u3000\u3000\u8272\u76f2\u7684\u6c11\u4e3b"
    },
    "tags": [
        "\u84dd\u6865\u676f-\u7b97\u6cd5\u63d0\u9ad8"
    ],
    "input_description": {
        "format": "html",
        "value": "\u8f93\u5165\u63cf\u8ff0:<br />\u3000\u3000n\u4e2a\u8272\u76f2\u805a\u5728\u4e00\u8d77\uff0c\u8ba8\u8bba\u4e00\u5757\u5e03\u7684\u989c\u8272\u3002\u5c3d\u7ba1\u90fd\u662f\u8272\u76f2\uff0c\u5374\u76f2\u5f97\u5404\u4e0d\u76f8\u540c\u3002\u6bcf\u4e2a\u4eba\u90fd\u6709\u81ea\u5df1\u7684\u4e3b\u5f20\uff0c\u4e89\u8bba\u4e0d\u4f11\u3002\u6700\u7ec8\uff0c\u4ed6\u4eec\u51b3\u5b9a\u91c7\u53d6\u6c11\u4e3b\u6295\u7968\u7684\u65b9\u5f0f\u51b3\u5b9a\u5e03\u7684\u989c\u8272\uff0c\u4e0d\u7ba1\u5e03\u540c\u4e0d\u540c\u610f\u3002\u67d0\u79cd\u989c\u8272\u7528\u5b57\u7b26\u4e32\u8868\u793a(\u5b57\u7b26\u4e32\u4e3a\u989c\u8272\u5355\u8bcd\u6216\u8bcd\u7ec4\uff0c\u4e5f\u5c31\u662f\u53ef\u80fd\u6709\u88ab\u7a7a\u683c\u9694\u5f00\u7684\u4e24\u4e2a\u5355\u8bcd\u7ec4\u6210\u7684\u989c\u8272\u8bcd\u7ec4)\uff0c\u53ea\u8981\u5b57\u7b26\u4e32\u4e0d\u540c\uff0c\u7a0b\u5e8f\u5373\u5224\u65ad\u989c\u8272\u4e0d\u540c\u3002\u73b0\u5728\u7ed9\u51fa\u8fd9n\u4e2a\u4eba\u6240\u9009\u62e9\u7684\u989c\u8272\uff0c\u8f93\u51fa\u6700\u6709\u53ef\u80fd\u7684\u989c\u8272\uff08\u4e5f\u5c31\u662f\u83b7\u5f97\u6295\u7968\u6700\u591a\u7684\u989c\u8272\uff09\uff0c\u5982\u679c\u6709\u591a\u4e2a\u989c\u8272\u83b7\u5f97\u4e86\u6700\u591a\u7684\u6295\u7968\uff0c\u5219\u5c06\u5b83\u4eec\u6309\u5b57\u5178\u5e8f\u5206\u884c\u5168\u90e8\u8f93\u51fa\u3002 <br />\u8f93\u5165\u6837\u4f8b: <br />5<br /> red<br /> blue<br /> black<br /> black<br /> blue"
    },
    "output_description": {
        "format": "html",
        "value": "<br />\u8f93\u51fa\u63cf\u8ff0: <br />\u3000\u3000\u7b2c\u4e00\u884c\u4e00\u4e2a\u6b63\u6574\u6570n\uff0c\u8868\u793a\u8272\u76f2\u7684\u4eba\u6570<br /> \u3000\u3000\u63a5\u4e0b\u6765n\u884c\uff0c\u6bcf\u884c\u4e00\u53e5\u8bdd<br /> \u8f93\u51fa\u6837\u4f8b: <br />black<br /> blue"
    },
    "test_case_score": [
        {
            "score": 100,
            "input_name": "1.in",
            "output_name": "1.out"
        },
        {
            "score": 100,
            "input_name": "2.in",
            "output_name": "2.out"
        },
        {
            "score": 100,
            "input_name": "3.in",
            "output_name": "3.out"
        },
        {
            "score": 100,
            "input_name": "4.in",
            "output_name": "4.out"
        },
        {
            "score": 100,
            "input_name": "5.in",
            "output_name": "5.out"
        },
        {
            "score": 100,
            "input_name": "6.in",
            "output_name": "6.out"
        },
        {
            "score": 100,
            "input_name": "7.in",
            "output_name": "7.out"
        },
        {
            "score": 100,
            "input_name": "8.in",
            "output_name": "8.out"
        },
        {
            "score": 100,
            "input_name": "9.in",
            "output_name": "9.out"
        },
        {
            "score": 100,
            "input_name": "10.in",
            "output_name": "10.out"
        }
    ],
    "hint": {
        "format": "html",
        "value": "HINT:\u65f6\u95f4\u9650\u5236\uff1a1.0s  \u5185\u5b58\u9650\u5236\uff1a256.0MB<br />\u3000\u3000\u82e5\u5e72\u884c\uff0c\u83b7\u5f97\u6295\u7968\u6700\u591a\u7684\u989c\u8272\uff0c\u6309\u5b57\u5178\u5e8f\u8f93\u51fa"
    },
    "time_limit": 1000,
    "memory_limit": 512,
    "samples": [
        {
            "input": "\u53c2\u8003\u4e0a\u6587 ",
            "output": "\u53c2\u8003\u4e0a\u6587"
        }
    ],
    "template": {},
    "spj": null,
    "rule_type": "ACM",
    "source": "\u84dd\u6865\u676f\u7ec3\u4e60\u7cfb\u7edf ID: 269 \u539f\u9898\u94fe\u63a5: http://lx.lanqiao.cn/problem.page?gpid=T269",
    "answers": []
}