{
    "display_id": "old1266",
    "title": "\u7b97\u6cd5\u63d0\u9ad8 \u6587\u5316\u4e4b\u65c5",
    "description": {
        "format": "html",
        "value": "<br />\u3000\u3000\u6709\u4e00\u4f4d\u4f7f\u8005\u8981\u6e38\u5386\u5404\u56fd\uff0c\u4ed6\u6bcf\u5230\u4e00\u4e2a\u56fd\u5bb6\uff0c\u90fd\u80fd\u5b66\u5230\u4e00\u79cd\u6587\u5316\uff0c\u4f46\u4ed6\u4e0d\u613f\u610f\u5b66\u4e60\u4efb\u4f55\u4e00\u79cd\u6587\u5316\u8d85\u8fc7\u4e00\u6b21\uff08\u5373\u5982\u679c\u4ed6\u5b66\u4e60\u4e86\u67d0\u79cd\u6587\u5316\uff0c\u5219\u4ed6\u5c31\u4e0d\u80fd\u5230\u8fbe\u5176\u4ed6\u6709\u8fd9\u79cd\u6587\u5316\u7684\u56fd\u5bb6\uff09\u3002\u4e0d\u540c\u7684\u56fd\u5bb6\u53ef\u80fd\u6709\u76f8\u540c\u7684\u6587\u5316\u3002\u4e0d\u540c\u6587\u5316\u7684\u56fd\u5bb6\u5bf9\u5176\u4ed6\u6587\u5316\u7684\u770b\u6cd5\u4e0d\u540c\uff0c\u6709\u4e9b\u6587\u5316\u4f1a\u6392\u65a5\u5916\u6765\u6587\u5316\uff08\u5373\u5982\u679c\u4ed6\u5b66\u4e60\u4e86\u67d0\u79cd\u6587\u5316\uff0c\u5219\u4ed6\u4e0d\u80fd\u5230\u8fbe\u6392\u65a5\u8fd9\u79cd\u6587\u5316\u7684\u5176\u4ed6\u56fd\u5bb6\uff09\u3002<br /> \u3000\u3000\u73b0\u7ed9\u5b9a\u5404\u4e2a\u56fd\u5bb6\u95f4\u7684\u5730\u7406\u5173\u7cfb\uff0c\u5404\u4e2a\u56fd\u5bb6\u7684\u6587\u5316\uff0c\u6bcf\u79cd\u6587\u5316\u5bf9\u5176\u4ed6\u6587\u5316\u7684\u770b\u6cd5\uff0c\u4ee5\u53ca\u8fd9\u4f4d\u4f7f\u8005\u6e38\u5386\u7684\u8d77\u70b9\u548c\u7ec8\u70b9\uff08\u5728\u8d77\u70b9\u548c\u7ec8\u70b9\u4e5f\u4f1a\u5b66\u4e60\u5f53\u5730\u7684\u6587\u5316\uff09\uff0c\u56fd\u5bb6\u95f4\u7684\u9053\u8def\u8ddd\u79bb\uff0c\u8bd5\u6c42\u4ece\u8d77\u70b9\u5230\u7ec8\u70b9\u6700\u5c11\u9700\u8d70\u591a\u5c11\u8def\u3002"
    },
    "tags": [
        "\u84dd\u6865\u676f-\u7b97\u6cd5\u63d0\u9ad8"
    ],
    "input_description": {
        "format": "html",
        "value": "\u8f93\u5165\u63cf\u8ff0:<br />\u3000\u3000\u7b2c\u4e00\u884c\u4e3a\u4e94\u4e2a\u6574\u6570N\uff0cK\uff0cM\uff0cS\uff0cT\uff0c\u6bcf\u4e24\u4e2a\u6574\u6570\u4e4b\u95f4\u7528\u4e00\u4e2a\u7a7a\u683c\u9694\u5f00\uff0c\u4f9d\u6b21\u4ee3\u8868\u56fd\u5bb6\u4e2a\u6570\uff08\u56fd\u5bb6\u7f16\u53f7\u4e3a1\u5230N\uff09\uff0c\u6587\u5316\u79cd\u6570\uff08\u6587\u5316\u7f16\u53f7\u4e3a1\u5230K\uff09\uff0c\u9053\u8def\u7684\u6761\u6570\uff0c\u4ee5\u53ca\u8d77\u70b9\u548c\u7ec8\u70b9\u7684\u7f16\u53f7\uff08\u4fdd\u8bc1S\u4e0d\u7b49\u4e8eT\uff09\uff1b<br /> \u3000\u3000\u7b2c\u4e8c\u884c\u4e3aN\u4e2a\u6574\u6570\uff0c\u6bcf\u4e24\u4e2a\u6574\u6570\u4e4b\u95f4\u7528\u4e00\u4e2a\u7a7a\u683c\u9694\u5f00\uff0c\u5176\u4e2d\u7b2ci\u4e2a\u6570C<sub>i</sub>\uff0c\u8868\u793a\u56fd\u5bb6i\u7684\u6587\u5316\u4e3aC<sub>i</sub>\u3002<br /> \u3000\u3000\u63a5\u4e0b\u6765\u7684K\u884c\uff0c\u6bcf\u884cK\u4e2a\u6574\u6570\uff0c\u6bcf\u4e24\u4e2a\u6574\u6570\u4e4b\u95f4\u7528\u4e00\u4e2a\u7a7a\u683c\u9694\u5f00\uff0c\u8bb0\u7b2ci\u884c\u7684\u7b2cj\u4e2a\u6570\u4e3aa<sub>ij</sub>\uff0ca<sub>ij</sub>= 1\u8868\u793a\u6587\u5316i\u6392\u65a5\u5916\u6765\u6587\u5316j\uff08i\u7b49\u4e8ej\u65f6\u8868\u793a\u6392\u65a5\u76f8\u540c\u6587\u5316\u7684\u5916\u6765\u4eba\uff09\uff0ca<sub>ij</sub>= 0\u8868\u793a\u4e0d\u6392\u65a5\uff08\u6ce8\u610fi\u6392\u65a5j\u5e76\u4e0d\u4fdd\u8bc1j\u4e00\u5b9a\u4e5f\u6392\u65a5i\uff09\u3002<br /> \u3000\u3000\u63a5\u4e0b\u6765\u7684M\u884c\uff0c\u6bcf\u884c\u4e09\u4e2a\u6574\u6570u\uff0cv\uff0cd\uff0c\u6bcf\u4e24\u4e2a\u6574\u6570\u4e4b\u95f4\u7528\u4e00\u4e2a\u7a7a\u683c\u9694\u5f00\uff0c\u8868\u793a\u56fd\u5bb6u\u4e0e\u56fd\u5bb6v\u6709\u4e00\u6761\u8ddd\u79bb\u4e3ad\u7684\u53ef\u53cc\u5411\u901a\u884c\u7684\u9053\u8def\uff08\u4fdd\u8bc1u\u4e0d\u7b49\u4e8ev\uff0c\u4e24\u4e2a\u56fd\u5bb6\u4e4b\u95f4\u53ef\u80fd\u6709\u591a\u6761\u9053\u8def\uff09\u3002 <br />\u8f93\u5165\u6837\u4f8b: <br />2 2 1 1 2<br /> 1 2<br /> 0 1<br /> 1 0<br /> 1 2 10"
    },
    "output_description": {
        "format": "html",
        "value": "<br />\u8f93\u51fa\u63cf\u8ff0: <br />\u3000\u3000\u8f93\u51fa\u53ea\u6709\u4e00\u884c\uff0c\u4e00\u4e2a\u6574\u6570\uff0c\u8868\u793a\u4f7f\u8005\u4ece\u8d77\u70b9\u56fd\u5bb6\u5230\u8fbe\u7ec8\u70b9\u56fd\u5bb6\u6700\u5c11\u9700\u8981\u8d70\u7684\u8ddd\u79bb\u6570\uff08\u5982\u679c\u65e0\u89e3\u5219\u8f93\u51fa-1\uff09\u3002<br /> \u8f93\u51fa\u6837\u4f8b: <br />-1"
    },
    "test_case_score": [
        {
            "score": 100,
            "input_name": "1.in",
            "output_name": "1.out"
        },
        {
            "score": 100,
            "input_name": "2.in",
            "output_name": "2.out"
        },
        {
            "score": 100,
            "input_name": "3.in",
            "output_name": "3.out"
        },
        {
            "score": 100,
            "input_name": "4.in",
            "output_name": "4.out"
        },
        {
            "score": 100,
            "input_name": "5.in",
            "output_name": "5.out"
        },
        {
            "score": 100,
            "input_name": "6.in",
            "output_name": "6.out"
        },
        {
            "score": 100,
            "input_name": "7.in",
            "output_name": "7.out"
        },
        {
            "score": 100,
            "input_name": "8.in",
            "output_name": "8.out"
        },
        {
            "score": 100,
            "input_name": "9.in",
            "output_name": "9.out"
        },
        {
            "score": 100,
            "input_name": "10.in",
            "output_name": "10.out"
        }
    ],
    "hint": {
        "format": "html",
        "value": "HINT:\u65f6\u95f4\u9650\u5236\uff1a1.0s  \u5185\u5b58\u9650\u5236\uff1a128.0MB<br />\u3000\u3000\u7531\u4e8e\u5230\u56fd\u5bb62\u5fc5\u987b\u8981\u7ecf\u8fc7\u56fd\u5bb61\uff0c\u800c\u56fd\u5bb62\u7684\u6587\u660e\u5374\u6392\u65a5\u56fd\u5bb61\u7684\u6587\u660e\uff0c\u6240\u4ee5\u4e0d\u53ef\u80fd\u5230\u8fbe\u56fd\u5bb62\u3002"
    },
    "time_limit": 1000,
    "memory_limit": 512,
    "samples": [
        {
            "input": "\u53c2\u8003\u4e0a\u6587 ",
            "output": "\u53c2\u8003\u4e0a\u6587"
        }
    ],
    "template": {},
    "spj": null,
    "rule_type": "ACM",
    "source": "\u84dd\u6865\u676f\u7ec3\u4e60\u7cfb\u7edf ID: 362 \u539f\u9898\u94fe\u63a5: http://lx.lanqiao.cn/problem.page?gpid=T362",
    "answers": []
}