{
    "display_id": "old1133",
    "title": "\u7b97\u6cd5\u8bad\u7ec3 \u5b57\u7b26\u4e32\u7f16\u8f91",
    "description": {
        "format": "html",
        "value": "<br />\u3000\u3000\u4ece\u952e\u76d8\u8f93\u5165\u4e00\u4e2a\u5b57\u7b26\u4e32\uff08\u957f\u5ea6&lt;=40\u4e2a\u5b57\u7b26\uff09\uff0c\u5e76\u4ee5\u5b57\u7b26 \u2019.\u2019 \u7ed3\u675f\u3002\u7f16\u8f91\u529f\u80fd\u6709\uff1a<br /> \u3000\u30001    D\uff1a\u5220\u9664\u4e00\u4e2a\u5b57\u7b26\uff0c\u547d\u4ee4\u7684\u65b9\u5f0f\u4e3a\uff1a D  a  \u5176\u4e2da\u4e3a\u88ab\u5220\u9664\u7684\u5b57\u7b26\uff0c\u4f8b\u5982\uff1aD  s  \u8868\u793a\u5220\u9664\u5b57\u7b26 \u2019s\u2019 \uff0c\u82e5\u5b57\u7b26\u4e32\u4e2d\u6709\u591a\u4e2a \u2018s\u2019\uff0c\u5219\u5220\u9664\u7b2c\u4e00\u6b21\u51fa\u73b0\u7684\u3002<br /> \u3000\u30002    I\uff1a\u63d2\u5165\u4e00\u4e2a\u5b57\u7b26\uff0c\u547d\u4ee4\u7684\u683c\u5f0f\u4e3a\uff1aI  a1  a2  \u5176\u4e2da1\u8868\u793a\u63d2\u5165\u5230\u6307\u5b9a\u5b57\u7b26\u524d\u9762\uff0ca2\u8868\u793a\u5c06\u8981\u63d2\u5165\u7684\u5b57\u7b26\u3002\u4f8b\u5982\uff1aI  s  d  \u8868\u793a\u5728\u6307\u5b9a\u5b57\u7b26 \u2019s\u2019 \u7684\u524d\u9762\u63d2\u5165\u5b57\u7b26 \u2018d\u2019 \uff0c\u82e5\u539f\u4e32\u4e2d\u6709\u591a\u4e2a \u2018s\u2019 \uff0c\u5219\u63d2\u5165\u5728\u6700\u540e\u4e00\u4e2a\u5b57\u7b26\u7684\u524d\u9762\u3002<br /> \u3000\u30003   R\uff1a\u66ff\u6362\u4e00\u4e2a\u5b57\u7b26\uff0c\u547d\u4ee4\u683c\u5f0f\u4e3a\uff1aR  a1  a2  \u5176\u4e2da1\u4e3a\u88ab\u66ff\u6362\u7684\u5b57\u7b26\uff0ca2\u4e3a\u66ff\u6362\u7684\u5b57\u7b26\uff0c\u82e5\u5728\u539f\u4e32\u4e2d\u6709\u591a\u4e2aa1\u5219\u5e94\u5168\u90e8\u66ff\u6362\u3002<br /> \u3000\u3000\u5728\u7f16\u8f91\u8fc7\u7a0b\u4e2d\uff0c\u82e5\u51fa\u73b0\u88ab\u6539\u7684\u5b57\u7b26\u4e0d\u5b58\u5728\u65f6\uff0c\u5219\u7ed9\u51fa\u63d0\u793a\u4fe1\u606f\u3002"
    },
    "tags": [
        "\u84dd\u6865\u676f-\u7b97\u6cd5\u8bad\u7ec3"
    ],
    "input_description": {
        "format": "html",
        "value": "\u8f93\u5165\u63cf\u8ff0:<br />\u3000\u3000\u8f93\u5165\u5171\u4e24\u884c\uff0c\u7b2c\u4e00\u884c\u4e3a\u539f\u4e32(\u4ee5\u2019.\u2019\u7ed3\u675f)\uff0c\u7b2c\u4e8c\u884c\u4e3a\u547d\u4ee4\uff08\u8f93\u5165\u65b9\u5f0f\u53c2\u89c1\u201c\u95ee\u9898\u63cf\u8ff0\u201d \u3002 <br />\u8f93\u5165\u6837\u4f8b: <br />This is a book.<br /> D s"
    },
    "output_description": {
        "format": "html",
        "value": "<br />\u8f93\u51fa\u63cf\u8ff0: <br />\u3000\u3000\u8f93\u51fa\u5171\u4e00\u884c\uff0c\u4e3a\u4fee\u6539\u540e\u7684\u5b57\u7b26\u4e32\u6216\u8f93\u51fa\u6307\u5b9a\u5b57\u7b26\u4e0d\u5b58\u5728\u7684\u63d0\u793a\u4fe1\u606f\u3002<br /> \u8f93\u51fa\u6837\u4f8b: <br />Thi is a book."
    },
    "test_case_score": [
        {
            "score": 100,
            "input_name": "1.in",
            "output_name": "1.out"
        },
        {
            "score": 100,
            "input_name": "2.in",
            "output_name": "2.out"
        },
        {
            "score": 100,
            "input_name": "3.in",
            "output_name": "3.out"
        },
        {
            "score": 100,
            "input_name": "4.in",
            "output_name": "4.out"
        },
        {
            "score": 100,
            "input_name": "5.in",
            "output_name": "5.out"
        },
        {
            "score": 100,
            "input_name": "6.in",
            "output_name": "6.out"
        },
        {
            "score": 100,
            "input_name": "7.in",
            "output_name": "7.out"
        },
        {
            "score": 100,
            "input_name": "8.in",
            "output_name": "8.out"
        },
        {
            "score": 100,
            "input_name": "9.in",
            "output_name": "9.out"
        }
    ],
    "hint": {
        "format": "html",
        "value": "HINT:\u65f6\u95f4\u9650\u5236\uff1a1.0s  \u5185\u5b58\u9650\u5236\uff1a512.0MB<br />\u3000\u3000\u547d\u4ee4\u4e3a\u5220\u53bbs\uff0c\u7b2c\u4e00\u4e2a\u5728\u5b57\u7b26\u4e2d\u51fa\u73b0\u7684s\u5728This\u4e2d\uff0c\u5373\u5f97\u5230\u7ed3\u679c\u3002"
    },
    "time_limit": 1000,
    "memory_limit": 512,
    "samples": [
        {
            "input": "\u53c2\u8003\u4e0a\u6587 ",
            "output": "\u53c2\u8003\u4e0a\u6587"
        }
    ],
    "template": {},
    "spj": null,
    "rule_type": "ACM",
    "source": "\u84dd\u6865\u676f\u7ec3\u4e60\u7cfb\u7edf ID: 160 \u539f\u9898\u94fe\u63a5: http://lx.lanqiao.cn/problem.page?gpid=T160",
    "answers": []
}