{
    "display_id": "old1162",
    "title": "\u7b97\u6cd5\u8bad\u7ec3 \u77e9\u9635\u4e58\u6cd5",
    "description": {
        "format": "html",
        "value": "<br />\u3000\u3000\u8f93\u5165\u4e24\u4e2a\u77e9\u9635\uff0c\u5206\u522b\u662fm*s\uff0cs*n\u5927\u5c0f\u3002\u8f93\u51fa\u4e24\u4e2a\u77e9\u9635\u76f8\u4e58\u7684\u7ed3\u679c\u3002"
    },
    "tags": [
        "\u84dd\u6865\u676f-\u7b97\u6cd5\u8bad\u7ec3"
    ],
    "input_description": {
        "format": "html",
        "value": "\u8f93\u5165\u63cf\u8ff0:<br />\u3000\u3000\u7b2c\u4e00\u884c\uff0c\u7a7a\u683c\u9694\u5f00\u7684\u4e09\u4e2a\u6b63\u6574\u6570m,s,n\uff08\u5747\u4e0d\u8d85\u8fc7200\uff09\u3002<br /> \u3000\u3000\u63a5\u4e0b\u6765m\u884c\uff0c\u6bcf\u884cs\u4e2a\u7a7a\u683c\u9694\u5f00\u7684\u6574\u6570\uff0c\u8868\u793a\u77e9\u9635A\uff08i\uff0cj\uff09\u3002<br /> \u3000\u3000\u63a5\u4e0b\u6765s\u884c\uff0c\u6bcf\u884cn\u4e2a\u7a7a\u683c\u9694\u5f00\u7684\u6574\u6570\uff0c\u8868\u793a\u77e9\u9635B\uff08i\uff0cj\uff09\u3002 <br />\u8f93\u5165\u6837\u4f8b: <br />2 3 2<br /> 1 0 -1<br /> 1 1 -3<br /> 0 3<br /> 1 2<br /> 3 1"
    },
    "output_description": {
        "format": "html",
        "value": "<br />\u8f93\u51fa\u63cf\u8ff0: <br />\u3000\u3000m\u884c\uff0c\u6bcf\u884cn\u4e2a\u7a7a\u683c\u9694\u5f00\u7684\u6574\u6570\uff0c\u8f93\u51fa\u76f8\u4e58\u5f8c\u7684\u77e9\u9635C\uff08i\uff0cj\uff09\u7684\u503c\u3002<br /> \u8f93\u51fa\u6837\u4f8b: <br />-3 2<br /> -8 2<br /> <br /> <b>\u63d0\u793a</b><br /> \u77e9\u9635C\u5e94\u8be5\u662fm\u884cn\u5217\uff0c\u5176\u4e2dC(i,j)\u7b49\u4e8e\u77e9\u9635A\u7b2ci\u884c\u884c\u5411\u91cf\u4e0e\u77e9\u9635B\u7b2cj\u5217\u5217\u5411\u91cf\u7684\u5185\u79ef\u3002<br /> \u4f8b\u5982\u6837\u4f8b\u4e2dC(1,1)=(1,0,-1)*(0,1,3) = 1 * 0 +0*1+(-1)*3=-3<br /> <b> </b>"
    },
    "test_case_score": [
        {
            "score": 100,
            "input_name": "1.in",
            "output_name": "1.out"
        },
        {
            "score": 100,
            "input_name": "2.in",
            "output_name": "2.out"
        },
        {
            "score": 100,
            "input_name": "3.in",
            "output_name": "3.out"
        },
        {
            "score": 100,
            "input_name": "4.in",
            "output_name": "4.out"
        },
        {
            "score": 100,
            "input_name": "5.in",
            "output_name": "5.out"
        },
        {
            "score": 100,
            "input_name": "6.in",
            "output_name": "6.out"
        }
    ],
    "hint": {
        "format": "html",
        "value": "HINT:\u65f6\u95f4\u9650\u5236\uff1a1.0s  \u5185\u5b58\u9650\u5236\uff1a512.0MB<br />"
    },
    "time_limit": 1000,
    "memory_limit": 512,
    "samples": [
        {
            "input": "\u53c2\u8003\u4e0a\u6587 ",
            "output": "\u53c2\u8003\u4e0a\u6587"
        }
    ],
    "template": {},
    "spj": null,
    "rule_type": "ACM",
    "source": "\u84dd\u6865\u676f\u7ec3\u4e60\u7cfb\u7edf ID: 218 \u539f\u9898\u94fe\u63a5: http://lx.lanqiao.cn/problem.page?gpid=T218",
    "answers": []
}