{
    "display_id": "old1202",
    "title": "\u7b97\u6cd5\u63d0\u9ad8 \u7b28\u5c0f\u7334",
    "description": {
        "format": "html",
        "value": "<br />\u3000\u3000\u7b28\u5c0f\u7334\u7684\u8bcd\u6c47\u91cf\u5f88\u5c0f\uff0c\u6240\u4ee5\u6bcf\u6b21\u505a\u82f1\u8bed\u9009\u62e9\u9898\u7684\u65f6\u5019\u90fd\u5f88\u5934\u75bc\u3002\u4f46\u662f\u4ed6\u627e\u5230\u4e86\u4e00\u79cd\u65b9\u6cd5\uff0c\u7ecf\u8bd5\u9a8c\u8bc1\u660e\uff0c\u7528\u8fd9\u79cd\u65b9\u6cd5\u53bb\u9009\u62e9\u9009\u9879\u7684\u65f6\u5019\u9009\u5bf9\u7684\u51e0\u7387\u975e\u5e38\u5927\uff01<br /> \u3000\u3000\u8fd9\u79cd\u65b9\u6cd5\u7684\u5177\u4f53\u63cf\u8ff0\u5982\u4e0b\uff1a\u5047\u8bbemaxn\u662f\u5355\u8bcd\u4e2d\u51fa\u73b0\u6b21\u6570\u6700\u591a\u7684\u5b57\u6bcd\u7684\u51fa\u73b0\u6b21\u6570\uff0cminn\u662f\u5355\u8bcd\u4e2d\u51fa\u73b0\u6b21\u6570\u6700\u5c11\u7684\u5b57\u6bcd\u7684\u51fa\u73b0\u6b21\u6570\uff0c\u5982\u679cmaxn-minn\u662f\u4e00\u4e2a\u8d28\u6570\uff0c\u90a3\u4e48\u7b28\u5c0f\u7334\u5c31\u8ba4\u4e3a\u8fd9\u662f\u4e2aLucky Word\uff0c\u8fd9\u6837\u7684\u5355\u8bcd\u5f88\u53ef\u80fd\u5c31\u662f\u6b63\u786e\u7684\u7b54\u6848\u3002"
    },
    "tags": [
        "\u84dd\u6865\u676f-\u7b97\u6cd5\u63d0\u9ad8"
    ],
    "input_description": {
        "format": "html",
        "value": "\u8f93\u5165\u63cf\u8ff0:<br />\u3000\u3000\u8f93\u5165\u6587\u4ef6\u53ea\u6709\u4e00\u884c\uff0c\u662f\u4e00\u4e2a\u5355\u8bcd\uff0c\u5176\u4e2d\u53ea\u53ef\u80fd\u51fa\u73b0\u5c0f\u5199\u5b57\u6bcd\uff0c\u5e76\u4e14\u957f\u5ea6\u5c0f\u4e8e100\u3002 <br />\u8f93\u5165\u6837\u4f8b: <br />error"
    },
    "output_description": {
        "format": "html",
        "value": "<br />\u8f93\u51fa\u63cf\u8ff0: <br />\u3000\u3000\u8f93\u51fa\u6587\u4ef6\u5171\u4e24\u884c\uff0c\u7b2c\u4e00\u884c\u662f\u4e00\u4e2a\u5b57\u7b26\u4e32\uff0c\u5047\u8bbe\u8f93\u5165\u7684\u7684\u5355\u8bcd\u662fLucky Word\uff0c\u90a3\u4e48\u8f93\u51fa\u201cLucky Word\u201d\uff0c\u5426\u5219\u8f93\u51fa\u201cNo Answer\u201d\uff1b\u7b2c\u4e8c\u884c\u662f\u4e00\u4e2a\u6574\u6570\uff0c\u5982\u679c\u8f93\u5165\u5355\u8bcd\u662fLucky Word\uff0c\u8f93\u51famaxn-minn\u7684\u503c\uff0c\u5426\u5219\u8f93\u51fa0\u3002<br /> \u8f93\u51fa\u6837\u4f8b: <br />Lucky Word<br /> 2"
    },
    "test_case_score": [
        {
            "score": 100,
            "input_name": "1.in",
            "output_name": "1.out"
        },
        {
            "score": 100,
            "input_name": "2.in",
            "output_name": "2.out"
        },
        {
            "score": 100,
            "input_name": "3.in",
            "output_name": "3.out"
        },
        {
            "score": 100,
            "input_name": "4.in",
            "output_name": "4.out"
        },
        {
            "score": 100,
            "input_name": "5.in",
            "output_name": "5.out"
        },
        {
            "score": 100,
            "input_name": "6.in",
            "output_name": "6.out"
        },
        {
            "score": 100,
            "input_name": "7.in",
            "output_name": "7.out"
        },
        {
            "score": 100,
            "input_name": "8.in",
            "output_name": "8.out"
        },
        {
            "score": 100,
            "input_name": "9.in",
            "output_name": "9.out"
        },
        {
            "score": 100,
            "input_name": "10.in",
            "output_name": "10.out"
        }
    ],
    "hint": {
        "format": "html",
        "value": "HINT:\u65f6\u95f4\u9650\u5236\uff1a1.0s  \u5185\u5b58\u9650\u5236\uff1a256.0MB<br />\u3000\u3000\u5355\u8bcderror\u4e2d\u51fa\u73b0\u6700\u591a\u7684\u5b57\u6bcdr\u51fa\u73b0\u4e863\u6b21\uff0c\u51fa\u73b0\u6b21\u6570\u6700\u5c11\u7684\u5b57\u6bcd\u51fa\u73b0\u4e861\u6b21\uff0c3-1=2\uff0c2\u662f\u8d28\u6570\u3002"
    },
    "time_limit": 1000,
    "memory_limit": 512,
    "samples": [
        {
            "input": "\u53c2\u8003\u4e0a\u6587 ",
            "output": "\u53c2\u8003\u4e0a\u6587"
        }
    ],
    "template": {},
    "spj": null,
    "rule_type": "ACM",
    "source": "\u84dd\u6865\u676f\u7ec3\u4e60\u7cfb\u7edf ID: 272 \u539f\u9898\u94fe\u63a5: http://lx.lanqiao.cn/problem.page?gpid=T272",
    "answers": []
}