{
    "display_id": "old1089",
    "title": "\u7b97\u6cd5\u8bad\u7ec3 \u9ea6\u68ee\u6570",
    "description": {
        "format": "html",
        "value": "<br />\u3000\u3000\u5f62\u59822<sup>P</sup>-1\u7684\u7d20\u6570\u79f0\u4e3a\u9ea6\u68ee\u6570\uff0c\u8fd9\u65f6P\u4e00\u5b9a\u4e5f\u662f\u4e2a\u7d20\u6570\u3002\u4f46\u53cd\u8fc7\u6765\u4e0d\u4e00\u5b9a\uff0c\u5373\u5982\u679cP\u662f\u4e2a\u7d20\u6570\uff0c2<sup>P</sup>-1\u4e0d\u4e00\u5b9a\u4e5f\u662f\u7d20\u6570\u3002\u52301998\u5e74\u5e95\uff0c\u4eba\u4eec\u5df2\u627e\u5230\u4e8637\u4e2a\u9ea6\u68ee\u6570\u3002\u6700\u5927\u7684\u4e00\u4e2a\u662fP=3021377\uff0c\u5b83\u6709909526\u4f4d\u3002\u9ea6\u68ee\u6570\u6709\u8bb8\u591a\u91cd\u8981\u5e94\u7528\uff0c\u5b83\u4e0e\u5b8c\u5168\u6570\u5bc6\u5207\u76f8\u5173\u3002<br /> \u3000\u3000\u4efb\u52a1\uff1a\u4ece\u6587\u4ef6\u4e2d\u8f93\u5165P\uff081000&lt;P&lt;3100000\uff09\uff0c\u8ba1\u7b972<sup>P</sup>-1\u7684\u4f4d\u6570\u548c\u6700\u540e500\u4f4d\u6570\u5b57\uff08\u7528\u5341\u8fdb\u5236\u9ad8\u7cbe\u5ea6\u6570\u8868\u793a\uff09"
    },
    "tags": [
        "\u84dd\u6865\u676f-\u7b97\u6cd5\u8bad\u7ec3"
    ],
    "input_description": {
        "format": "html",
        "value": "\u8f93\u5165\u63cf\u8ff0:<br />\u3000\u3000\u6587\u4ef6\u4e2d\u53ea\u5305\u542b\u4e00\u4e2a\u6574\u6570P\uff081000&lt;P&lt;3100000\uff09 <br />\u8f93\u5165\u6837\u4f8b: <br />1279"
    },
    "output_description": {
        "format": "html",
        "value": "<br />\u8f93\u51fa\u63cf\u8ff0: <br />\u3000\u3000\u7b2c\u4e00\u884c\uff1a\u5341\u8fdb\u5236\u9ad8\u7cbe\u5ea6\u65702<sup>P</sup>-1\u7684\u4f4d\u6570\u3002<br /> \u3000\u3000\u7b2c2-11\u884c\uff1a\u5341\u8fdb\u5236\u9ad8\u7cbe\u5ea6\u65702<sup>P</sup>-1\u7684\u6700\u540e500\u4f4d\u6570\u5b57\u3002\uff08\u6bcf\u884c\u8f93\u51fa50\u4f4d\uff0c\u5171\u8f93\u51fa10\u884c\uff0c\u4e0d\u8db3500\u4f4d\u65f6\u9ad8\u4f4d\u88650\uff09<br /> \u3000\u3000\u4e0d\u5fc5\u9a8c\u8bc12<sup>P</sup>-1\u4e0eP\u662f\u5426\u4e3a\u7d20\u6570\u3002<br /> \u8f93\u51fa\u6837\u4f8b: <br />386<br /> 00000000000000000000000000000000000000000000000000<br /> 00000000000000000000000000000000000000000000000000<br /> 00000000000000104079321946643990819252403273640855<br /> 38615262247266704805319112350403608059673360298012<br /> 23944173232418484242161395428100779138356624832346<br /> 49081399066056773207629241295093892203457731833496<br /> 61583550472959420547689811211693677147548478866962<br /> 50138443826029173234888531116082853841658502825560<br /> 46662248318909188018470682222031405210266984354887<br /> 32958028878050869736186900714720710555703168729087"
    },
    "test_case_score": [
        {
            "score": 100,
            "input_name": "1.in",
            "output_name": "1.out"
        },
        {
            "score": 100,
            "input_name": "2.in",
            "output_name": "2.out"
        },
        {
            "score": 100,
            "input_name": "3.in",
            "output_name": "3.out"
        },
        {
            "score": 100,
            "input_name": "4.in",
            "output_name": "4.out"
        },
        {
            "score": 100,
            "input_name": "5.in",
            "output_name": "5.out"
        },
        {
            "score": 100,
            "input_name": "6.in",
            "output_name": "6.out"
        },
        {
            "score": 100,
            "input_name": "7.in",
            "output_name": "7.out"
        },
        {
            "score": 100,
            "input_name": "8.in",
            "output_name": "8.out"
        },
        {
            "score": 100,
            "input_name": "9.in",
            "output_name": "9.out"
        },
        {
            "score": 100,
            "input_name": "10.in",
            "output_name": "10.out"
        }
    ],
    "hint": {
        "format": "html",
        "value": "HINT:\u65f6\u95f4\u9650\u5236\uff1a1.0s  \u5185\u5b58\u9650\u5236\uff1a256.0MB<br />"
    },
    "time_limit": 1000,
    "memory_limit": 512,
    "samples": [
        {
            "input": "\u53c2\u8003\u4e0a\u6587 ",
            "output": "\u53c2\u8003\u4e0a\u6587"
        }
    ],
    "template": {},
    "spj": null,
    "rule_type": "ACM",
    "source": "\u84dd\u6865\u676f\u7ec3\u4e60\u7cfb\u7edf ID: 88 \u539f\u9898\u94fe\u63a5: http://lx.lanqiao.cn/problem.page?gpid=T88",
    "answers": []
}