{
    "display_id": "sai_6_2",
    "title": "\u7b54\u6848\u586b\u7a7a\uff1a\u6fc0\u5149\u6837\u5f0f",
    "description": {
        "format": "html",
        "value": "<p><span style=\"color: rgb(77, 77, 77);\">x\u661f\u7403\u7684\u76db\u5927\u8282\u65e5\u4e3a\u589e\u52a0\u6c14\u6c1b\uff0c\u752830\u53f0\u673a\u5149\u5668\u4e00\u5b57\u6392\u5f00\uff0c\u5411\u592a\u7a7a\u4e2d\u6253\u51fa\u5149\u67f1\u3002</span></p><p><span style=\"color: rgb(77, 77, 77);\">\u5b89\u88c5\u8c03\u8bd5\u7684\u65f6\u5019\u624d\u53d1\u73b0\uff0c\u4e0d\u77e5\u4ec0\u4e48\u539f\u56e0\uff0c\u76f8\u90bb\u7684\u4e24\u53f0\u6fc0\u5149\u5668\u4e0d\u80fd\u540c\u65f6\u6253\u5f00\uff01</span></p><p><span style=\"color: rgb(77, 77, 77);\">\u56fd\u738b\u5f88\u60f3\u77e5\u9053\uff0c\u5728\u76ee\u524d\u8fd9\u79cdbug\u5b58\u5728\u7684\u60c5\u51b5\u4e0b\uff0c\u4e00\u5171\u80fd\u6253\u51fa\u591a\u5c11\u79cd\u6fc0\u5149\u6548\u679c\uff1f</span></p><p><span style=\"color: rgb(77, 77, 77);\">\u663e\u7136\uff0c\u5982\u679c\u53ea\u67093\u53f0\u673a\u5668\uff0c\u4e00\u5171\u53ef\u4ee5\u62105\u79cd\u6837\u5f0f\uff0c\u5373\uff1a</span></p><p><span style=\"color: rgb(77, 77, 77);\">\u5168\u90fd\u5173\u4e0a\uff08sorry,\u00a0\u6b64\u65f6\u65e0\u58f0\u80dc\u6709\u58f0\uff0c\u8fd9\u4e5f\u7b97\u4e00\u79cd\uff09</span></p><p><span style=\"color: rgb(77, 77, 77);\">\u5f00\u4e00\u53f0\uff0c\u51713\u79cd</span></p><p><span style=\"color: rgb(77, 77, 77);\">\u5f00\u4e24\u53f0\uff0c\u53ea1\u79cd</span></p><p><span style=\"color: rgb(77, 77, 77);\">30\u53f0\u5c31\u4e0d\u597d\u7b97\u4e86\uff0c\u56fd\u738b\u53ea\u597d\u8bf7\u4f60\u5e2e\u5fd9\u4e86\u3002</span></p><p><span style=\"color: rgb(77, 77, 77);\">\u8981\u6c42\u63d0\u4ea4\u4e00\u4e2a\u6574\u6570\uff0c\u8868\u793a30\u53f0\u6fc0\u5149\u5668\u80fd\u5f62\u6210\u7684\u6837\u5f0f\u79cd\u6570\u3002</span></p>"
    },
    "tags": [
        "2018\u84dd\u6865\u676f\u56fd\u8d5b"
    ],
    "input_description": {
        "format": "html",
        "value": "<p>\u65e0</p>"
    },
    "output_description": {
        "format": "html",
        "value": "<p><span style=\"color: rgb(77, 77, 77);\">\u6ce8\u610f\uff0c\u9700\u8981\u63d0\u4ea4\u7684\u662f\u4e00\u4e2a\u6574\u6570\uff0c\u4e0d\u8981\u586b\u5199\u4efb\u4f55\u591a\u4f59\u7684\u5185\u5bb9\u3002</span><br /></p>"
    },
    "test_case_score": [
        {
            "score": 35,
            "input_name": "1.in",
            "output_name": "1.out"
        }
    ],
    "hint": {
        "format": "html",
        "value": "<p><span style=\"color: rgb(77, 77, 77);\">\u6ce8\u610f\uff0c\u9700\u8981\u63d0\u4ea4\u7684\u662f\u4e00\u4e2a\u6574\u6570\uff0c\u4e0d\u8981\u586b\u5199\u4efb\u4f55\u591a\u4f59\u7684\u5185\u5bb9\u3002</span><br /></p>"
    },
    "time_limit": 1000,
    "memory_limit": 256,
    "samples": [
        {
            "input": "\u65e0",
            "output": "\u65e0"
        }
    ],
    "template": {},
    "spj": null,
    "rule_type": "OI",
    "source": "2018\u5e74\u7b2c\u4e5d\u5c4a\u84dd\u6865\u676fc/c++B\u7ec4\u56fd\u8d5b\u51b3\u8d5b\u771f\u9898\u9898\u76ee",
    "answers": [
        {
            "language": "Python3",
            "code": "print(2178309)"
        }
    ]
}