{
    "display_id": "old1151",
    "title": "\u7b97\u6cd5\u63d0\u9ad8 \u4efb\u610f\u5e74\u6708\u65e5\u5386\u8f93\u51fa",
    "description": {
        "format": "html",
        "value": "<br />"
    },
    "tags": [
        "\u84dd\u6865\u676f-\u7b97\u6cd5\u63d0\u9ad8"
    ],
    "input_description": {
        "format": "html",
        "value": "\u8f93\u5165\u63cf\u8ff0:<br /> <br />\u8f93\u5165\u6837\u4f8b: <br /><pre class=\"pddata\"> \u5df2\u77e52007\u5e741\u67081\u65e5\u4e3a\u661f\u671f\u4e00\u3002 \u8bbe\u8ba1\u4e00\u51fd\u6570\u6309\u7167\u4e0b\u8ff0\u683c\u5f0f\u6253\u53702007\u5e74\u4ee5\u540e\uff08\u542b\uff09\u67d0\u5e74\u67d0\u6708\u7684\u65e5\u5386\uff0c2007\u5e74\u4ee5\u524d\u7684\u62d2\u7edd\u6253\u5370\u3002 \u4e3a\u5b8c\u6210\u6b64\u51fd\u6570\uff0c\u8bbe\u8ba1\u5fc5\u8981\u7684\u8f85\u52a9\u51fd\u6570\u53ef\u80fd\u4e5f\u662f\u5fc5\u8981\u7684\u3002\u5176\u4e2d\u8f93\u5165\u4e3a\u5e74\u5206\u548c\u6708\u4efd\u3002 </pre>"
    },
    "output_description": {
        "format": "html",
        "value": "<br />\u8f93\u51fa\u63cf\u8ff0: <br /><br /> \u8f93\u51fa\u6837\u4f8b: <br />"
    },
    "test_case_score": [
        {
            "score": 100,
            "input_name": "1.in",
            "output_name": "1.out"
        },
        {
            "score": 100,
            "input_name": "2.in",
            "output_name": "2.out"
        },
        {
            "score": 100,
            "input_name": "3.in",
            "output_name": "3.out"
        },
        {
            "score": 100,
            "input_name": "4.in",
            "output_name": "4.out"
        },
        {
            "score": 100,
            "input_name": "5.in",
            "output_name": "5.out"
        }
    ],
    "hint": {
        "format": "html",
        "value": "HINT:\u65f6\u95f4\u9650\u5236\uff1a1.0s  \u5185\u5b58\u9650\u5236\uff1a512.0MB<br />"
    },
    "time_limit": 1000,
    "memory_limit": 512,
    "samples": [
        {
            "input": "\u53c2\u8003\u4e0a\u6587 ",
            "output": "\u53c2\u8003\u4e0a\u6587"
        }
    ],
    "template": {},
    "spj": null,
    "rule_type": "ACM",
    "source": "\u84dd\u6865\u676f\u7ec3\u4e60\u7cfb\u7edf ID: 199 \u539f\u9898\u94fe\u63a5: http://lx.lanqiao.cn/problem.page?gpid=T199",
    "answers": []
}