{
    "display_id": "old1065",
    "title": "\u57fa\u7840\u7ec3\u4e60 \u82af\u7247\u6d4b\u8bd5",
    "description": {
        "format": "html",
        "value": "<br />\u3000\u3000\u6709n\uff082\u2264n\u226420\uff09\u5757\u82af\u7247\uff0c\u6709\u597d\u6709\u574f\uff0c\u5df2\u77e5\u597d\u82af\u7247\u6bd4\u574f\u82af\u7247\u591a\u3002<br /> \u3000\u3000\u6bcf\u4e2a\u82af\u7247\u90fd\u80fd\u7528\u6765\u6d4b\u8bd5\u5176\u4ed6\u82af\u7247\u3002\u7528\u597d\u82af\u7247\u6d4b\u8bd5\u5176\u4ed6\u82af\u7247\u65f6\uff0c\u80fd\u6b63\u786e\u7ed9\u51fa\u88ab\u6d4b\u8bd5\u82af\u7247\u662f\u597d\u8fd8\u662f\u574f\u3002\u800c\u7528\u574f\u82af\u7247\u6d4b\u8bd5\u5176\u4ed6\u82af\u7247\u65f6\uff0c\u4f1a\u968f\u673a\u7ed9\u51fa\u597d\u6216\u662f\u574f\u7684\u6d4b\u8bd5\u7ed3\u679c\uff08\u5373\u6b64\u7ed3\u679c\u4e0e\u88ab\u6d4b\u8bd5\u82af\u7247\u5b9e\u9645\u7684\u597d\u574f\u65e0\u5173\uff09\u3002<br /> \u3000\u3000\u7ed9\u51fa\u6240\u6709\u82af\u7247\u7684\u6d4b\u8bd5\u7ed3\u679c\uff0c\u95ee\u54ea\u4e9b\u82af\u7247\u662f\u597d\u82af\u7247\u3002"
    },
    "tags": [
        "\u84dd\u6865\u676f-\u57fa\u7840\u7ec3\u4e60"
    ],
    "input_description": {
        "format": "html",
        "value": "\u8f93\u5165\u63cf\u8ff0:<br />\u3000\u3000\u8f93\u5165\u6570\u636e\u7b2c\u4e00\u884c\u4e3a\u4e00\u4e2a\u6574\u6570n\uff0c\u8868\u793a\u82af\u7247\u4e2a\u6570\u3002<br /> \u3000\u3000\u7b2c\u4e8c\u884c\u5230\u7b2cn+1\u884c\u4e3an*n\u7684\u4e00\u5f20\u8868\uff0c\u6bcf\u884cn\u4e2a\u6570\u636e\u3002\u8868\u4e2d\u7684\u6bcf\u4e2a\u6570\u636e\u4e3a0\u62161\uff0c\u5728\u8fd9n\u884c\u4e2d\u7684\u7b2ci\u884c\u7b2cj\u5217\uff081\u2264i, j\u2264n\uff09\u7684\u6570\u636e\u8868\u793a\u7528\u7b2ci\u5757\u82af\u7247\u6d4b\u8bd5\u7b2cj\u5757\u82af\u7247\u65f6\u5f97\u5230\u7684\u6d4b\u8bd5\u7ed3\u679c\uff0c1\u8868\u793a\u597d\uff0c0\u8868\u793a\u574f\uff0ci=j\u65f6\u4e00\u5f8b\u4e3a1\uff08\u5e76\u4e0d\u8868\u793a\u8be5\u82af\u7247\u5bf9\u672c\u8eab\u7684\u6d4b\u8bd5\u7ed3\u679c\u3002\u82af\u7247\u4e0d\u80fd\u5bf9\u672c\u8eab\u8fdb\u884c\u6d4b\u8bd5\uff09\u3002 <br />\u8f93\u5165\u6837\u4f8b: <br />3<br /> 1 0 1<br /> 0 1 0<br /> 1 0 1"
    },
    "output_description": {
        "format": "html",
        "value": "<br />\u8f93\u51fa\u63cf\u8ff0: <br />\u3000\u3000\u6309\u4ece\u5c0f\u5230\u5927\u7684\u987a\u5e8f\u8f93\u51fa\u6240\u6709\u597d\u82af\u7247\u7684\u7f16\u53f7<br /> \u8f93\u51fa\u6837\u4f8b: <br />1 3"
    },
    "test_case_score": [
        {
            "score": 100,
            "input_name": "1.in",
            "output_name": "1.out"
        },
        {
            "score": 100,
            "input_name": "2.in",
            "output_name": "2.out"
        },
        {
            "score": 100,
            "input_name": "3.in",
            "output_name": "3.out"
        },
        {
            "score": 100,
            "input_name": "4.in",
            "output_name": "4.out"
        },
        {
            "score": 100,
            "input_name": "5.in",
            "output_name": "5.out"
        }
    ],
    "hint": {
        "format": "html",
        "value": "HINT:\u65f6\u95f4\u9650\u5236\uff1a1.0s  \u5185\u5b58\u9650\u5236\uff1a512.0MB<br />"
    },
    "time_limit": 1000,
    "memory_limit": 512,
    "samples": [
        {
            "input": "\u53c2\u8003\u4e0a\u6587 ",
            "output": "\u53c2\u8003\u4e0a\u6587"
        }
    ],
    "template": {},
    "spj": null,
    "rule_type": "ACM",
    "source": "\u84dd\u6865\u676f\u7ec3\u4e60\u7cfb\u7edf ID: 64 \u539f\u9898\u94fe\u63a5: http://lx.lanqiao.cn/problem.page?gpid=T64",
    "answers": []
}