{
    "display_id": "old1257",
    "title": "\u7b97\u6cd5\u63d0\u9ad8 \u6392\u5217\u5f0f",
    "description": {
        "format": "html",
        "value": "<br />\u3000\u30007254\u662f\u4e00\u4e2a\u4e0d\u5bfb\u5e38\u7684\u6570\uff0c\u56e0\u4e3a\u5b83\u53ef\u4ee5\u8868\u793a\u4e3a7254 = 39 x 186\uff0c\u8fd9\u4e2a\u5f0f\u5b50\u4e2d1~9\u6bcf\u4e2a\u6570\u5b57\u6b63\u597d\u51fa\u73b0\u4e00\u6b21<br /> \u3000\u3000\u8f93\u51fa\u6240\u6709\u8fd9\u6837\u7684\u4e0d\u540c\u7684\u5f0f\u5b50\uff08\u4e58\u6570\u4ea4\u6362\u88ab\u8ba4\u4e3a\u662f\u76f8\u540c\u7684\u5f0f\u5b50\uff09<br /> \u3000\u3000\u7ed3\u679c\u5c0f\u7684\u5148\u8f93\u51fa\uff1b\u7ed3\u679c\u76f8\u540c\u7684\uff0c\u8f83\u5c0f\u7684\u4e58\u6570\u8f83\u5c0f\u7684\u5148\u8f93\u51fa\u3002"
    },
    "tags": [
        "\u84dd\u6865\u676f-\u7b97\u6cd5\u63d0\u9ad8"
    ],
    "input_description": {
        "format": "html",
        "value": "\u8f93\u5165\u63cf\u8ff0:<br />\u3000\u3000\u6bcf\u4e00\u884c\u8f93\u51fa\u4e00\u4e2a\u5f0f\u5b50\uff0c\u5f0f\u5b50\u4e2d\u7684\u7b49\u53f7\u524d\u540e\u7a7a\u683c\u3001\u4e58\u53f7\uff08\u7528\u5b57\u6bcdx\u4ee3\u8868\uff09\u524d\u540e\u7a7a\u683c<br /> \u3000\u3000\u8f83\u5c0f\u7684\u4e58\u6570\u5199\u5728\u524d\u9762 <br />\u8f93\u5165\u6837\u4f8b: <br />\u95ee\u9898\u4e2d\u7684\u5f0f\u5b50\u5728\u7ed3\u679c\u4e2d\u4f1a\u51fa\u73b0\u4e00\u884c\u5982\u4e0b\uff1a<br /> 7254 = 39 x 186"
    },
    "output_description": {
        "format": "html",
        "value": "<br />\u8f93\u51fa\u63cf\u8ff0: <br /><br /> \u8f93\u51fa\u6837\u4f8b: <br />"
    },
    "test_case_score": [
        {
            "score": 100,
            "input_name": "1.in",
            "output_name": "1.out"
        }
    ],
    "hint": {
        "format": "html",
        "value": "HINT:\u65f6\u95f4\u9650\u5236\uff1a1.0s  \u5185\u5b58\u9650\u5236\uff1a256.0MB<br />"
    },
    "time_limit": 1000,
    "memory_limit": 512,
    "samples": [
        {
            "input": "\u53c2\u8003\u4e0a\u6587 ",
            "output": "\u53c2\u8003\u4e0a\u6587"
        }
    ],
    "template": {},
    "spj": null,
    "rule_type": "ACM",
    "source": "\u84dd\u6865\u676f\u7ec3\u4e60\u7cfb\u7edf ID: 350 \u539f\u9898\u94fe\u63a5: http://lx.lanqiao.cn/problem.page?gpid=T350",
    "answers": []
}