{
    "display_id": "old1178",
    "title": "\u7b97\u6cd5\u8bad\u7ec3 \u6570\u4f4d\u5206\u79bb",
    "description": {
        "format": "html",
        "value": "<br />\u3000\u3000\u7f16\u5199\u4e00\u4e2a\u7a0b\u5e8f\uff0c\u8f93\u5165\u4e00\u4e2a1000 \u4ee5\u5185\u7684\u6b63\u6574\u6570\uff0c\u7136\u540e\u628a\u8fd9\u4e2a\u6574\u6570\u7684\u6bcf\u4e00\u4f4d\u6570\u5b57\u90fd\u5206\u79bb\u51fa\u6765\uff0c\u5e76\u9010\u4e00\u5730\u663e\u793a\u3002<br /> \u3000\u3000\u8f93\u5165\u683c\u5f0f\uff1a\u8f93\u5165\u53ea\u6709\u4e00\u884c\uff0c\u5373\u4e00\u4e2a1000\u4ee5\u5185\u7684\u6b63\u6574\u6570\u3002<br /> \u3000\u3000\u8f93\u51fa\u683c\u5f0f\uff1a\u8f93\u51fa\u53ea\u6709\u4e00\u884c\uff0c\u5373\u8be5\u6574\u6570\u7684\u6bcf\u4e00\u4f4d\u6570\u5b57\uff0c\u4e4b\u95f4\u7528\u7a7a\u683c\u9694\u5f00\u3002<br /> \u3000\u3000\u8f93\u5165\u8f93\u51fa\u6837\u4f8b"
    },
    "tags": [
        "\u84dd\u6865\u676f-\u7b97\u6cd5\u8bad\u7ec3"
    ],
    "input_description": {
        "format": "html",
        "value": "\u8f93\u5165\u63cf\u8ff0:<br /> <br />\u8f93\u5165\u6837\u4f8b: <br />769"
    },
    "output_description": {
        "format": "html",
        "value": "<br />\u8f93\u51fa\u63cf\u8ff0: <br /><br /> \u8f93\u51fa\u6837\u4f8b: <br />7 6 9"
    },
    "test_case_score": [
        {
            "score": 100,
            "input_name": "1.in",
            "output_name": "1.out"
        },
        {
            "score": 100,
            "input_name": "2.in",
            "output_name": "2.out"
        },
        {
            "score": 100,
            "input_name": "3.in",
            "output_name": "3.out"
        },
        {
            "score": 100,
            "input_name": "4.in",
            "output_name": "4.out"
        },
        {
            "score": 100,
            "input_name": "5.in",
            "output_name": "5.out"
        },
        {
            "score": 100,
            "input_name": "6.in",
            "output_name": "6.out"
        },
        {
            "score": 100,
            "input_name": "7.in",
            "output_name": "7.out"
        },
        {
            "score": 100,
            "input_name": "8.in",
            "output_name": "8.out"
        },
        {
            "score": 100,
            "input_name": "9.in",
            "output_name": "9.out"
        },
        {
            "score": 100,
            "input_name": "10.in",
            "output_name": "10.out"
        }
    ],
    "hint": {
        "format": "html",
        "value": "HINT:\u65f6\u95f4\u9650\u5236\uff1a1.0s  \u5185\u5b58\u9650\u5236\uff1a512.0MB<br />"
    },
    "time_limit": 1000,
    "memory_limit": 512,
    "samples": [
        {
            "input": "\u53c2\u8003\u4e0a\u6587 ",
            "output": "\u53c2\u8003\u4e0a\u6587"
        }
    ],
    "template": {},
    "spj": null,
    "rule_type": "ACM",
    "source": "\u84dd\u6865\u676f\u7ec3\u4e60\u7cfb\u7edf ID: 244 \u539f\u9898\u94fe\u63a5: http://lx.lanqiao.cn/problem.page?gpid=T244",
    "answers": []
}