{
    "display_id": "old1265",
    "title": "\u7b97\u6cd5\u63d0\u9ad8 \u76fe\u795e\u4e0e\u79ef\u6728\u6e38\u620f",
    "description": {
        "format": "html",
        "value": "<br />\u3000\u3000\u6700\u8fd1\u7684m\u5929\u76fe\u795e\u90fd\u53bb\u5e7c\u513f\u56ed\u966a\u5c0f\u670b\u53cb\u4eec\u73a9\u53bb\u4e86~<br /> \u3000\u3000\u6bcf\u4e2a\u5c0f\u670b\u53cb\u90fd\u62ff\u5230\u4e86\u4e00\u4e9b\u79ef\u6728\uff0c\u4ed6\u4eec\u5404\u81ea\u9700\u8981\u4e0d\u540c\u6570\u91cf\u7684\u79ef\u6728\u6765\u62fc\u4e00\u4e9b\u4ed6\u4eec\u60f3\u8981\u7684\u4e1c\u897f\u3002\u4f46\u662f\u6709\u7684\u5c0f\u670b\u53cb\u62ff\u5f97\u591a\uff0c\u6709\u7684\u5c0f\u670b\u53cb\u62ff\u5f97\u5c11\uff0c\u6709\u4e9b\u5c0f\u670b\u53cb\u9700\u8981\u62ff\u5230\u5176\u4ed6\u5c0f\u670b\u53cb\u7684\u79ef\u6728\u624d\u80fd\u5b8c\u6210\u4ed6\u7684\u5927\u4f5c\u3002\u5982\u679c\u67d0\u4e2a\u5c0f\u670b\u53cb\u5b8c\u6210\u4e86\u4ed6\u7684\u4f5c\u54c1\uff0c\u90a3\u4e48\u4ed6\u5c31\u4f1a\u628a\u81ea\u5df1\u7684\u4f5c\u54c1\u63a8\u5012\uff0c\u800c\u65e0\u79c1\u5730\u628a\u4ed6\u7684\u6240\u6709\u79ef\u6728\u90fd\u5949\u732e\u51fa\u6765\uff1b\u4f46\u662f\uff0c\u5982\u679c\u4ed6\u8fd8\u6ca1\u6709\u5b8c\u6210\u81ea\u5df1\u7684\u4f5c\u54c1\uff0c\u4ed6\u662f\u4e0d\u4f1a\u628a\u79ef\u6728\u8ba9\u51fa\u53bb\u7684\u54df~<br /> \u3000\u3000\u76fe\u795e\u770b\u5230\u8fd9\u4e48\u548c\u8c10\u7684\u5c0f\u670b\u53cb\u4eec\u611f\u5230\u975e\u5e38\u5f00\u5fc3\uff0c\u4e8e\u662f\u60f3\u5e2e\u52a9\u4ed6\u4eec\u6240\u6709\u4eba\u90fd\u5b8c\u6210\u4ed6\u4eec\u5404\u81ea\u7684\u4f5c\u54c1\u3002\u76fe\u795e\u73b0\u5728\u5728\u60f3\uff0c\u8fd9\u4e2a\u7406\u60f3\u6709\u6ca1\u6709\u53ef\u80fd\u5b9e\u73b0\u5462\uff1f\u4e8e\u662f\u628a\u8fd9\u4e2a\u95ee\u9898\u4ea4\u7ed9\u4e86\u4ed6\u6700\u4fe1\u8d56\u7684\u4f60\u3002"
    },
    "tags": [
        "\u84dd\u6865\u676f-\u7b97\u6cd5\u63d0\u9ad8"
    ],
    "input_description": {
        "format": "html",
        "value": "\u8f93\u5165\u63cf\u8ff0:<br />\u3000\u3000\u7b2c\u4e00\u884c\u4e3a\u4e00\u4e2a\u6570m\u3002<br /> \u3000\u3000\u63a5\u4e0b\u6765\u6709m\u7ec4\u6570\u636e\u3002\u6bcf\u4e00\u7ec4\u7684\u7b2c\u4e00\u884c\u4e3an\uff0c\u8868\u793a\u8fd9\u5929\u6709n\u4e2a\u5c0f\u670b\u53cb\u3002\u63a5\u4e0b\u6765\u7684n\u884c\u6bcf\u884c\u4e24\u4e2a\u6570\uff0c\u5206\u522b\u8868\u793a\u4ed6\u73b0\u5728\u62e5\u6709\u7684\u79ef\u6728\u6570\u548c\u4ed6\u4e00\u5171\u9700\u8981\u7684\u79ef\u6728\u6570\u3002 <br />\u8f93\u5165\u6837\u4f8b: <br />2<br /> 2<br /> 2 2<br /> 1 3<br /> 3<br /> 1 5<br /> 3 3<br /> 0 4"
    },
    "output_description": {
        "format": "html",
        "value": "<br />\u8f93\u51fa\u63cf\u8ff0: <br />\u3000\u3000\u8f93\u51fam\u884c\uff0c\u5982\u679c\u7b2ci\u5929\u80fd\u987a\u5229\u5b8c\u6210\u6240\u6709\u4f5c\u54c1\uff0c\u8f93\u51faYES\uff0c\u5426\u5219\u8f93\u51faNO\u3002<br /> \u8f93\u51fa\u6837\u4f8b: <br />YES<br /> NO"
    },
    "test_case_score": [
        {
            "score": 100,
            "input_name": "1.in",
            "output_name": "1.out"
        },
        {
            "score": 100,
            "input_name": "2.in",
            "output_name": "2.out"
        },
        {
            "score": 100,
            "input_name": "3.in",
            "output_name": "3.out"
        },
        {
            "score": 100,
            "input_name": "4.in",
            "output_name": "4.out"
        },
        {
            "score": 100,
            "input_name": "5.in",
            "output_name": "5.out"
        },
        {
            "score": 100,
            "input_name": "6.in",
            "output_name": "6.out"
        },
        {
            "score": 100,
            "input_name": "7.in",
            "output_name": "7.out"
        },
        {
            "score": 100,
            "input_name": "8.in",
            "output_name": "8.out"
        },
        {
            "score": 100,
            "input_name": "9.in",
            "output_name": "9.out"
        },
        {
            "score": 100,
            "input_name": "10.in",
            "output_name": "10.out"
        }
    ],
    "hint": {
        "format": "html",
        "value": "HINT:\u65f6\u95f4\u9650\u5236\uff1a1.0s  \u5185\u5b58\u9650\u5236\uff1a256.0MB<br />\u3000\u30001&lt;=n&lt;=10000\uff0c1&lt;=m&lt;=10\u3002"
    },
    "time_limit": 1000,
    "memory_limit": 512,
    "samples": [
        {
            "input": "\u53c2\u8003\u4e0a\u6587 ",
            "output": "\u53c2\u8003\u4e0a\u6587"
        }
    ],
    "template": {},
    "spj": null,
    "rule_type": "ACM",
    "source": "\u84dd\u6865\u676f\u7ec3\u4e60\u7cfb\u7edf ID: 361 \u539f\u9898\u94fe\u63a5: http://lx.lanqiao.cn/problem.page?gpid=T361",
    "answers": []
}