{
    "display_id": "old1209",
    "title": "\u7b97\u6cd5\u63d0\u9ad8 \u73ed\u7ea7\u6392\u540d",
    "description": {
        "format": "html",
        "value": "<br />\u3000\u3000\u8fbe\u8fbe\u5728\u9676\u9676\u7684\u5f71\u54cd\u4e0b\uff0c\u4e5f\u5bf9\u5b66\u4e60\u6162\u6162\u7684\u4ea7\u751f\u4e86\u5174\u8da3\u3002<br /> \u3000\u3000\u4ed6\u5728\u6bcf\u6b21\u8003\u8bd5\u4e4b\u540e\uff0c\u90fd\u4f1a\u8ffd\u7740\u8001\u5e08\u95ee\uff0c\u81ea\u5df1\u5728\u73ed\u7ea7\u7684\u603b\u540d\u6b21\u662f\u591a\u5c11\u3002\u8003\u8bd5\u4e00\u591a\uff0c\u8001\u5e08\u4e5f\u4e0d\u8010\u70e6\u4e86\uff0c\u4e8e\u662f\u4ed6\u7ed9\u4e86\u8fbe\u8fbe\u6240\u6709\u4eba\u7684\u6210\u7ee9\uff0c\u8ba9\u4ed6\u81ea\u5df1\u53bb\u7b97\u51fa\u81ea\u5df1\u7684\u6392\u540d\u3002<br /> \u3000\u3000\u53ef\u4eba\u592a\u591a\u4e86\uff0c\u8fbe\u8fbe\u4e5f\u65e0\u6cd5\u7acb\u5373\u7b97\u51fa\u6765\uff0c\u4e8e\u662f\u4ed6\u60f3\u8ba9\u4f60\u5e2e\u5e2e\u4ed6\u3002"
    },
    "tags": [
        "\u84dd\u6865\u676f-\u7b97\u6cd5\u63d0\u9ad8"
    ],
    "input_description": {
        "format": "html",
        "value": "\u8f93\u5165\u63cf\u8ff0:<br />\u3000\u3000\u7b2c\u4e00\u884c\u4e3a\u4e00\u4e2a\u6574\u6570N\uff0c\u4ee3\u8868\u73ed\u7ea7\u7684\u5b66\u751f\u603b\u6570\u3002<br /> \u3000\u3000\u63a5\u4e0b\u6765N\u884c\uff0c\u6bcf\u884c\u4e00\u4e2a\u5b57\u7b26\u4e32\uff0c\u4ee3\u8868\u4e00\u4e2a\u5b66\u751f\u7684\u59d3\u540d\uff0c\u7b2c\u4e00\u884c\u603b\u662fDaDa\u3002<br /> \u3000\u3000\u63a5\u4e0b\u6765\u4e00\u884c\u4e00\u4e2a\u6574\u6570M\uff0c\u4ee3\u8868\u4e00\u5171\u6709M\u6b21\u8003\u8bd5\u3002<br /> \u3000\u3000\u6bcf\u6b21\u8003\u8bd5\u6709N\u884c\uff0c\u6bcf\u884c\u6709\u4ee5\u4e00\u4e2a\u7a7a\u683c\u5206\u9694\u7684\u4e00\u4e2a\u6b63\u6574\u6570S\u548c\u4e00\u4e2a\u5b57\u7b26\u4e32P\uff0c\u4ee3\u8868\u540d\u5b57\u4e3aP\u7684\u5b66\u751f\u5728\u8fd9\u6b21\u8003\u8bd5\u4e2d\u5f97\u4e86S\u5206\u3002 <br />\u8f93\u5165\u6837\u4f8b: <br />3<pre class=\"pddata\"> <span style=\"font-family:\">DaDa</span> </pre> <pre class=\"pddata\"> <span style=\"font-family:\">A</span> </pre> <pre class=\"pddata\"> <span style=\"font-family:\">B</span> </pre> <pre class=\"pddata\"> <span style=\"font-family:\">2</span> </pre> <pre class=\"pddata\"> <span style=\"font-family:\">49 DaDa</span> </pre> <pre class=\"pddata\"> <span style=\"font-family:\">49 A</span><span style=\"font-family:\"></span> </pre> <pre class=\"pddata\"> <span style=\"font-family:\">48 B</span> </pre> <pre class=\"pddata\"> <span style=\"font-family:\">80 A</span><span style=\"font-family:\"></span> </pre> <pre class=\"pddata\"> <span style=\"font-family:\">85 B</span> </pre> <br /> 83 DaDa<pre class=\"pddata\"> <span class=\"Apple-style-span\" style=\"font-family: &#039;Courier New&#039;; \"> </span><span class=\"Apple-style-span\" style=\"font-family: &#039;Courier New&#039;; \"><br /></span>\u3010\u6837\u4f8b\u8f93\u51fa\u3011 1 2 </pre> "
    },
    "output_description": {
        "format": "html",
        "value": "<br />\u8f93\u51fa\u63cf\u8ff0: <br />\u3000\u3000\u4e00\u5171M\u884c\uff0c\u6bcf\u884c\u4e00\u4e2a\u6574\u6570\uff0c\u4ee3\u8868\u8fbe\u8fbe\u5728\u73ed\u7ea7\u91cc\u7684\u6392\u540d\uff0c\u6392\u540d\u662f\u8fd9\u4e00\u6b21\u8003\u8bd5\u8fc7\u540e\u7684\u6240\u6709\u8003\u8bd5\u603b\u5206\u6392\u540d\uff0c\u5982\u679c\u8fbe\u8fbe\u548c\u522b\u4eba\u5e76\u5217\uff0c\u8fbe\u8fbe\u603b\u662f\u6392\u5728\u524d\u9762\u3002<br /> \u8f93\u51fa\u6837\u4f8b: <br />"
    },
    "test_case_score": [
        {
            "score": 100,
            "input_name": "1.in",
            "output_name": "1.out"
        },
        {
            "score": 100,
            "input_name": "2.in",
            "output_name": "2.out"
        },
        {
            "score": 100,
            "input_name": "3.in",
            "output_name": "3.out"
        },
        {
            "score": 100,
            "input_name": "4.in",
            "output_name": "4.out"
        },
        {
            "score": 100,
            "input_name": "5.in",
            "output_name": "5.out"
        },
        {
            "score": 100,
            "input_name": "6.in",
            "output_name": "6.out"
        },
        {
            "score": 100,
            "input_name": "7.in",
            "output_name": "7.out"
        },
        {
            "score": 100,
            "input_name": "8.in",
            "output_name": "8.out"
        }
    ],
    "hint": {
        "format": "html",
        "value": "HINT:\u65f6\u95f4\u9650\u5236\uff1a1.0s  \u5185\u5b58\u9650\u5236\uff1a256.0MB<br />\u3000\u3000N &lt;= 100\uff0c\u540d\u5b57\u957f\u5ea6\u4e0d\u8d85\u8fc730\uff0c\u5206\u6570\u4e0d\u8d85\u8fc7100"
    },
    "time_limit": 1000,
    "memory_limit": 512,
    "samples": [
        {
            "input": "\u53c2\u8003\u4e0a\u6587 ",
            "output": "\u53c2\u8003\u4e0a\u6587"
        }
    ],
    "template": {},
    "spj": null,
    "rule_type": "ACM",
    "source": "\u84dd\u6865\u676f\u7ec3\u4e60\u7cfb\u7edf ID: 280 \u539f\u9898\u94fe\u63a5: http://lx.lanqiao.cn/problem.page?gpid=T280",
    "answers": []
}