{
    "display_id": "old1126",
    "title": "\u7b97\u6cd5\u63d0\u9ad8 \u591a\u9879\u5f0f\u8f93\u51fa",
    "description": {
        "format": "html",
        "value": "<br />\u3000\u3000\u4e00\u5143n \u6b21\u591a\u9879\u5f0f\u53ef\u7528\u5982\u4e0b\u7684\u8868\u8fbe\u5f0f\u8868\u793a\uff1a<br /> \u3000\u3000f(x)=a[n]x^n+a[n-1]x^(n-1)+...+a[1]x+a[0], a[n]!=0<br /> \u3000\u3000\u5176\u4e2d\uff0ca[i]x^i\u79f0\u4e3ai \u6b21\u9879\uff0c a[i]\u79f0\u4e3ai \u6b21\u9879\u7684\u7cfb\u6570\u3002\u7ed9\u51fa\u4e00\u4e2a\u4e00\u5143\u591a\u9879\u5f0f\u5404\u9879\u7684\u6b21\u6570\u548c\u7cfb\u6570\uff0c\u8bf7\u6309\u7167\u5982\u4e0b\u89c4\u5b9a\u7684\u683c\u5f0f\u8981\u6c42\u8f93\u51fa\u8be5\u591a\u9879\u5f0f\uff1a<br /> \u3000\u30001. \u591a\u9879\u5f0f\u4e2d\u81ea\u53d8\u91cf\u4e3ax\uff0c\u4ece\u5de6\u5230\u53f3\u6309\u7167\u6b21\u6570\u9012\u51cf\u987a\u5e8f\u7ed9\u51fa\u591a\u9879\u5f0f\u3002<br /> \u3000\u30002. \u591a\u9879\u5f0f\u4e2d\u53ea\u5305\u542b\u7cfb\u6570\u4e0d\u4e3a0 \u7684\u9879\u3002<br /> \u3000\u30003. \u5982\u679c\u591a\u9879\u5f0fn \u6b21\u9879\u7cfb\u6570\u4e3a\u6b63\uff0c\u5219\u591a\u9879\u5f0f\u5f00\u5934\u4e0d\u51fa\u73b0\u201c+\u201d\u53f7\uff0c\u5982\u679c\u591a\u9879\u5f0fn \u6b21\u9879\u7cfb\u6570\u4e3a\u8d1f\uff0c\u5219\u591a\u9879\u5f0f\u4ee5\u201c-\u201d\u53f7\u5f00\u5934\u3002<br /> \u3000\u30004. \u5bf9\u4e8e\u4e0d\u662f\u6700\u9ad8\u6b21\u7684\u9879\uff0c\u4ee5\u201c+\u201d\u53f7\u6216\u8005\u201c-\u201d\u53f7\u8fde\u63a5\u6b64\u9879\u4e0e\u524d\u4e00\u9879\uff0c\u5206\u522b\u8868\u793a\u6b64\u9879\u7cfb\u6570\u4e3a\u6b63\u6216\u8005\u7cfb\u6570\u4e3a\u8d1f\u3002\u7d27\u8ddf\u4e00\u4e2a\u6b63\u6574\u6570\uff0c\u8868\u793a\u6b64\u9879\u7cfb\u6570\u7684\u7edd\u5bf9\u503c\uff08\u5982\u679c\u4e00\u4e2a\u9ad8\u4e8e0 \u6b21\u7684\u9879\uff0c\u5176\u7cfb\u6570\u7684\u7edd\u5bf9\u503c\u4e3a1\uff0c\u5219\u65e0\u9700\u8f93\u51fa1\uff09\u3002\u5982\u679cx \u7684\u6307\u6570\u5927\u4e8e1\uff0c\u5219\u63a5\u4e0b\u6765\u7d27\u8ddf\u7684\u6307\u6570\u90e8\u5206\u7684\u5f62\u5f0f\u4e3a\u201cx^b\u201d\uff0c\u5176\u4e2db \u4e3ax \u7684\u6307\u6570\uff1b\u5982\u679cx \u7684\u6307\u6570\u4e3a1\uff0c\u5219\u63a5\u4e0b\u6765\u7d27\u8ddf\u7684\u6307\u6570\u90e8\u5206\u5f62\u5f0f\u4e3a\u201cx\u201d\uff1b\u5982\u679cx \u7684\u6307\u6570\u4e3a0\uff0c\u5219\u4ec5\u9700\u8f93\u51fa\u7cfb\u6570\u5373\u53ef\u3002<br /> \u3000\u30005. \u591a\u9879\u5f0f\u4e2d\uff0c\u591a\u9879\u5f0f\u7684\u5f00\u5934\u3001\u7ed3\u5c3e\u4e0d\u542b\u591a\u4f59\u7684\u7a7a\u683c\u3002"
    },
    "tags": [
        "\u84dd\u6865\u676f-\u7b97\u6cd5\u63d0\u9ad8"
    ],
    "input_description": {
        "format": "html",
        "value": "\u8f93\u5165\u63cf\u8ff0:<br />\u3000\u3000\u8f93\u5165\u5171\u67092 \u884c<br /> \u3000\u3000\u7b2c\u4e00\u884c1 \u4e2a\u6574\u6570\uff0cn\uff0c\u8868\u793a\u4e00\u5143\u591a\u9879\u5f0f\u7684\u6b21\u6570\u3002<br /> \u3000\u3000\u7b2c\u4e8c\u884c\u6709n+1 \u4e2a\u6574\u6570\uff0c\u5176\u4e2d\u7b2ci \u4e2a\u6574\u6570\u8868\u793a\u7b2cn-i+1 \u6b21\u9879\u7684\u7cfb\u6570\uff0c\u6bcf\u4e24\u4e2a\u6574\u6570\u4e4b\u95f4\u7528\u7a7a\u683c\u9694\u5f00\u3002<br /> \u3000\u30001 \u2264 n \u2264 100\uff0c\u591a\u9879\u5f0f\u5404\u6b21\u9879\u7cfb\u6570\u7684\u7edd\u5bf9\u503c\u5747\u4e0d\u8d85\u8fc7100\u3002 <br />\u8f93\u5165\u6837\u4f8b: <br />5<br /> 100 -1 1 -3 0 10"
    },
    "output_description": {
        "format": "html",
        "value": "<br />\u8f93\u51fa\u63cf\u8ff0: <br />\u3000\u3000\u8f93\u51fa\u51711 \u884c\uff0c\u6309\u9898\u76ee\u6240\u8ff0\u683c\u5f0f\u8f93\u51fa\u591a\u9879\u5f0f\u3002<br /> \u8f93\u51fa\u6837\u4f8b: <br />100x^5-x^4+x^3-3x^2+10"
    },
    "test_case_score": [
        {
            "score": 100,
            "input_name": "1.in",
            "output_name": "1.out"
        },
        {
            "score": 100,
            "input_name": "2.in",
            "output_name": "2.out"
        },
        {
            "score": 100,
            "input_name": "3.in",
            "output_name": "3.out"
        },
        {
            "score": 100,
            "input_name": "4.in",
            "output_name": "4.out"
        },
        {
            "score": 100,
            "input_name": "5.in",
            "output_name": "5.out"
        },
        {
            "score": 100,
            "input_name": "6.in",
            "output_name": "6.out"
        },
        {
            "score": 100,
            "input_name": "7.in",
            "output_name": "7.out"
        },
        {
            "score": 100,
            "input_name": "8.in",
            "output_name": "8.out"
        },
        {
            "score": 100,
            "input_name": "9.in",
            "output_name": "9.out"
        },
        {
            "score": 100,
            "input_name": "10.in",
            "output_name": "10.out"
        }
    ],
    "hint": {
        "format": "html",
        "value": "HINT:\u65f6\u95f4\u9650\u5236\uff1a1.0s  \u5185\u5b58\u9650\u5236\uff1a512.0MB<br />"
    },
    "time_limit": 1000,
    "memory_limit": 512,
    "samples": [
        {
            "input": "\u53c2\u8003\u4e0a\u6587 ",
            "output": "\u53c2\u8003\u4e0a\u6587"
        }
    ],
    "template": {},
    "spj": null,
    "rule_type": "ACM",
    "source": "\u84dd\u6865\u676f\u7ec3\u4e60\u7cfb\u7edf ID: 152 \u539f\u9898\u94fe\u63a5: http://lx.lanqiao.cn/problem.page?gpid=T152",
    "answers": []
}