{
    "display_id": "old1217",
    "title": "\u7b97\u6cd5\u63d0\u9ad8 \u6392\u961f\u6253\u6c34\u95ee\u9898",
    "description": {
        "format": "html",
        "value": "<br />\u3000\u3000\u6709n\u4e2a\u4eba\u6392\u961f\u5230r\u4e2a\u6c34\u9f99\u5934\u53bb\u6253\u6c34\uff0c\u4ed6\u4eec\u88c5\u6ee1\u6c34\u6876\u7684\u65f6\u95f4t1\u3001t2\u2026\u2026\u2026..tn\u4e3a\u6574\u6570\u4e14\u5404\u4e0d\u76f8\u7b49\uff0c\u5e94\u5982\u4f55\u5b89\u6392\u4ed6\u4eec\u7684\u6253\u6c34\u987a\u5e8f\u624d\u80fd\u4f7f\u4ed6\u4eec\u603b\u5171\u82b1\u8d39\u7684\u65f6\u95f4\u6700\u5c11\uff1f"
    },
    "tags": [
        "\u84dd\u6865\u676f-\u7b97\u6cd5\u63d0\u9ad8"
    ],
    "input_description": {
        "format": "html",
        "value": "\u8f93\u5165\u63cf\u8ff0:<br />\u3000\u3000\u7b2c\u4e00\u884cn\uff0cr (n&lt;=500,r&lt;=75)<br /> \u3000\u3000\u7b2c\u4e8c\u884c\u4e3an\u4e2a\u4eba\u6253\u6c34\u6240\u7528\u7684\u65f6\u95f4Ti (Ti&lt;=100)\uff1b <br />\u8f93\u5165\u6837\u4f8b: <br />3 2<br /> 1 2 3"
    },
    "output_description": {
        "format": "html",
        "value": "<br />\u8f93\u51fa\u63cf\u8ff0: <br />\u3000\u3000\u6700\u5c11\u7684\u82b1\u8d39\u65f6\u95f4<br /> \u8f93\u51fa\u6837\u4f8b: <br />"
    },
    "test_case_score": [
        {
            "score": 100,
            "input_name": "1.in",
            "output_name": "1.out"
        },
        {
            "score": 100,
            "input_name": "2.in",
            "output_name": "2.out"
        },
        {
            "score": 100,
            "input_name": "3.in",
            "output_name": "3.out"
        },
        {
            "score": 100,
            "input_name": "4.in",
            "output_name": "4.out"
        },
        {
            "score": 100,
            "input_name": "5.in",
            "output_name": "5.out"
        },
        {
            "score": 100,
            "input_name": "6.in",
            "output_name": "6.out"
        },
        {
            "score": 100,
            "input_name": "7.in",
            "output_name": "7.out"
        },
        {
            "score": 100,
            "input_name": "8.in",
            "output_name": "8.out"
        },
        {
            "score": 100,
            "input_name": "9.in",
            "output_name": "9.out"
        },
        {
            "score": 100,
            "input_name": "10.in",
            "output_name": "10.out"
        }
    ],
    "hint": {
        "format": "html",
        "value": "HINT:\u65f6\u95f4\u9650\u5236\uff1a1.0s  \u5185\u5b58\u9650\u5236\uff1a256.0MB<br />\u3000\u3000\u5176\u4e2d80%\u7684\u6570\u636e\u4fdd\u8bc1n&lt;=10"
    },
    "time_limit": 1000,
    "memory_limit": 512,
    "samples": [
        {
            "input": "\u53c2\u8003\u4e0a\u6587 ",
            "output": "\u53c2\u8003\u4e0a\u6587"
        }
    ],
    "template": {},
    "spj": null,
    "rule_type": "ACM",
    "source": "\u84dd\u6865\u676f\u7ec3\u4e60\u7cfb\u7edf ID: 292 \u539f\u9898\u94fe\u63a5: http://lx.lanqiao.cn/problem.page?gpid=T292",
    "answers": []
}