{
    "display_id": "old1006",
    "title": "\u57fa\u7840\u7ec3\u4e60 \u95f0\u5e74\u5224\u65ad",
    "description": {
        "format": "html",
        "value": "<br /> \t<p>\u7ed9\u5b9a\u4e00\u4e2a\u5e74\u4efd\uff0c\u5224\u65ad\u8fd9\u4e00\u5e74\u662f\u4e0d\u662f\u95f0\u5e74\u3002</p> \t<p>\u5f53\u4ee5\u4e0b\u60c5\u51b5\u4e4b\u4e00\u6ee1\u8db3\u65f6\uff0c\u8fd9\u4e00\u5e74\u662f\u95f0\u5e74\uff1a</p> \t<p>1. \u5e74\u4efd\u662f4\u7684\u500d\u6570\u800c\u4e0d\u662f100\u7684\u500d\u6570\uff1b</p> \t<p>2. \u5e74\u4efd\u662f400\u7684\u500d\u6570\u3002</p> \t<p>\u5176\u4ed6\u7684\u5e74\u4efd\u90fd\u4e0d\u662f\u95f0\u5e74\u3002</p> "
    },
    "tags": [
        "\u84dd\u6865\u676f-\u57fa\u7840\u7ec3\u4e60"
    ],
    "input_description": {
        "format": "html",
        "value": "\u8f93\u5165\u63cf\u8ff0:<br /> \t\u8f93\u5165\u5305\u542b\u4e00\u4e2a\u6574\u6570y\uff0c\u8868\u793a\u5f53\u524d\u7684\u5e74\u4efd\u3002 <br />\u8f93\u5165\u6837\u4f8b: <br /> \t2013"
    },
    "output_description": {
        "format": "html",
        "value": "<br />\u8f93\u51fa\u63cf\u8ff0: <br /> \t\u8f93\u51fa\u4e00\u884c\uff0c\u5982\u679c\u7ed9\u5b9a\u7684\u5e74\u4efd\u662f\u95f0\u5e74\uff0c\u5219\u8f93\u51fayes\uff0c\u5426\u5219\u8f93\u51fano\u3002 \t<div class=\"sec_note\"> \t<p>\u8bf4\u660e\uff1a\u5f53\u8bd5\u9898\u6307\u5b9a\u4f60\u8f93\u51fa\u4e00\u4e2a\u5b57\u7b26\u4e32\u4f5c\u4e3a\u7ed3\u679c\uff08\u6bd4\u5982\u672c\u9898\u7684yes\u6216\u8005no\uff0c\u4f60\u9700\u8981\u4e25\u683c\u6309\u7167\u8bd5\u9898\u4e2d\u7ed9\u5b9a\u7684\u5927\u5c0f\u5199\uff0c\u5199\u9519\u5927\u5c0f\u5199\u5c06\u4e0d\u5f97\u5206\u3002 \t <br /> \u8f93\u51fa\u6837\u4f8b: <br /> \tno"
    },
    "test_case_score": [
        {
            "score": 100,
            "input_name": "1.in",
            "output_name": "1.out"
        },
        {
            "score": 100,
            "input_name": "2.in",
            "output_name": "2.out"
        },
        {
            "score": 100,
            "input_name": "3.in",
            "output_name": "3.out"
        },
        {
            "score": 100,
            "input_name": "4.in",
            "output_name": "4.out"
        },
        {
            "score": 100,
            "input_name": "5.in",
            "output_name": "5.out"
        },
        {
            "score": 100,
            "input_name": "6.in",
            "output_name": "6.out"
        },
        {
            "score": 100,
            "input_name": "7.in",
            "output_name": "7.out"
        },
        {
            "score": 100,
            "input_name": "8.in",
            "output_name": "8.out"
        },
        {
            "score": 100,
            "input_name": "9.in",
            "output_name": "9.out"
        }
    ],
    "hint": {
        "format": "html",
        "value": "HINT:\u65f6\u95f4\u9650\u5236\uff1a1.0s  \u5185\u5b58\u9650\u5236\uff1a256.0MB<br /> \t1990 &lt;= y &lt;= 2050\u3002"
    },
    "time_limit": 1000,
    "memory_limit": 512,
    "samples": [
        {
            "input": "\u53c2\u8003\u4e0a\u6587 ",
            "output": "\u53c2\u8003\u4e0a\u6587"
        }
    ],
    "template": {},
    "spj": null,
    "rule_type": "ACM",
    "source": "\u84dd\u6865\u676f\u7ec3\u4e60\u7cfb\u7edf ID: 5 \u539f\u9898\u94fe\u63a5: http://lx.lanqiao.cn/problem.page?gpid=T5",
    "answers": []
}