{
    "display_id": "old1075",
    "title": "\u7b97\u6cd5\u8bad\u7ec3 \u56de\u6587\u6570",
    "description": {
        "format": "html",
        "value": "<br />\u3000\u3000\u82e5\u4e00\u4e2a\u6570\uff08\u9996\u4f4d\u4e0d\u4e3a\u96f6\uff09\u4ece\u5de6\u5411\u53f3\u8bfb\u4e0e\u4ece\u53f3\u5411\u5de6\u8bfb\u90fd\u4e00\u6837\uff0c\u6211\u4eec\u5c31\u5c06\u5176\u79f0\u4e4b\u4e3a\u56de\u6587\u6570\u3002<br /> \u3000\u3000\u4f8b\u5982\uff1a\u7ed9\u5b9a\u4e00\u4e2a10\u8fdb\u5236\u657056\uff0c\u5c0656\u52a065\uff08\u5373\u628a56\u4ece\u53f3\u5411\u5de6\u8bfb\uff09\uff0c\u5f97\u5230121\u662f\u4e00\u4e2a\u56de\u6587\u6570\u3002<br /> <br /> \u3000\u3000\u53c8\u5982\uff1a\u5bf9\u4e8e10\u8fdb\u5236\u657087\uff1a<br /> \u3000\u3000STEP1\uff1a87+78  = 165                  STEP2\uff1a165+561 = 726<br /> \u3000\u3000STEP3\uff1a726+627 = 1353                STEP4\uff1a1353+3531 = 4884<br /> <br /> \u3000\u3000\u5728\u8fd9\u91cc\u7684\u4e00\u6b65\u662f\u6307\u8fdb\u884c\u4e86\u4e00\u6b21N\u8fdb\u5236\u7684\u52a0\u6cd5\uff0c\u4e0a\u4f8b\u6700\u5c11\u7528\u4e864\u6b65\u5f97\u5230\u56de\u6587\u65704884\u3002<br /> <br /> \u3000\u3000\u5199\u4e00\u4e2a\u7a0b\u5e8f\uff0c\u7ed9\u5b9a\u4e00\u4e2aN\uff082&lt;=N&lt;=10\u6216N=16\uff09\u8fdb\u5236\u6570M\uff08\u5176\u4e2d16\u8fdb\u5236\u6570\u5b57\u4e3a0-9\u4e0eA-F\uff09\uff0c\u6c42\u6700\u5c11\u7ecf\u8fc7\u51e0\u6b65\u53ef\u4ee5\u5f97\u5230\u56de\u6587\u6570\u3002<br /> \u3000\u3000\u5982\u679c\u572830\u6b65\u4ee5\u5185\uff08\u5305\u542b30\u6b65\uff09\u4e0d\u53ef\u80fd\u5f97\u5230\u56de\u6587\u6570\uff0c\u5219\u8f93\u51fa\u201cImpossible!\u201d"
    },
    "tags": [
        "\u84dd\u6865\u676f-\u7b97\u6cd5\u8bad\u7ec3"
    ],
    "input_description": {
        "format": "html",
        "value": "\u8f93\u5165\u63cf\u8ff0:<br />\u3000\u3000\u4e24\u884c\uff0cN\u4e0eM <br />\u8f93\u5165\u6837\u4f8b: <br />9<br /> 87"
    },
    "output_description": {
        "format": "html",
        "value": "<br />\u8f93\u51fa\u63cf\u8ff0: <br />\u3000\u3000\u5982\u679c\u80fd\u572830\u6b65\u4ee5\u5185\u5f97\u5230\u56de\u6587\u6570\uff0c\u8f93\u51fa\u201cSTEP=xx\u201d\uff08\u4e0d\u542b\u5f15\u53f7\uff09\uff0c\u5176\u4e2dxx\u662f\u6b65\u6570\uff1b\u5426\u5219\u8f93\u51fa\u4e00\u884c\u201dImpossible!\u201d\uff08\u4e0d\u542b\u5f15\u53f7\uff09<br /> \u8f93\u51fa\u6837\u4f8b: <br />STEP=6"
    },
    "test_case_score": [
        {
            "score": 100,
            "input_name": "1.in",
            "output_name": "1.out"
        },
        {
            "score": 100,
            "input_name": "2.in",
            "output_name": "2.out"
        },
        {
            "score": 100,
            "input_name": "3.in",
            "output_name": "3.out"
        },
        {
            "score": 100,
            "input_name": "4.in",
            "output_name": "4.out"
        }
    ],
    "hint": {
        "format": "html",
        "value": "HINT:\u65f6\u95f4\u9650\u5236\uff1a1.0s  \u5185\u5b58\u9650\u5236\uff1a256.0MB<br />"
    },
    "time_limit": 1000,
    "memory_limit": 512,
    "samples": [
        {
            "input": "\u53c2\u8003\u4e0a\u6587 ",
            "output": "\u53c2\u8003\u4e0a\u6587"
        }
    ],
    "template": {},
    "spj": null,
    "rule_type": "ACM",
    "source": "\u84dd\u6865\u676f\u7ec3\u4e60\u7cfb\u7edf ID: 74 \u539f\u9898\u94fe\u63a5: http://lx.lanqiao.cn/problem.page?gpid=T74",
    "answers": []
}