{
    "display_id": "old1208",
    "title": "\u7b97\u6cd5\u63d0\u9ad8 3000\u7c73\u6392\u540d\u9884\u6d4b",
    "description": {
        "format": "html",
        "value": "<br />\u3000\u30003000\u7c73\u957f\u8dd1\u65f6\uff0c\u56f4\u89c2\u515a\u4eec\u5174\u9ad8\u91c7\u70c8\u5730\u9884\u6d4b\u7740\u6700\u540e\u7684\u6392\u540d\u3002\u56e0\u4e3a\u4ed6\u4eec\u6765\u81ea\u4e0d\u540c\u7684\u73ed\uff0c\u5bf9\u6240\u6709\u8fd0\u52a8\u5458\u4e0d\u4e00\u5b9a\u90fd\u4e86\u89e3\uff0c\u4e8e\u662f\u4ed6\u4eec\u5206\u522b\u5bf9\u81ea\u5df1\u4e86\u89e3\u7684\u4e00\u4e9b\u8fd0\u52a8\u5458\u7684\u5b9e\u529b\u4f5c\u51fa\u4e86\u8bc4\u4f30\uff0c\u5373\u5bf9\u90e8\u5206\u8fd0\u52a8\u5458\u505a\u4e86\u76f8\u5bf9\u6392\u540d\u7684\u9884\u6d4b\uff0c\u5e76\u4e14\u544a\u8bc9\u4e86\u53ef\u601c\u7559\u5b88\u7684\u73ed\u957f\u3002\u56e0\u4e3a\u65e0\u804a\uff0c\u4e8e\u662f\u4ed6\u4eec\u5c31\u7ec4\u56e2\u53bb\u6253Dota\u53bb\u4e86\u3002\u6bd4\u8d5b\u7ed3\u675f\u540e\u4ed6\u4eec\u5411\u73ed\u957f\u8be2\u95ee\u6700\u540e\u7684\u6392\u540d\uff0c\u4f46\u73ed\u957f\u4e0d\u8bb0\u5f97\u4e86\uff0c\u53ea\u8bb0\u5f97\u4ed6\u4eec\u4e2d\u54ea\u4e9b\u4eba\u7684\u9884\u6d4b\u662f\u6b63\u786e\u7684\uff0c\u54ea\u4e9b\u4eba\u7684\u9884\u6d4b\u662f\u9519\u8bef\u7684\u3002\u4ed6\u4eec\u60f3\u77e5\u9053\u6bd4\u8d5b\u7684\u6392\u540d\u53ef\u80fd\u662f\u4ec0\u4e48\u3002"
    },
    "tags": [
        "\u84dd\u6865\u676f-\u7b97\u6cd5\u63d0\u9ad8"
    ],
    "input_description": {
        "format": "html",
        "value": "\u8f93\u5165\u63cf\u8ff0:<br />\u3000\u3000\u7b2c\u4e00\u884c\u4e24\u4e2a\u6574\u6570n\uff0c m\uff0cn\u4e3a\u8fd0\u52a8\u5458\u6570\u91cf\uff0cm\u4e3a\u56f4\u89c2\u515a\u6570\u91cf\u3002\u8fd0\u52a8\u5458\u7f16\u53f7\u4ece0\u5230n-1\u3002<br /> \u3000\u3000\u63a5\u4e0b\u6765m\u884c\uff0c\u6bcf\u884c\u4e3a\u4e00\u4e2a\u56f4\u89c2\u515a\u7684\u76f8\u5bf9\u6392\u540d\u9884\u6d4b\u3002\u6bcf\u884c\u7b2c\u4e00\u4e2a\u6570c\u8868\u793a\u4ed6\u9884\u6d4b\u7684\u4eba\u6570\uff0c\u540e\u9762\u8ddf\u7740c\u4e2a0~n-1\u7684\u4e0d\u540c\u7684\u6570\uff0c\u8868\u793a\u4ed6\u9884\u6d4b\u7684\u8fd0\u52a8\u5458\u76f8\u5bf9\u6392\u540d\uff0c\u6700\u540e\u8fd8\u6709\u4e00\u4e2a\u6570\uff0c0\u8868\u793a\u8fd9\u4e2a\u9884\u6d4b\u662f\u9519\u8bef\u7684\uff0c1\u8868\u793a\u662f\u6b63\u786e\u7684\u3002 <br />\u8f93\u5165\u6837\u4f8b: <br />Input Sample 1:<br /> 3 2<br /> 2 0 1 1<br /> 2 1 2 0<br /> <br /> Input Sample 2:<br /> 3 2<br /> 2 0 1 1<br /> 2 2 1 0"
    },
    "output_description": {
        "format": "html",
        "value": "<br />\u8f93\u51fa\u63cf\u8ff0: <br />\u3000\u3000\u7b2c\u4e00\u884c\u4e00\u4e2a\u6570k\u4e3a\u6709\u591a\u5c11\u79cd\u6392\u540d\u7684\u53ef\u80fd\u3002<br /> \u3000\u3000\u4e0b\u9762k\u884c\uff0c\u6bcf\u884c\u4e00\u4e2a0~n-1\u7684\u6392\u5217\uff0c\u4e3a\u67d0\u4e00\u4e2a\u53ef\u80fd\u7684\u6392\u540d\uff0c\u76f8\u90bb\u7684\u6570\u95f4\u7528\u7a7a\u683c\u9694\u5f00\u3002\u6240\u6709\u6392\u540d\u6309\u5b57\u5178\u5e8f\u4f9d\u6b21\u8f93\u51fa\u3002<br /> \u8f93\u51fa\u6837\u4f8b: <br />Output Sample 1:<br /> 2<br /> 0 2 1<br /> 2 0 1<br /> <br /> Output Sample 2:<br /> 1<br /> 0 1 2"
    },
    "test_case_score": [
        {
            "score": 100,
            "input_name": "1.in",
            "output_name": "1.out"
        },
        {
            "score": 100,
            "input_name": "2.in",
            "output_name": "2.out"
        },
        {
            "score": 100,
            "input_name": "3.in",
            "output_name": "3.out"
        },
        {
            "score": 100,
            "input_name": "4.in",
            "output_name": "4.out"
        },
        {
            "score": 100,
            "input_name": "5.in",
            "output_name": "5.out"
        }
    ],
    "hint": {
        "format": "html",
        "value": "HINT:\u65f6\u95f4\u9650\u5236\uff1a1.0s  \u5185\u5b58\u9650\u5236\uff1a256.0MB<br />\u3000\u30001&lt;=n&lt;=10, 2&lt;=c&lt;=n, 1&lt;=m&lt;=10\uff0c\u4fdd\u8bc1\u6570\u636e\u5408\u6cd5\uff0c\u4e14\u7b54\u6848\u4e2d\u6392\u540d\u53ef\u80fd\u6570\u4e0d\u8d85\u8fc720000\u3002\u5bf9\u4e8e\u4e00\u4e2a\u6392\u540d\u5e8f\u5217\uff0c\u4e00\u4e2a\u9884\u6d4b\u662f\u6b63\u786e\u7684\uff0c\u5f53\u4e14\u4ec5\u5f53\u9884\u6d4b\u7684\u6392\u540d\u7684\u76f8\u5bf9\u987a\u5e8f\u662f\u6392\u540d\u5e8f\u5217\u7684\u4e00\u4e2a\u5b50\u5e8f\u5217\u3002\u4e00\u4e2a\u9884\u6d4b\u662f\u9519\u8bef\u7684\uff0c\u5f53\u4e14\u4ec5\u5f53\u8fd9\u4e2a\u9884\u6d4b\u4e0d\u6b63\u786e\u3002"
    },
    "time_limit": 1000,
    "memory_limit": 512,
    "samples": [
        {
            "input": "\u53c2\u8003\u4e0a\u6587 ",
            "output": "\u53c2\u8003\u4e0a\u6587"
        }
    ],
    "template": {},
    "spj": null,
    "rule_type": "ACM",
    "source": "\u84dd\u6865\u676f\u7ec3\u4e60\u7cfb\u7edf ID: 279 \u539f\u9898\u94fe\u63a5: http://lx.lanqiao.cn/problem.page?gpid=T279",
    "answers": []
}