{
    "display_id": "old1038",
    "title": "\u5386\u5c4a\u8bd5\u9898 \u9ad8\u50e7\u6597\u6cd5",
    "description": {
        "format": "html",
        "value": "<br />\u3000\u3000\u53e4\u65f6\u4e27\u846c\u6d3b\u52a8\u4e2d\u7ecf\u5e38\u8bf7\u9ad8\u50e7\u505a\u6cd5\u4e8b\u3002\u4eea\u5f0f\u7ed3\u675f\u540e\uff0c\u6709\u65f6\u4f1a\u6709\u201c\u9ad8\u50e7\u6597\u6cd5\u201d\u7684\u8da3\u5473\u8282\u76ee\uff0c\u4ee5\u8212\u7f13\u538b\u6291\u7684\u6c14\u6c1b\u3002<br /> \u3000\u3000\u8282\u76ee\u5927\u7565\u6b65\u9aa4\u4e3a\uff1a\u5148\u7528\u7cae\u98df\uff08\u4e00\u822c\u662f\u7a3b\u7c73\uff09\u5728\u5730\u4e0a\u201c\u753b\u201d\u51fa\u82e5\u5e72\u7ea7\u53f0\u9636\uff08\u8868\u793aN\u7ea7\u6d6e\u5c60\uff09\u3002\u53c8\u6709\u82e5\u5e72\u5c0f\u548c\u5c1a\u968f\u673a\u5730\u201c\u7ad9\u201d\u5728\u67d0\u4e2a\u53f0\u9636\u4e0a\u3002\u6700\u9ad8\u4e00\u7ea7\u53f0\u9636\u5fc5\u987b\u7ad9\u4eba\uff0c\u5176\u5b83\u4efb\u610f\u3002(\u5982\u56fe1\u6240\u793a)<br /> \u3000\u3000\u4e24\u4f4d\u53c2\u52a0\u6e38\u620f\u7684\u6cd5\u5e08\u5206\u522b\u6307\u6325\u67d0\u4e2a\u5c0f\u548c\u5c1a\u5411\u4e0a\u8d70\u4efb\u610f\u591a\u7ea7\u7684\u53f0\u9636\uff0c\u4f46\u4f1a\u88ab\u7ad9\u5728\u9ad8\u7ea7\u53f0\u9636\u4e0a\u7684\u5c0f\u548c\u5c1a\u963b\u6321\uff0c\u4e0d\u80fd\u8d8a\u8fc7\u3002\u4e24\u4e2a\u5c0f\u548c\u5c1a\u4e5f\u4e0d\u80fd\u7ad9\u5728\u540c\u4e00\u53f0\u9636\uff0c\u4e5f\u4e0d\u80fd\u5411\u4f4e\u7ea7\u53f0\u9636\u79fb\u52a8\u3002<br /> \u3000\u3000\u4e24\u6cd5\u5e08\u8f6e\u6d41\u53d1\u51fa\u6307\u4ee4\uff0c\u6700\u540e\u6240\u6709\u5c0f\u548c\u5c1a\u5fc5\u7136\u4f1a\u90fd\u6324\u5728\u9ad8\u6bb5\u53f0\u9636\uff0c\u518d\u4e5f\u4e0d\u80fd\u5411\u4e0a\u79fb\u52a8\u3002\u8f6e\u5230\u54ea\u4e2a\u6cd5\u5e08\u6307\u6325\u65f6\u65e0\u6cd5\u7ee7\u7eed\u79fb\u52a8\uff0c\u5219\u6e38\u620f\u7ed3\u675f\uff0c\u8be5\u6cd5\u5e08\u8ba4\u8f93\u3002<br /> \u3000\u3000\u5bf9\u4e8e\u5df2\u77e5\u7684\u53f0\u9636\u6570\u548c\u5c0f\u548c\u5c1a\u7684\u5206\u5e03\u4f4d\u7f6e\uff0c\u8bf7\u4f60\u8ba1\u7b97\u5148\u53d1\u6307\u4ee4\u7684\u6cd5\u5e08\u8be5\u5982\u4f55\u51b3\u7b56\u624d\u80fd\u4fdd\u8bc1\u80dc\u51fa\u3002"
    },
    "tags": [
        "\u84dd\u6865\u676f-\u5386\u5c4a\u8bd5\u9898"
    ],
    "input_description": {
        "format": "html",
        "value": "\u8f93\u5165\u63cf\u8ff0:<br />\u3000\u3000\u8f93\u5165\u6570\u636e\u4e3a\u4e00\u884c\u7528\u7a7a\u683c\u5206\u5f00\u7684N\u4e2a\u6574\u6570\uff0c\u8868\u793a\u5c0f\u548c\u5c1a\u7684\u4f4d\u7f6e\u3002\u53f0\u9636\u5e8f\u53f7\u4ece1\u7b97\u8d77\uff0c\u6240\u4ee5\u6700\u540e\u4e00\u4e2a\u5c0f\u548c\u5c1a\u7684\u4f4d\u7f6e\u5373\u662f\u53f0\u9636\u7684\u603b\u6570\u3002\uff08N&lt;100, \u53f0\u9636\u603b\u6570&lt;1000\uff09 <br />\u8f93\u5165\u6837\u4f8b: <br />1 5 9"
    },
    "output_description": {
        "format": "html",
        "value": "<br />\u8f93\u51fa\u63cf\u8ff0: <br />\u3000\u3000\u8f93\u51fa\u4e3a\u4e00\u884c\u7528\u7a7a\u683c\u5206\u5f00\u7684\u4e24\u4e2a\u6574\u6570: A B, \u8868\u793a\u628aA\u4f4d\u7f6e\u7684\u5c0f\u548c\u5c1a\u79fb\u52a8\u5230B\u4f4d\u7f6e\u3002\u82e5\u6709\u591a\u4e2a\u89e3\uff0c\u8f93\u51faA\u503c\u8f83\u5c0f\u7684\u89e3\uff0c\u82e5\u65e0\u89e3\u5219\u8f93\u51fa-1\u3002<br /> \u8f93\u51fa\u6837\u4f8b: <br />1 4"
    },
    "test_case_score": [
        {
            "score": 100,
            "input_name": "1.in",
            "output_name": "1.out"
        },
        {
            "score": 100,
            "input_name": "2.in",
            "output_name": "2.out"
        },
        {
            "score": 100,
            "input_name": "3.in",
            "output_name": "3.out"
        },
        {
            "score": 100,
            "input_name": "4.in",
            "output_name": "4.out"
        },
        {
            "score": 100,
            "input_name": "5.in",
            "output_name": "5.out"
        }
    ],
    "hint": {
        "format": "html",
        "value": "HINT:\u65f6\u95f4\u9650\u5236\uff1a1.0s  \u5185\u5b58\u9650\u5236\uff1a256.0MB<br />"
    },
    "time_limit": 1000,
    "memory_limit": 512,
    "samples": [
        {
            "input": "\u53c2\u8003\u4e0a\u6587 ",
            "output": "\u53c2\u8003\u4e0a\u6587"
        }
    ],
    "template": {},
    "spj": null,
    "rule_type": "ACM",
    "source": "\u84dd\u6865\u676f\u7ec3\u4e60\u7cfb\u7edf ID: 37 \u539f\u9898\u94fe\u63a5: http://lx.lanqiao.cn/problem.page?gpid=T37",
    "answers": []
}