{
    "display_id": "old1218",
    "title": "\u7b97\u6cd5\u63d0\u9ad8 \u7279\u6b8a\u7684\u8d28\u6570\u808b\u9aa8",
    "description": {
        "format": "html",
        "value": "<br />\u3000\u3000\u519c\u6c11\u7ea6\u7ff0\u6bcd\u725b\u603b\u662f\u4ea7\u751f\u6700\u597d\u7684\u808b\u9aa8\u3002\u4f60\u80fd\u901a\u8fc7\u519c\u6c11\u7ea6\u7ff0\u548c\u7f8e\u56fd\u519c\u4e1a\u90e8\u6807\u8bb0\u5728\u6bcf\u6839\u808b\u9aa8\u4e0a\u7684\u6570\u5b57\u8ba4\u51fa\u5b83\u4eec\u3002\u519c\u6c11\u7ea6\u7ff0\u786e\u5b9a\u4ed6\u5356\u7ed9\u4e70\u65b9\u7684\u662f\u771f\u6b63\u7684\u8d28\u6570\u808b\u9aa8\uff0c\u662f\u56e0\u4e3a\u4ece\u53f3\u8fb9\u5f00\u59cb\u5207\u4e0b\u808b\u9aa8\uff0c\u6bcf\u6b21\u8fd8\u5269\u4e0b\u7684\u808b\u9aa8\u4e0a\u7684\u6570\u5b57\u90fd\u7ec4\u6210\u4e00\u4e2a\u8d28\u6570\u3002<br /> <br /> \u3000\u3000\u4f8b\u5982\u6709\u56db\u6839\u808b\u9aa8\u7684\u6570\u5b57\u5206\u522b\u662f\uff1a7 3 3 1\uff0c\u90a3\u4e48\u5168\u90e8\u808b\u9aa8\u4e0a\u7684\u6570\u5b57 7331\u662f\u8d28\u6570\uff1b\u4e09\u6839\u808b\u9aa8 733\u662f\u8d28\u6570\uff1b\u4e8c\u6839\u808b\u9aa8 73 \u662f\u8d28\u6570\uff1b\u5f53\u7136,\u6700\u540e\u4e00\u6839\u808b\u9aa8 7 \u4e5f\u662f\u8d28\u6570\u30027331 \u88ab\u53eb\u505a\u957f\u5ea6 4 \u7684\u7279\u6b8a\u8d28\u6570\u3002<br /> <br /> \u3000\u3000\u5199\u4e00\u4e2a\u7a0b\u5e8f\u5bf9\u7ed9\u5b9a\u7684\u808b\u9aa8\u7684\u6570\u76ee N (1&lt;=N&lt;=8),\u6c42\u51fa\u6240\u6709\u7684\u7279\u6b8a\u8d28\u6570\u3002\u6570\u5b571\u4e0d\u88ab\u770b\u4f5c\u4e00\u4e2a\u8d28\u6570\u3002"
    },
    "tags": [
        "\u84dd\u6865\u676f-\u7b97\u6cd5\u63d0\u9ad8"
    ],
    "input_description": {
        "format": "html",
        "value": "\u8f93\u5165\u63cf\u8ff0:<br />\u3000\u3000\u5355\u72ec\u7684\u4e00\u884c\u5305\u542bN\u3002 <br />\u8f93\u5165\u6837\u4f8b: <br />4"
    },
    "output_description": {
        "format": "html",
        "value": "<br />\u8f93\u51fa\u63cf\u8ff0: <br />\u3000\u3000\u6309\u987a\u5e8f\u8f93\u51fa\u957f\u5ea6\u4e3a N \u7684\u7279\u6b8a\u8d28\u6570,\u6bcf\u884c\u4e00\u4e2a\u3002<br /> \u8f93\u51fa\u6837\u4f8b: <br />2333<br /> 2339<br /> 2393<br /> 2399<br /> 2939<br /> 3119<br /> 3137<br /> 3733<br /> 3739<br /> 3793<br /> 3797<br /> 5939<br /> 7193<br /> 7331<br /> 7333<br /> 7393"
    },
    "test_case_score": [
        {
            "score": 100,
            "input_name": "1.in",
            "output_name": "1.out"
        },
        {
            "score": 100,
            "input_name": "2.in",
            "output_name": "2.out"
        },
        {
            "score": 100,
            "input_name": "3.in",
            "output_name": "3.out"
        },
        {
            "score": 100,
            "input_name": "4.in",
            "output_name": "4.out"
        },
        {
            "score": 100,
            "input_name": "5.in",
            "output_name": "5.out"
        }
    ],
    "hint": {
        "format": "html",
        "value": "HINT:\u65f6\u95f4\u9650\u5236\uff1a1.0s  \u5185\u5b58\u9650\u5236\uff1a256.0MB<br />"
    },
    "time_limit": 1000,
    "memory_limit": 512,
    "samples": [
        {
            "input": "\u53c2\u8003\u4e0a\u6587 ",
            "output": "\u53c2\u8003\u4e0a\u6587"
        }
    ],
    "template": {},
    "spj": null,
    "rule_type": "ACM",
    "source": "\u84dd\u6865\u676f\u7ec3\u4e60\u7cfb\u7edf ID: 293 \u539f\u9898\u94fe\u63a5: http://lx.lanqiao.cn/problem.page?gpid=T293",
    "answers": []
}