{
    "display_id": "old1226",
    "title": "\u7b97\u6cd5\u63d0\u9ad8 \u8d28\u6570\u7684\u540e\u4ee3",
    "description": {
        "format": "html",
        "value": "<br />\u3000\u3000\u5728\u4e0a\u4e00\u5b63\u91cc\uff0c\u66fe\u63d0\u5230\u8fc7\u8d28\u6570\u7684\u5b64\u72ec\uff0c\u5176\u5b9e\u4ece\u53e6\u4e00\u4e2a\u89d2\u5ea6\u770b\uff0c\u65e0\u60c5\u9694\u819c\u5b83\u4eec\u7684\u5408\u6570\u5168\u662f\u8d28\u6570\u7684\u540e\u4ee3\uff0c\u56e0\u4e3a\u5408\u6570\u53ef\u4ee5\u7531\u8d28\u6570\u76f8\u4e58\u7ed3\u5408\u800c\u5f97\u3002<br /> \u3000\u3000\u5982\u679c\u4e00\u4e2a\u5408\u6570\u7531\u4e24\u4e2a\u8d28\u6570\u76f8\u4e58\u800c\u5f97\uff0c\u90a3\u4e48\u6211\u4eec\u5c31\u53eb\u5b83\u662f\u8d28\u6570\u4eec\u7684\u76f4\u63a5\u540e\u4ee3\u3002\u73b0\u5728\uff0c\u7ed9\u4f60\u4e00\u7cfb\u5217\u81ea\u7136\u6570\uff0c\u5224\u65ad\u5b83\u4eec\u662f\u5426\u662f\u8d28\u6570\u7684\u76f4\u63a5\u540e\u4ee3\u3002"
    },
    "tags": [
        "\u84dd\u6865\u676f-\u7b97\u6cd5\u63d0\u9ad8"
    ],
    "input_description": {
        "format": "html",
        "value": "\u8f93\u5165\u63cf\u8ff0:<br />\u3000\u3000\u7b2c\u4e00\u884c\u4e00\u4e2a\u6b63\u6574\u6570T\uff0c\u8868\u793a\u9700\u8981\u5224\u65ad\u7684\u81ea\u7136\u6570\u6570\u91cf<br /> \u3000\u3000\u63a5\u4e0b\u6765T\u884c\uff0c\u6bcf\u884c\u4e00\u4e2a\u8981\u5224\u65ad\u7684\u81ea\u7136\u6570 <br />\u8f93\u5165\u6837\u4f8b: <br />4<br /> 3<br /> 4<br /> 6<br /> 12"
    },
    "output_description": {
        "format": "html",
        "value": "<br />\u8f93\u51fa\u63cf\u8ff0: <br />\u3000\u3000\u5171T\u884c\uff0c\u4f9d\u6b21\u5bf9\u4e8e\u8f93\u5165\u4e2d\u7ed9\u51fa\u7684\u81ea\u7136\u6570\uff0c\u5224\u65ad\u662f\u5426\u4e3a\u8d28\u6570\u7684\u76f4\u63a5\u540e\u4ee3\uff0c\u662f\u5219\u8f93\u51faYes\uff0c\u5426\u5219\u8f93\u51faNo<br /> \u8f93\u51fa\u6837\u4f8b: <br />No<br /> Yes<br /> Yes<br /> No"
    },
    "test_case_score": [
        {
            "score": 100,
            "input_name": "1.in",
            "output_name": "1.out"
        },
        {
            "score": 100,
            "input_name": "2.in",
            "output_name": "2.out"
        },
        {
            "score": 100,
            "input_name": "3.in",
            "output_name": "3.out"
        },
        {
            "score": 100,
            "input_name": "4.in",
            "output_name": "4.out"
        },
        {
            "score": 100,
            "input_name": "5.in",
            "output_name": "5.out"
        },
        {
            "score": 100,
            "input_name": "6.in",
            "output_name": "6.out"
        },
        {
            "score": 100,
            "input_name": "7.in",
            "output_name": "7.out"
        },
        {
            "score": 100,
            "input_name": "8.in",
            "output_name": "8.out"
        },
        {
            "score": 100,
            "input_name": "9.in",
            "output_name": "9.out"
        },
        {
            "score": 100,
            "input_name": "10.in",
            "output_name": "10.out"
        }
    ],
    "hint": {
        "format": "html",
        "value": "HINT:\u65f6\u95f4\u9650\u5236\uff1a1.0s  \u5185\u5b58\u9650\u5236\uff1a256.0MB<br />\u3000\u30001&lt;=T&lt;=20<br /> \u3000\u30002&lt;=\u8981\u5224\u65ad\u7684\u81ea\u7136\u6570&lt;=10<sup>5</sup>"
    },
    "time_limit": 1000,
    "memory_limit": 512,
    "samples": [
        {
            "input": "\u53c2\u8003\u4e0a\u6587 ",
            "output": "\u53c2\u8003\u4e0a\u6587"
        }
    ],
    "template": {},
    "spj": null,
    "rule_type": "ACM",
    "source": "\u84dd\u6865\u676f\u7ec3\u4e60\u7cfb\u7edf ID: 305 \u539f\u9898\u94fe\u63a5: http://lx.lanqiao.cn/problem.page?gpid=T305",
    "answers": []
}