{
    "display_id": "old1053",
    "title": "\u57fa\u7840\u7ec3\u4e60 \u6570\u5217\u6392\u5e8f",
    "description": {
        "format": "html",
        "value": "<br />\u3000\u3000\u7ed9\u5b9a\u4e00\u4e2a\u957f\u5ea6\u4e3an\u7684\u6570\u5217\uff0c\u5c06\u8fd9\u4e2a\u6570\u5217\u6309\u4ece\u5c0f\u5230\u5927\u7684\u987a\u5e8f\u6392\u5217\u30021&lt;=n&lt;=200"
    },
    "tags": [
        "\u84dd\u6865\u676f-\u57fa\u7840\u7ec3\u4e60"
    ],
    "input_description": {
        "format": "html",
        "value": "\u8f93\u5165\u63cf\u8ff0:<br />\u3000\u3000\u7b2c\u4e00\u884c\u4e3a\u4e00\u4e2a\u6574\u6570n\u3002<br /> \u3000\u3000\u7b2c\u4e8c\u884c\u5305\u542bn\u4e2a\u6574\u6570\uff0c\u4e3a\u5f85\u6392\u5e8f\u7684\u6570\uff0c\u6bcf\u4e2a\u6574\u6570\u7684\u7edd\u5bf9\u503c\u5c0f\u4e8e10000\u3002 <br />\u8f93\u5165\u6837\u4f8b: <br />5<br /> 8 3 6 4 9"
    },
    "output_description": {
        "format": "html",
        "value": "<br />\u8f93\u51fa\u63cf\u8ff0: <br />\u3000\u3000\u8f93\u51fa\u4e00\u884c\uff0c\u6309\u4ece\u5c0f\u5230\u5927\u7684\u987a\u5e8f\u8f93\u51fa\u6392\u5e8f\u540e\u7684\u6570\u5217\u3002<br /> \u8f93\u51fa\u6837\u4f8b: <br />3 4 6 8 9"
    },
    "test_case_score": [
        {
            "score": 100,
            "input_name": "1.in",
            "output_name": "1.out"
        },
        {
            "score": 100,
            "input_name": "2.in",
            "output_name": "2.out"
        },
        {
            "score": 100,
            "input_name": "3.in",
            "output_name": "3.out"
        },
        {
            "score": 100,
            "input_name": "4.in",
            "output_name": "4.out"
        },
        {
            "score": 100,
            "input_name": "5.in",
            "output_name": "5.out"
        },
        {
            "score": 100,
            "input_name": "6.in",
            "output_name": "6.out"
        },
        {
            "score": 100,
            "input_name": "7.in",
            "output_name": "7.out"
        }
    ],
    "hint": {
        "format": "html",
        "value": "HINT:\u65f6\u95f4\u9650\u5236\uff1a1.0s  \u5185\u5b58\u9650\u5236\uff1a512.0MB<br />"
    },
    "time_limit": 1000,
    "memory_limit": 512,
    "samples": [
        {
            "input": "\u53c2\u8003\u4e0a\u6587 ",
            "output": "\u53c2\u8003\u4e0a\u6587"
        }
    ],
    "template": {},
    "spj": null,
    "rule_type": "ACM",
    "source": "\u84dd\u6865\u676f\u7ec3\u4e60\u7cfb\u7edf ID: 52 \u539f\u9898\u94fe\u63a5: http://lx.lanqiao.cn/problem.page?gpid=T52",
    "answers": []
}