{
    "display_id": "old1189",
    "title": "\u7b97\u6cd5\u63d0\u9ad8 \u9ad8\u7cbe\u5ea6\u52a0\u6cd5",
    "description": {
        "format": "html",
        "value": "<br />\u3000\u3000\u5728C/C++\u8bed\u8a00\u4e2d\uff0c\u6574\u578b\u6240\u80fd\u8868\u793a\u7684\u8303\u56f4\u4e00\u822c\u4e3a-2<sup>31</sup>\u52302<sup>31</sup>\uff08\u5927\u7ea621\u4ebf\uff09,\u5373\u4f7flong long\u578b\uff0c\u4e00\u822c\u4e5f\u53ea\u80fd\u8868\u793a\u5230-2<sup>63</sup>\u52302<sup>63</sup>\u3002\u8981\u60f3\u8ba1\u7b97\u66f4\u52a0\u89c4\u6a21\u7684\u6570\uff0c\u5c31\u8981\u7528\u8f6f\u4ef6\u6765\u6269\u5c55\u4e86\uff0c\u6bd4\u5982\u7528\u6570\u7ec4\u6216\u5b57\u7b26\u4e32\u6765\u6a21\u62df\u66f4\u591a\u89c4\u6a21\u7684\u6570\u53ca\u5171\u8fd0\u7b97\u3002<br /> \u3000\u3000\u73b0\u5728\u8f93\u5165\u4e24\u4e2a\u6574\u6570\uff0c\u8bf7\u8f93\u51fa\u5b83\u4eec\u7684\u548c\u3002"
    },
    "tags": [
        "\u84dd\u6865\u676f-\u7b97\u6cd5\u63d0\u9ad8"
    ],
    "input_description": {
        "format": "html",
        "value": "\u8f93\u5165\u63cf\u8ff0:<br />\u3000\u3000\u4e24\u884c\uff0c\u6bcf\u884c\u4e00\u4e2a\u6574\u6570\uff0c\u6bcf\u4e2a\u6574\u6570\u4e0d\u8d85\u8fc71000\u4f4d <br />\u8f93\u5165\u6837\u4f8b: <br />15464315464465465<br /> 482321654151"
    },
    "output_description": {
        "format": "html",
        "value": "<br />\u8f93\u51fa\u63cf\u8ff0: <br />\u3000\u3000\u4e00\u884c\uff0c\u4e24\u4e2a\u6574\u6570\u7684\u548c\u3002<br /> \u8f93\u51fa\u6837\u4f8b: <br />15464797786119616"
    },
    "test_case_score": [
        {
            "score": 100,
            "input_name": "1.in",
            "output_name": "1.out"
        },
        {
            "score": 100,
            "input_name": "2.in",
            "output_name": "2.out"
        },
        {
            "score": 100,
            "input_name": "3.in",
            "output_name": "3.out"
        },
        {
            "score": 100,
            "input_name": "4.in",
            "output_name": "4.out"
        },
        {
            "score": 100,
            "input_name": "5.in",
            "output_name": "5.out"
        },
        {
            "score": 100,
            "input_name": "6.in",
            "output_name": "6.out"
        },
        {
            "score": 100,
            "input_name": "7.in",
            "output_name": "7.out"
        },
        {
            "score": 100,
            "input_name": "8.in",
            "output_name": "8.out"
        },
        {
            "score": 100,
            "input_name": "9.in",
            "output_name": "9.out"
        },
        {
            "score": 100,
            "input_name": "10.in",
            "output_name": "10.out"
        }
    ],
    "hint": {
        "format": "html",
        "value": "HINT:\u65f6\u95f4\u9650\u5236\uff1a1.0s  \u5185\u5b58\u9650\u5236\uff1a256.0MB<br />\u3000\u3000\u6bcf\u4e2a\u6574\u6570\u4e0d\u8d85\u8fc71000\u4f4d"
    },
    "time_limit": 1000,
    "memory_limit": 512,
    "samples": [
        {
            "input": "\u53c2\u8003\u4e0a\u6587 ",
            "output": "\u53c2\u8003\u4e0a\u6587"
        }
    ],
    "template": {},
    "spj": null,
    "rule_type": "ACM",
    "source": "\u84dd\u6865\u676f\u7ec3\u4e60\u7cfb\u7edf ID: 257 \u539f\u9898\u94fe\u63a5: http://lx.lanqiao.cn/problem.page?gpid=T257",
    "answers": []
}