{
    "display_id": "sai_5_7_oi",
    "title": "\u4e09\u5708\u4e09\u8272\u706b\u67f4\u68cd",
    "description": {
        "format": "html",
        "value": "<p>\u4e09\u5708\u706b\u67f4\uff0c\u5916\u570812\u6839\uff0c\u4e2d\u57088\u6839\uff0c\u5185\u57084\u8ddf\uff0c\u7ea2\u7684\u4e00\u517112\u6839\uff0c\u9ec4\u82728\u7eff\u82724</p><ol><li>\u4e09\u5708\u53ef\u4ee5\u540c\u65f6\u987a\u65f6\u9488\u65cb\u8f6c\u4e00\u4e2a\u5355\u4f4d</li><li>\u4e09\u5708\u53ef\u4ee5\u540c\u65f6\u9006\u65f6\u9488\u65cb\u8f6c\u4e00\u4e2a\u5355\u4f4d</li><li>\u4e09\u5708\u6700\u9876\u90e8\u7684\u706b\u67f4\u53ef\u4ee5\u6309\u7279\u5b9a\u987a\u5e8f\u65cb\u8f6c\u66ff\u6362\uff08\u5916\uff0c\u4e2d\uff0c\u5185\u2014&gt;\u4e2d\uff0c\u5185\uff0c\u5916\uff09\uff0c\u5176\u4ed6\u65b9\u5f0f\u4e0d\u53ef\u4ee5</li></ol><h1>\u6ce8\u610f\uff0c\u8fd9\u4e2a\u8ddfpdf\u91cc\u7684\u989c\u8272\u4e0d\u592a\u4e00\u6837\u3002</h1><p><img alt=\"\u4e09\u5708\u4e09\u8272\u706b\u67f4\u68cd.png\" src=\"/public/upload/ddb099b364.png\" width=\"680\" height=\"519\" /><br /></p>"
    },
    "tags": [
        "2019\u84dd\u6865\u676f\u56fd\u8d5b"
    ],
    "input_description": {
        "format": "html",
        "value": "<p><span style=\"color: rgb(77, 77, 77);\">\u7b2c\u4e00\u884c\u8f93\u5165n\uff0c\u4ee3\u8868\u9700\u8981\u5224\u65adn\u7ec4\u3002n\u7684\u6570\u636e\u8303\u56f4\u6ca1\u7ed9\uff0c\u6211\u8bbe\u4e3a(1-100)\u5427</span></p><p><span style=\"color: rgb(77, 77, 77);\">\u4e09\u5708\u7528\u4e09\u4e2a\u5b57\u7b26\u4e32\u8868\u793a\uff0cR\u7ea2\uff0cY\u9ec4\uff0cG\u7eff</span></p>"
    },
    "output_description": {
        "format": "html",
        "value": "<p><span style=\"color: rgb(77, 77, 77);\">\u95ee\u80fd\u4e0d\u80fd\u66ff\u6362\u5230\u6700\u5916\u5708\u5168\u4e3a\u7ea2\uff0c\u4e2d\u95f4\u5168\u9ec4\uff0c\u5185\u5708\u5168\u7eff\u3002\u53ef\u4ee5\u8f93\u51faYES\uff0c\u5426\u5219NO</span><br /></p>"
    },
    "test_case_score": [
        {
            "score": 5,
            "input_name": "1.in",
            "output_name": "1.out"
        },
        {
            "score": 5,
            "input_name": "2.in",
            "output_name": "2.out"
        },
        {
            "score": 10,
            "input_name": "3.in",
            "output_name": "3.out"
        }
    ],
    "hint": {
        "format": "html",
        "value": ""
    },
    "time_limit": 1000,
    "memory_limit": 256,
    "samples": [
        {
            "input": "2\nRGRRRRRRRRRR\nYRYYYYYY\nGYGG\nRRGRRRRRRRRR\nYYYYYYYY\nGGRG\n",
            "output": "YES\nNO\n"
        }
    ],
    "template": {},
    "spj": null,
    "rule_type": "OI",
    "source": "2019\u5e74\u7b2c\u5341\u5c4a\u84dd\u6865\u676fc/c++B\u7ec4\u56fd\u8d5b\u51b3\u8d5b\u771f\u9898\u9898\u76ee",
    "answers": []
}