{
    "display_id": "old1123",
    "title": "\u7b97\u6cd5\u8bad\u7ec3 \u5220\u9664\u591a\u4f59\u62ec\u53f7",
    "description": {
        "format": "html",
        "value": "<br />\u3000\u3000\u4ece\u952e\u76d8\u8f93\u5165\u4e00\u4e2a\u542b\u6709\u62ec\u53f7\u7684\u56db\u5219\u8fd0\u7b97\u8868\u8fbe\u5f0f\uff0c\u8981\u6c42\u53bb\u6389\u53ef\u80fd\u542b\u6709\u7684\u591a\u4f59\u7684\u62ec\u53f7\uff0c\u7ed3\u679c\u8981\u4fdd\u6301\u539f\u8868\u8fbe\u5f0f\u4e2d\u53d8\u91cf\u548c\u8fd0\u7b97\u7b26\u7684\u76f8\u5bf9\u4f4d\u7f6e\u4e0d\u53d8\uff0c\u4e14\u4e0e\u539f\u8868\u8fbe\u5f0f\u7b49\u4ef7,\u4e0d\u8981\u6c42\u5316\u7b80\u3002\u53e6\u5916\u4e0d\u8003\u8651&#039;+&#039;\u3000\u3000&#039;-&#039;\u7528\u4f5c\u6b63\u8d1f\u53f7\u7684\u60c5\u51b5\uff0c\u5373\u8f93\u5165\u8868\u8fbe\u5f0f\u4e0d\u4f1a\u51fa\u73b0(+a)\u6216(-a)\u7684\u60c5\u5f62\u3002"
    },
    "tags": [
        "\u84dd\u6865\u676f-\u7b97\u6cd5\u8bad\u7ec3"
    ],
    "input_description": {
        "format": "html",
        "value": "\u8f93\u5165\u63cf\u8ff0:<br />\u3000\u3000\u8868\u8fbe\u5f0f\u5b57\u7b26\u4e32\uff0c\u957f\u5ea6\u4e0d\u8d85\u8fc7255,\u3000\u3000\u5e76\u4e14\u4e0d\u542b\u7a7a\u683c\u5b57\u7b26\u3002\u8868\u8fbe\u5f0f\u4e2d\u7684\u6240\u6709\u53d8\u91cf\u90fd\u662f\u5355\u4e2a\u5c0f\u5199\u7684\u82f1\u6587\u5b57\u6bcd, \u8fd0\u7b97\u7b26\u53ea\u6709\u52a0+\u51cf-\u4e58*\u9664/\u7b49\u8fd0\u7b97\u7b26\u53f7\u3002 <br />\u8f93\u5165\u6837\u4f8b: <br />"
    },
    "output_description": {
        "format": "html",
        "value": "<br />\u8f93\u51fa\u63cf\u8ff0: <br />\u3000\u3000\u53bb\u6389\u591a\u4f59\u62ec\u53f7\u540e\u7684\u8868\u8fbe\u5f0f<br /> \u8f93\u51fa\u6837\u4f8b: <br />"
    },
    "test_case_score": [
        {
            "score": 100,
            "input_name": "1.in",
            "output_name": "1.out"
        },
        {
            "score": 100,
            "input_name": "2.in",
            "output_name": "2.out"
        },
        {
            "score": 100,
            "input_name": "3.in",
            "output_name": "3.out"
        },
        {
            "score": 100,
            "input_name": "4.in",
            "output_name": "4.out"
        },
        {
            "score": 100,
            "input_name": "5.in",
            "output_name": "5.out"
        },
        {
            "score": 100,
            "input_name": "6.in",
            "output_name": "6.out"
        },
        {
            "score": 100,
            "input_name": "7.in",
            "output_name": "7.out"
        }
    ],
    "hint": {
        "format": "html",
        "value": "HINT:\u65f6\u95f4\u9650\u5236\uff1a1.0s  \u5185\u5b58\u9650\u5236\uff1a512.0MB<br />"
    },
    "time_limit": 1000,
    "memory_limit": 512,
    "samples": [
        {
            "input": "\u53c2\u8003\u4e0a\u6587 ",
            "output": "\u53c2\u8003\u4e0a\u6587"
        }
    ],
    "template": {},
    "spj": null,
    "rule_type": "ACM",
    "source": "\u84dd\u6865\u676f\u7ec3\u4e60\u7cfb\u7edf ID: 144 \u539f\u9898\u94fe\u63a5: http://lx.lanqiao.cn/problem.page?gpid=T144",
    "answers": []
}