{
    "display_id": "old1121",
    "title": "\u7b97\u6cd5\u63d0\u9ad8 \u5b9e\u6570\u76f8\u52a0",
    "description": {
        "format": "html",
        "value": "<br />\u3000\u3000\u8ba1\u7b97\u4e24\u4e2a\u5b9e\u6570\u76f8\u52a0\u7684\u7ed3\u679c\u3002<br /> \u3000\u3000\u8f93\u5165\u7684\u5b9e\u6570\u6ee1\u8db3\u5982\u4e0b\u8981\u6c42: (1)\u3000\u3000\u5c0f\u6570\u70b9\u524d\u7684\u6574\u6570\u90e8\u5206\u6700\u591a100\u4f4d\uff0c(2) \u5c0f\u6570\u70b9\u540e\u7684\u5c0f\u6570\u90e8\u5206\u6700\u591a100\u4f4d."
    },
    "tags": [
        "\u84dd\u6865\u676f-\u7b97\u6cd5\u63d0\u9ad8"
    ],
    "input_description": {
        "format": "html",
        "value": "\u8f93\u5165\u63cf\u8ff0:<br />\u3000\u3000\u4e24\u884c\u5b57\u7b26\u4e32\uff0c\u6bcf\u884c\u90fd\u662f\u4e00\u4e2a\u5408\u6cd5\u7684\u5b9e\u6570\u3002\u5408\u6cd5\u7684\u610f\u601d\u662f\u6307:\u3000\u3000\u6574\u6570\u90e8\u5206\u7684\u503c\u5982\u679c\u5927\u4e8e\u96f6,\u5219\u6700\u9ad8\u4f4d\u6570\u5b57\u5fc5\u5b9a\u5927\u4e8e\u96f6. \u5982\u679c\u6574\u6570\u90e8\u5206\u7684\u503c\u4e3a\u96f6,\u5219\u6574\u6570\u90e8\u5206\u53ea\u6709\u4e00\u4e2a\u96f6. \u5c0f\u6570\u90e8\u5206\u5c3e\u90e8\u53ef\u4ee5\u6709\u4efb\u610f\u591a\u7684\u96f6. \u53ef\u4ee5\u6ca1\u6709\u5c0f\u6570\u90e8\u5206,\u3000\u3000\u6b64\u65f6\u4e5f\u6ca1\u6709\u5c0f\u6570\u70b9. \u5982\u679c\u6709\u5c0f\u6570\u70b9, \u5219\u81f3\u5c11\u9700\u8981\u6709\u4e00\u4f4d\u5c0f\u6570\u90e8\u5206, \u4e14\u5141\u8bb8\u662f\u96f6. <br />\u8f93\u5165\u6837\u4f8b: <br />"
    },
    "output_description": {
        "format": "html",
        "value": "<br />\u8f93\u51fa\u63cf\u8ff0: <br />\u3000\u3000\u76f8\u52a0\u7ed3\u679c\u3002\u6ce8\u610f: \u5c0f\u6570\u90e8\u5206\u672b\u5c3e\u5982\u679c\u6709\u8fde\u7eed\u76840, \u5219\u5b83\u4eec\u90fd\u662f\u6709\u6548\u6570\u5b57,\u3000\u3000\u4e0d\u80fd\u820d\u53bb. \u5982\u679c\u662f\u4e24\u4e2a\u6574\u6570\u76f8\u52a0, \u5219\u7ed3\u679c\u4ecd\u4e3a\u6574\u6570\u800c\u6ca1\u6709\u5c0f\u6570\u90e8\u5206.<br /> \u8f93\u51fa\u6837\u4f8b: <br />"
    },
    "test_case_score": [
        {
            "score": 100,
            "input_name": "1.in",
            "output_name": "1.out"
        },
        {
            "score": 100,
            "input_name": "2.in",
            "output_name": "2.out"
        },
        {
            "score": 100,
            "input_name": "3.in",
            "output_name": "3.out"
        },
        {
            "score": 100,
            "input_name": "4.in",
            "output_name": "4.out"
        },
        {
            "score": 100,
            "input_name": "5.in",
            "output_name": "5.out"
        }
    ],
    "hint": {
        "format": "html",
        "value": "HINT:\u65f6\u95f4\u9650\u5236\uff1a1.0s  \u5185\u5b58\u9650\u5236\uff1a512.0MB<br />"
    },
    "time_limit": 1000,
    "memory_limit": 512,
    "samples": [
        {
            "input": "\u53c2\u8003\u4e0a\u6587 ",
            "output": "\u53c2\u8003\u4e0a\u6587"
        }
    ],
    "template": {},
    "spj": null,
    "rule_type": "ACM",
    "source": "\u84dd\u6865\u676f\u7ec3\u4e60\u7cfb\u7edf ID: 142 \u539f\u9898\u94fe\u63a5: http://lx.lanqiao.cn/problem.page?gpid=T142",
    "answers": []
}