{
    "display_id": "old1260",
    "title": "\u7b97\u6cd5\u63d0\u9ad8 \u5e08\u5ea7\u64cd\u4f5c\u7cfb\u7edf",
    "description": {
        "format": "html",
        "value": "<br />\u3000\u3000\u5e08\u5ea7\u8fd9\u5929\u5728\u7a0b\u5e8f\u8bbe\u8ba1\u8bfe\u4e0a\u5b66\u4e86\u6307\u9488\u548c\u7ed3\u6784\u4f53\u4ee5\u540e\uff0c\u89c9\u5f97\u81ea\u5df1\u53ef\u4ee5\u8f7b\u677e\u7684\u5199\u51fa\u64cd\u4f5c\u7cfb\u7edf\uff0c\u4e3a\u4e86\u6253\u8d25\u5927\u5fae\u8f6f\u5e1d\u56fd\uff0c\u4ed6\u7ed9\u8fd9\u4e2a\u7cfb\u7edf\u8d77\u4e86\u4e2a\u54cd\u4eae\u7684\u540d\u5b57\u201c\u64cd\u5e08\u5ea7\u7cfb\u7edf\u201d\uff0c\u4f60\u662f\u5e08\u5ea7\u624b\u4e0b\u7684\u9996\u5e2d\u67b6\u6784\u5e08\uff0c\u88ab\u8981\u6c42\u5199\u8fd9\u4e2a\u64cd\u4f5c\u7cfb\u7edf\u7684\u6587\u4ef6\u7cfb\u7edf\u90e8\u5206\uff0c\u8981\u6c42\u5982\u4e0b\uff1a<br /> \u3000\u3000\u8fd9\u4e2a\u6587\u4ef6\u7cfb\u7edf\u6709\u7684\u6240\u6709\u6587\u4ef6\u90fd\u6709\u4e00\u4e2a\u72ec\u4e00\u65e0\u4e8c\u7684\u6587\u4ef6\u540d\uff0c\u9664\u6b64\u4e4b\u5916\u5206\u4e3a\u4e24\u7c7b\u6587\u4ef6\uff0c\u4e00\u7c7b\u6587\u4ef6\u662f\u6570\u636e\u5b58\u50a8\u6587\u4ef6\uff0c\u5b83\u53ef\u4ee5\u5b58\u50a8\u4e00\u4e2a\u5b57\u7b26\u4e32\u4fe1\u606f\uff0c\u53e6\u4e00\u7c7b\u6587\u4ef6\u662f\u5feb\u6377\u65b9\u5f0f\uff0c\u5b83\u4f1a\u6307\u5411\u53e6\u4e00\u4e2a\u6587\u4ef6\uff0c\u6709\u53ef\u80fd\u662f\u6570\u636e\u5757\u4e5f\u6709\u53ef\u80fd\u662f\u5feb\u6377\u65b9\u5f0f\u3002<br /> \u3000\u3000.<br /> \u3000\u3000\u8fd9\u4e2a\u6587\u4ef6\u7cfb\u7edf\u652f\u63013\u6761\u547d\u4ee4\uff1a<br /> \u3000\u30001.\u521b\u5efa\u547d\u4ee4\uff1acreate &lt;FileName&gt; &lt;FileType&gt; &lt;FileInfo&gt;<br /> \u3000\u3000\u8fd9\u4e2a\u547d\u4ee4\u7684\u610f\u601d\u662f\uff0c\u521b\u5efa\u4e00\u4e2a\u6587\u4ef6\u540d\u4e3a&lt;FileName&gt;\uff0c\u6587\u4ef6\u7c7b\u578b\u4e3a&lt;FileType&gt;\uff0c\u6587\u4ef6\u4fe1\u606f\u4e3a&lt;FileInfo&gt;\uff0c\u6587\u4ef6\u7c7b\u578b\u4e3a0\u6216\u80051,0\u8868\u793a\u6570\u636e\u5757\uff0c1\u8868\u793a\u5feb\u6377\u65b9\u5f0f\uff0c\u5982\u679c\u662f\u6570\u636e\u5757\uff0c\u90a3\u4e48&lt;FileInfo&gt;\u8868\u793a\u50a8\u5b58\u7684\u5b57\u7b26\u4e32\uff0c\u5982\u679c\u8fd9\u662f\u4e00\u4e2a\u5feb\u6377\u65b9\u5f0f\uff0c&lt;FileInfo&gt;\u8868\u793a\u6307\u5411\u7684\u6587\u4ef6\u7684\u540d\u79f0\uff0c\u5982\u679c\u5f53\u524d\u5df2\u5b58\u5728\u540d\u4e3a&lt;FileName&gt;\u7684\u6587\u4ef6\uff0c\u5219\u66f4\u65b0\u8fd9\u4e2a\u6587\u4ef6\u7684\u4fe1\u606f\u3002<br /> \u3000\u3000.<br /> \u3000\u30002.\u6253\u5f00\u547d\u4ee4\uff1aopen &lt;FileName&gt;<br /> \u3000\u3000\u8fd9\u4e2a\u547d\u4ee4\u662f\u6253\u5f00\u6587\u4ef6\u540d\u4e3a&lt;FileName&gt;\u7684\u6587\u4ef6\uff0c\u5982\u679c\u8fd9\u662f\u4e00\u4e2a\u5feb\u6377\u65b9\u5f0f\uff0c\u5219\u4f1a\u6253\u5f00\u8fd9\u4e2a\u5feb\u6377\u65b9\u5f0f\u6307\u5411\u7684\u6587\u4ef6\uff0c\u76f4\u5230\u6253\u5f00\u4e00\u4e2a\u6570\u636e\u5757\u65f6\uff0c\u663e\u793a\u8fd9\u4e2a\u6570\u636e\u5757\u50a8\u5b58\u7684\u4fe1\u606f\u5e76\u6362\u884c\u3002<br /> \u3000\u3000.<br /> \u3000\u30003.\u9000\u51fa\u547d\u4ee4\uff1aexit<br /> \u3000\u3000\u5f97\u5230\u8fd9\u4e2a\u547d\u4ee4\u4ee5\u540e\uff0c\u4f60\u7684\u7a0b\u5e8f\u9700\u8981\u5b89\u5168\u7ec8\u6b62\u3002"
    },
    "tags": [
        "\u84dd\u6865\u676f-\u7b97\u6cd5\u63d0\u9ad8"
    ],
    "input_description": {
        "format": "html",
        "value": "\u8f93\u5165\u63cf\u8ff0:<br />\u3000\u3000\u82e5\u5e72\u6761\u547d\u4ee4\u6784\u6210\uff0c\u6700\u540e\u4e00\u6761\u547d\u4ee4\u5fc5\u7136\u4e3aexit\u3002 <br />\u8f93\u5165\u6837\u4f8b: <br />create shizuo 0 lu<br /> create lyf 0 luoyuf<br /> create p1 1 shizuo<br /> open p1<br /> create p2 1 p1<br /> open p2<br /> create p1 1 lyf<br /> open p2<br /> exit"
    },
    "output_description": {
        "format": "html",
        "value": "<br />\u8f93\u51fa\u63cf\u8ff0: <br />\u3000\u3000\u8f93\u51fa\u6bcf\u6b21\u4f7f\u7528open\u547d\u4ee4\u7684\u663e\u793a\u7ed3\u679c\u3002<br /> \u8f93\u51fa\u6837\u4f8b: <br />lu<br /> lu<br /> <br /> luoyuf"
    },
    "test_case_score": [
        {
            "score": 100,
            "input_name": "2.in",
            "output_name": "2.out"
        },
        {
            "score": 100,
            "input_name": "3.in",
            "output_name": "3.out"
        },
        {
            "score": 100,
            "input_name": "4.in",
            "output_name": "4.out"
        },
        {
            "score": 100,
            "input_name": "5.in",
            "output_name": "5.out"
        },
        {
            "score": 100,
            "input_name": "6.in",
            "output_name": "6.out"
        },
        {
            "score": 100,
            "input_name": "7.in",
            "output_name": "7.out"
        },
        {
            "score": 100,
            "input_name": "8.in",
            "output_name": "8.out"
        },
        {
            "score": 100,
            "input_name": "9.in",
            "output_name": "9.out"
        },
        {
            "score": 100,
            "input_name": "10.in",
            "output_name": "10.out"
        }
    ],
    "hint": {
        "format": "html",
        "value": "HINT:\u65f6\u95f4\u9650\u5236\uff1a1.0s  \u5185\u5b58\u9650\u5236\uff1a256.0MB<br />\u3000\u3000\u603b\u547d\u4ee4\u6761\u6570\u4e0d\u8d85\u8fc71000\u6761\u3002<br /> \u3000\u3000\u4fdd\u8bc1&lt;FileName&gt;\uff0c&lt;FileType&gt;\uff0c&lt;FileInfo&gt;\u4e0d\u5305\u542b\u7a7a\u683c\u548c\u4e0d\u5408\u6cd5\u5b57\u7b26\uff0c\u6bcf\u4e2a\u957f\u5ea6\u4e0d\u8d85\u8fc720\u4e2a\u5b57\u7b26\u3002"
    },
    "time_limit": 1000,
    "memory_limit": 512,
    "samples": [
        {
            "input": "\u53c2\u8003\u4e0a\u6587 ",
            "output": "\u53c2\u8003\u4e0a\u6587"
        }
    ],
    "template": {},
    "spj": null,
    "rule_type": "ACM",
    "source": "\u84dd\u6865\u676f\u7ec3\u4e60\u7cfb\u7edf ID: 354 \u539f\u9898\u94fe\u63a5: http://lx.lanqiao.cn/problem.page?gpid=T354",
    "answers": []
}