{
    "display_id": "old1176",
    "title": "\u7b97\u6cd5\u63d0\u9ad8 c++_ch06_02",
    "description": {
        "format": "html",
        "value": "<br />\u3000\u3000\u7f16\u5199\u5e76\u6d4b\u8bd5\u5982\u4e0b\u51fd\u6570\uff1a<br /> \u3000\u3000void Add (int a[], int m, int b[], int n);<br /> \u3000\u3000\u8be5\u51fd\u6570\u5c06\u6570\u7ec4b\u7684\u524dn\u4e2a\u5143\u7d20\u8ffd\u52a0\u5230\u6570\u7ec4a\u7684\u524dm\u4e2a\u5143\u7d20\u540e\uff0c\u5047\u5b9a\u6570\u7ec4a\u5177\u6709\u81f3\u5c11\u5b58\u653em+n\u4e2a\u5143\u7d20\u7684\u7a7a\u95f4\u3002\u4f8b\u5982\uff0c\u5982\u679c\u6570\u7ec4a\u4e3a{22,33,44,55,66,77,88,99}\uff0c\u6570\u7ec4b\u4e3a{20,30,40,50,60,70,80,90}\uff0c\u5219\u8c03\u7528Add(a,5,b,3)\u540e\uff0c\u5c06\u628a\u6570\u7ec4a\u53d8\u4e3a{22,33,44,55,66,20,30,40}\u3002\u6ce8\u610f\u6570\u7ec4b\u5e76\u6ca1\u6709\u6539\u53d8\uff0c\u800c\u4e14\u6570\u7ec4a\u4e2d\u53ea\u9700\u6539\u53d8n\u4e2a\u5143\u7d20\u3002"
    },
    "tags": [
        "\u84dd\u6865\u676f-\u7b97\u6cd5\u63d0\u9ad8"
    ],
    "input_description": {
        "format": "html",
        "value": "\u8f93\u5165\u63cf\u8ff0:<br />\u3000\u3000\u8f93\u5165\uff1a4\u884c\u3002\u7b2c\u4e00\u884c\u4e3a\u4e24\u4e2a\u6574\u6570\uff1am\uff0cn\uff0c\u5e76\u4ee5\u7a7a\u683c\u9694\u5f00\uff0c\u5206\u522b\u8868\u793a\u5c06\u8981\u8f93\u5165\u7684\u6570\u7ec4a\u548c\u6570\u7ec4b\u7684\u5143\u7d20\u7684\u4e2a\u6570\u3002\u7b2c\u4e8c\u884c\u4e3am\u4e2a\u6574\u6570\uff0c\u4e3a\u6570\u7ec4a\u7684\u5143\u7d20\uff1b\u7b2c\u4e09\u884c\u4e3an\u4e2a\u6574\u6570\uff0c\u4e3a\u6570\u7ec4b\u7684\u5143\u7d20\u3002\u7b2c\u56db\u884c\u4e3a\u4e24\u4e2a\u6574\u6570m1\uff0cn1\uff0c\u8868\u793a\u628a\u6570\u7ec4b\u7684\u524dn1\u4e2a\u5143\u7d20\u8ffd\u52a0\u5230\u6570\u7ec4a\u7684\u524dm1\u4e2a\u5143\u7d20\u540e\u3002<br /> \u3000\u3000\u8f93\u51fa\uff1a1\u884c\u3002\u7b2c\u4e00\u884c\u4e3a\u6700\u540e\u6570\u7ec4a\u4e2d\u7684\u5143\u7d20\uff0c\u4e24\u4e2a\u5143\u7d20\u4e4b\u95f4\u4ee5\u9017\u53f7\u9694\u5f00\u3002\u6700\u540e\u4e00\u4e2a\u5143\u7d20\u8f93\u51fa\u540e\uff0c\u8f93\u51fa\u4e00\u4e2a\u7a7a\u884c\u3002 <br />\u8f93\u5165\u6837\u4f8b: <br />"
    },
    "output_description": {
        "format": "html",
        "value": "<br />\u8f93\u51fa\u63cf\u8ff0: <br />\u3000\u3000#include &lt;cassert&gt;<br /> \u3000\u3000#include &lt;iostream&gt;<br /> \u3000\u3000using namespace std;<br /> <br /> \u3000\u3000void Disp(int a[], int n)<br /> \u3000\u3000{<br /> \u3000\u3000for (int i=0; i&lt;n-1; i++)<br /> \u3000\u3000cout &lt;&lt; a[i] &lt;&lt; &quot;, &quot;;<br /> \u3000\u3000cout &lt;&lt; a[n-1] &lt;&lt; endl;<br /> \u3000\u3000}<br /> <br /> \u3000\u3000void Add(int a[], int m, int b[], int n)<br /> \u3000\u3000{<br /> \u3000\u3000//...\u8bf7\u8865\u5145\u5b8c\u6574<br /> \u3000\u3000}<br /> <br /> \u3000\u3000int main()<br /> \u3000\u3000{<br /> \u3000\u3000int* a = NULL;<br /> \u3000\u3000int* b = NULL;<br /> \u3000\u3000int i = 0;<br /> \u3000\u3000int m, n;<br /> \u3000\u3000cin &gt;&gt; m &gt;&gt; n;<br /> \u3000\u3000a = new int[m + n];<br /> \u3000\u3000b = new int[n];<br /> \u3000\u3000for(i = 0; i &lt; m; i++)<br /> \u3000\u3000cin &gt;&gt; a[i];<br /> \u3000\u3000for(i = 0; i &lt; n; i++)<br /> \u3000\u3000cin &gt;&gt; b[i];<br /> <br /> \u3000\u3000int m1, n1;<br /> \u3000\u3000cin &gt;&gt; m1 &gt;&gt; n1;<br /> <br /> \u3000\u3000//   \u8bf7\u8865\u5145\u5b8c\u6574<br /> <br /> <br /> \u3000\u3000return 0;<br /> \u3000\u3000}<br /> \u8f93\u51fa\u6837\u4f8b: <br />"
    },
    "test_case_score": [
        {
            "score": 100,
            "input_name": "1.in",
            "output_name": "1.out"
        },
        {
            "score": 100,
            "input_name": "2.in",
            "output_name": "2.out"
        },
        {
            "score": 100,
            "input_name": "3.in",
            "output_name": "3.out"
        },
        {
            "score": 100,
            "input_name": "4.in",
            "output_name": "4.out"
        },
        {
            "score": 100,
            "input_name": "5.in",
            "output_name": "5.out"
        },
        {
            "score": 100,
            "input_name": "6.in",
            "output_name": "6.out"
        },
        {
            "score": 100,
            "input_name": "7.in",
            "output_name": "7.out"
        },
        {
            "score": 100,
            "input_name": "8.in",
            "output_name": "8.out"
        },
        {
            "score": 100,
            "input_name": "9.in",
            "output_name": "9.out"
        },
        {
            "score": 100,
            "input_name": "10.in",
            "output_name": "10.out"
        }
    ],
    "hint": {
        "format": "html",
        "value": "HINT:\u65f6\u95f4\u9650\u5236\uff1a1.0s  \u5185\u5b58\u9650\u5236\uff1a512.0MB<br />"
    },
    "time_limit": 1000,
    "memory_limit": 512,
    "samples": [
        {
            "input": "\u53c2\u8003\u4e0a\u6587 ",
            "output": "\u53c2\u8003\u4e0a\u6587"
        }
    ],
    "template": {},
    "spj": null,
    "rule_type": "ACM",
    "source": "\u84dd\u6865\u676f\u7ec3\u4e60\u7cfb\u7edf ID: 241 \u539f\u9898\u94fe\u63a5: http://lx.lanqiao.cn/problem.page?gpid=T241",
    "answers": []
}