{
    "display_id": "old1225",
    "title": "\u7b97\u6cd5\u63d0\u9ad8 \u6570\u7684\u5212\u5206",
    "description": {
        "format": "html",
        "value": "<br />\u3000\u3000\u4e00\u4e2a\u6b63\u6574\u6570\u53ef\u4ee5\u5212\u5206\u4e3a\u591a\u4e2a\u6b63\u6574\u6570\u7684\u548c\uff0c\u6bd4\u5982n=3\u65f6\uff1a<br /> \u3000\u30003\uff1b1\uff0b2\uff1b1\uff0b1\uff0b1\uff1b<br /> \u3000\u3000\u5171\u6709\u4e09\u79cd\u5212\u5206\u65b9\u6cd5\u3002<br /> \u3000\u3000\u7ed9\u51fa\u4e00\u4e2a\u6b63\u6574\u6570\uff0c\u95ee\u6709\u591a\u5c11\u79cd\u5212\u5206\u65b9\u6cd5\u3002"
    },
    "tags": [
        "\u84dd\u6865\u676f-\u7b97\u6cd5\u63d0\u9ad8"
    ],
    "input_description": {
        "format": "html",
        "value": "\u8f93\u5165\u63cf\u8ff0:<br />\u3000\u3000\u4e00\u4e2a\u6b63\u6574\u6570n <br />\u8f93\u5165\u6837\u4f8b: <br />3"
    },
    "output_description": {
        "format": "html",
        "value": "<br />\u8f93\u51fa\u63cf\u8ff0: <br />\u3000\u3000\u4e00\u4e2a\u6b63\u6574\u6570\uff0c\u8868\u793a\u5212\u5206\u65b9\u6848\u6570<br /> \u8f93\u51fa\u6837\u4f8b: <br />3"
    },
    "test_case_score": [
        {
            "score": 100,
            "input_name": "1.in",
            "output_name": "1.out"
        },
        {
            "score": 100,
            "input_name": "2.in",
            "output_name": "2.out"
        },
        {
            "score": 100,
            "input_name": "3.in",
            "output_name": "3.out"
        },
        {
            "score": 100,
            "input_name": "4.in",
            "output_name": "4.out"
        },
        {
            "score": 100,
            "input_name": "5.in",
            "output_name": "5.out"
        },
        {
            "score": 100,
            "input_name": "6.in",
            "output_name": "6.out"
        },
        {
            "score": 100,
            "input_name": "7.in",
            "output_name": "7.out"
        },
        {
            "score": 100,
            "input_name": "8.in",
            "output_name": "8.out"
        },
        {
            "score": 100,
            "input_name": "9.in",
            "output_name": "9.out"
        },
        {
            "score": 100,
            "input_name": "10.in",
            "output_name": "10.out"
        }
    ],
    "hint": {
        "format": "html",
        "value": "HINT:\u65f6\u95f4\u9650\u5236\uff1a1.0s  \u5185\u5b58\u9650\u5236\uff1a256.0MB<br />\u3000\u3000n&lt;=100"
    },
    "time_limit": 1000,
    "memory_limit": 512,
    "samples": [
        {
            "input": "\u53c2\u8003\u4e0a\u6587 ",
            "output": "\u53c2\u8003\u4e0a\u6587"
        }
    ],
    "template": {},
    "spj": null,
    "rule_type": "ACM",
    "source": "\u84dd\u6865\u676f\u7ec3\u4e60\u7cfb\u7edf ID: 304 \u539f\u9898\u94fe\u63a5: http://lx.lanqiao.cn/problem.page?gpid=T304",
    "answers": []
}