{
    "display_id": "sai_6_1",
    "title": "\u7b54\u6848\u586b\u7a7a\uff1a\u6362\u96f6\u949e",
    "description": {
        "format": "html",
        "value": "<p><span style=\"color: rgb(77, 77, 77);\">x\u661f\u7403\u7684\u949e\u7968\u7684\u9762\u989d\u53ea\u6709\uff1a100\u5143\uff0c5\u5143\uff0c2\u5143\uff0c1\u5143\uff0c\u51714\u79cd\u3002</span></p><p><span style=\"color: rgb(77, 77, 77);\">\u5c0f\u660e\u53bbx\u661f\u65c5\u6e38\uff0c\u4ed6\u624b\u91cc\u53ea\u67092\u5f20100\u5143\u7684x\u661f\u5e01\uff0c\u592a\u4e0d\u65b9\u4fbf\uff0c\u6070\u597d\u8def\u8fc7x\u661f\u94f6\u884c\u5c31\u53bb\u6362\u96f6\u94b1\u3002</span></p><p><span style=\"color: rgb(77, 77, 77);\">\u5c0f\u660e\u6709\u70b9\u5f3a\u8feb\u75c7\uff0c\u4ed6\u575a\u6301\u8981\u6c42200\u5143\u6362\u51fa\u7684\u96f6\u949e\u4e2d2\u5143\u7684\u5f20\u6570\u521a\u597d\u662f1\u5143\u7684\u5f20\u6570\u768410\u500d\uff0c</span></p><p><span style=\"color: rgb(77, 77, 77);\">\u5269\u4e0b\u7684\u5f53\u7136\u90fd\u662f5\u5143\u9762\u989d\u7684\u3002</span></p><p><span style=\"color: rgb(77, 77, 77);\">\u94f6\u884c\u7684\u5de5\u4f5c\u4eba\u5458\u6709\u70b9\u4e3a\u96be\uff0c\u4f60\u80fd\u5e2e\u52a9\u7b97\u51fa\uff1a\u5728\u6ee1\u8db3\u5c0f\u660e\u8981\u6c42\u7684\u524d\u63d0\u4e0b\uff0c\u6700\u5c11\u8981\u6362\u7ed9\u4ed6\u591a\u5c11\u5f20\u949e\u7968\u5417\uff1f</span></p><p><span style=\"color: rgb(77, 77, 77);\">\uff085\u5143\uff0c2\u5143\uff0c1\u5143\u9762\u989d\u7684\u5fc5\u987b\u90fd\u6709\uff0c\u4e0d\u80fd\u662f0\uff09</span></p>"
    },
    "tags": [
        "2018\u84dd\u6865\u676f\u56fd\u8d5b"
    ],
    "input_description": {
        "format": "html",
        "value": "<p>\u65e0</p>"
    },
    "output_description": {
        "format": "html",
        "value": "<p><span style=\"color: rgb(77, 77, 77);\">\u6ce8\u610f\uff0c\u9700\u8981\u63d0\u4ea4\u7684\u662f\u4e00\u4e2a\u6574\u6570\uff0c\u4e0d\u8981\u586b\u5199\u4efb\u4f55\u591a\u4f59\u7684\u5185\u5bb9\u3002</span><br /></p>"
    },
    "test_case_score": [
        {
            "score": 11,
            "input_name": "1.in",
            "output_name": "1.out"
        }
    ],
    "hint": {
        "format": "html",
        "value": "<p><span style=\"color: rgb(77, 77, 77);\">\u6ce8\u610f\uff0c\u9700\u8981\u63d0\u4ea4\u7684\u662f\u4e00\u4e2a\u6574\u6570\uff0c\u4e0d\u8981\u586b\u5199\u4efb\u4f55\u591a\u4f59\u7684\u5185\u5bb9\u3002</span><br /></p>"
    },
    "time_limit": 1000,
    "memory_limit": 256,
    "samples": [
        {
            "input": "\u65e0",
            "output": "\u65e0"
        }
    ],
    "template": {},
    "spj": null,
    "rule_type": "OI",
    "source": "2018\u5e74\u7b2c\u4e5d\u5c4a\u84dd\u6865\u676fc/c++B\u7ec4\u56fd\u8d5b\u51b3\u8d5b\u771f\u9898\u9898\u76ee",
    "answers": [
        {
            "language": "Python3",
            "code": "print(74)"
        }
    ]
}