{
    "display_id": "old1088",
    "title": "\u7b97\u6cd5\u8bad\u7ec3 Car\u7684\u65c5\u884c\u8def\u7ebf",
    "description": {
        "format": "html",
        "value": "<br />\u3000\u3000\u53c8\u5230\u6691\u5047\u4e86\uff0c\u4f4f\u5728\u57ce\u5e02A\u7684Car\u60f3\u548c\u670b\u53cb\u4e00\u8d77\u53bb\u57ce\u5e02B\u65c5\u6e38\u3002\u5979\u77e5\u9053\u6bcf\u4e2a\u57ce\u5e02\u90fd\u6709\u56db\u4e2a\u98de\u673a\u573a\uff0c\u5206\u522b\u4f4d\u4e8e\u4e00\u4e2a\u77e9\u5f62\u7684\u56db\u4e2a\u9876\u70b9\u4e0a\uff0c\u540c\u4e00\u4e2a\u57ce\u5e02\u4e2d\u4e24\u4e2a\u673a\u573a\u4e4b\u95f4\u6709\u4e00 \u6761\u7b14\u76f4\u7684\u9ad8\u901f\u94c1\u8def\uff0c\u7b2cI\u4e2a\u57ce\u5e02\u4e2d\u9ad8\u901f\u94c1\u8def\u4e86\u7684\u5355\u4f4d\u91cc\u7a0b\u4ef7\u683c\u4e3aTi\uff0c\u4efb\u610f\u4e24\u4e2a\u4e0d\u540c\u57ce\u5e02\u7684\u673a\u573a\u4e4b\u95f4\u5747\u6709\u822a\u7ebf\uff0c\u6240\u6709\u822a\u7ebf\u5355\u4f4d\u91cc\u7a0b\u7684\u4ef7\u683c\u5747\u4e3at\u3002<br /> \u3000\u3000\u90a3\u4e48Car\u5e94\u5982\u4f55\u5b89\u6392\u5230\u57ce\u5e02B\u7684\u8def\u7ebf\u624d\u80fd\u5c3d\u53ef\u80fd\u7684\u8282\u7701\u82b1\u8d39\u5462?\u5979\u53d1\u73b0\u8fd9\u5e76\u4e0d\u662f\u4e00\u4e2a\u7b80\u5355\u7684\u95ee\u9898\uff0c\u4e8e\u662f\u5979\u6765\u5411\u4f60\u8bf7\u6559\u3002<br /> \u3000\u3000\u627e\u51fa\u4e00\u6761\u4ece\u57ce\u5e02A\u5230B\u7684\u65c5\u6e38\u8def\u7ebf\uff0c\u51fa\u53d1\u548c\u5230\u8fbe\u57ce\u5e02\u4e2d\u7684\u673a\u573a\u53ef\u4ee5\u4efb\u610f\u9009\u53d6\uff0c\u8981\u6c42\u603b\u7684\u82b1\u8d39\u6700\u5c11\u3002"
    },
    "tags": [
        "\u84dd\u6865\u676f-\u7b97\u6cd5\u8bad\u7ec3"
    ],
    "input_description": {
        "format": "html",
        "value": "\u8f93\u5165\u63cf\u8ff0:<br />\u3000\u3000\u7684\u7b2c\u4e00\u884c\u6709\u56db\u4e2a\u6b63\u6574\u6570s\uff0ct\uff0cA\uff0cB\u3002<br /> \u3000\u3000S\u8868\u793a\u57ce\u5e02\u7684\u4e2a\u6570\uff0ct\u8868\u793a\u98de\u673a\u5355\u4f4d\u91cc\u7a0b\u7684\u4ef7\u683c\uff0cA\uff0cB\u5206\u522b\u4e3a\u57ce\u5e02A\uff0cB\u7684\u5e8f\u53f7\uff0c(1&lt;=A\uff0cB&lt;=S)\u3002<br /> \u3000\u3000\u63a5\u4e0b\u6765\u6709S\u884c\uff0c\u5176\u4e2d\u7b2cI\u884c\u5747\u67097\u4e2a\u6b63\u6574\u6570xi1\uff0cyi1\uff0cxi2\uff0cyi2\uff0cxi3\uff0cyi3\uff0cTi\uff0c\u8fd9\u5f53\u4e2d\u7684(xi1\uff0cyi1)\uff0c(xi2\uff0cyi2)\uff0c(xi3\uff0cyi3)\u5206\u522b\u662f\u7b2cI\u4e2a\u57ce\u5e02\u4e2d\u4efb\u610f\u4e09\u4e2a\u673a\u573a\u7684\u5750\u6807\uff0cT        I\u4e3a\u7b2cI\u4e2a\u57ce\u5e02\u9ad8\u901f\u94c1\u8def\u5355\u4f4d\u91cc\u7a0b\u7684\u4ef7\u683c\u3002 <br />\u8f93\u5165\u6837\u4f8b: <br />1<br /> 1 10 1 3<br /> 1 1 1 3 3 1 30<br /> 2 5 7 4 5 2        1<br /> 8 6 8 8 11 6 3"
    },
    "output_description": {
        "format": "html",
        "value": "<br />\u8f93\u51fa\u63cf\u8ff0: <br />\u3000\u3000\u5171\u6709n\u884c\uff0c\u6bcf\u884c\u4e00\u4e2a\u6570\u636e\u5bf9\u5e94\u6d4b\u8bd5\u6570\u636e\uff0c\u4fdd\u7559\u4e00\u4f4d\u5c0f\u6570\u3002<br /> \u8f93\u51fa\u6837\u4f8b: <br />47.55"
    },
    "test_case_score": [
        {
            "score": 100,
            "input_name": "1.in",
            "output_name": "1.out"
        },
        {
            "score": 100,
            "input_name": "2.in",
            "output_name": "2.out"
        },
        {
            "score": 100,
            "input_name": "3.in",
            "output_name": "3.out"
        },
        {
            "score": 100,
            "input_name": "4.in",
            "output_name": "4.out"
        },
        {
            "score": 100,
            "input_name": "5.in",
            "output_name": "5.out"
        }
    ],
    "hint": {
        "format": "html",
        "value": "HINT:\u65f6\u95f4\u9650\u5236\uff1a1.0s  \u5185\u5b58\u9650\u5236\uff1a256.0MB<br />\u3000\u30000&lt;S&lt;=100\uff0c"
    },
    "time_limit": 1000,
    "memory_limit": 512,
    "samples": [
        {
            "input": "\u53c2\u8003\u4e0a\u6587 ",
            "output": "\u53c2\u8003\u4e0a\u6587"
        }
    ],
    "template": {},
    "spj": null,
    "rule_type": "ACM",
    "source": "\u84dd\u6865\u676f\u7ec3\u4e60\u7cfb\u7edf ID: 87 \u539f\u9898\u94fe\u63a5: http://lx.lanqiao.cn/problem.page?gpid=T87",
    "answers": []
}