{
    "display_id": "old1035",
    "title": "\u5386\u5c4a\u8bd5\u9898 \u6a2a\u5411\u6253\u5370\u4e8c\u53c9\u6811",
    "description": {
        "format": "html",
        "value": "<br />  <p>\u4e8c\u53c9\u6811\u53ef\u4ee5\u7528\u4e8e\u6392\u5e8f\u3002\u5176\u539f\u7406\u5f88\u7b80\u5355\uff1a\u5bf9\u4e8e\u4e00\u4e2a\u6392\u5e8f\u4e8c\u53c9\u6811\u6dfb\u52a0\u65b0\u8282\u70b9\u65f6\uff0c\u5148\u4e0e\u6839\u8282\u70b9\u6bd4\u8f83\uff0c\u82e5\u5c0f\u5219\u4ea4\u7ed9\u5de6\u5b50\u6811\u7ee7\u7eed\u5904\u7406\uff0c\u5426\u5219\u4ea4\u7ed9\u53f3\u5b50\u6811\u3002</p> <p>\u5f53\u9047\u5230\u7a7a\u5b50\u6811\u65f6\uff0c\u5219\u628a\u8be5\u8282\u70b9\u653e\u5165\u90a3\u4e2a\u4f4d\u7f6e\u3002 </p> <p>\u6bd4\u5982\uff0c10 8 5 7 12 4 \u7684\u8f93\u5165\u987a\u5e8f\uff0c\u5e94\u8be5\u5efa\u6210\u4e8c\u53c9\u6811\u5982\u4e0b\u56fe\u6240\u793a\uff0c\u5176\u4e2d.\u8868\u793a\u7a7a\u767d\u3002</p>   ...|-12<br /> 10-|<br /> ...|-8-|<br /> .......|...|-7<br /> .......|-5-|<br /> ...........|-4  <p>\u672c\u9898\u76ee\u8981\u6c42\uff1a\u6839\u636e\u5df2\u77e5\u7684\u6570\u5b57\uff0c\u5efa\u7acb\u6392\u5e8f\u4e8c\u53c9\u6811\uff0c\u5e76\u5728\u6807\u51c6\u8f93\u51fa\u4e2d\u6a2a\u5411\u6253\u5370\u8be5\u4e8c\u53c9\u6811\u3002 </p>  "
    },
    "tags": [
        "\u84dd\u6865\u676f-\u5386\u5c4a\u8bd5\u9898"
    ],
    "input_description": {
        "format": "html",
        "value": "\u8f93\u5165\u63cf\u8ff0:<br />  <p>\u8f93\u5165\u6570\u636e\u4e3a\u4e00\u884c\u7a7a\u683c\u5206\u5f00\u7684N\u4e2a\u6574\u6570\u3002 N&lt;100\uff0c\u6bcf\u4e2a\u6570\u5b57\u4e0d\u8d85\u8fc710000\u3002</p> <p>\u8f93\u5165\u6570\u636e\u4e2d\u6ca1\u6709\u91cd\u590d\u7684\u6570\u5b57\u3002 </p>   <br />\u8f93\u5165\u6837\u4f8b: <br /> ...|-12<br /> 10-|<br /> ...|-8-|<br /> .......|...|-7<br /> .......|-5-|<br /> ...........|-4 "
    },
    "output_description": {
        "format": "html",
        "value": "<br />\u8f93\u51fa\u63cf\u8ff0: <br />  <p>\u8f93\u51fa\u8be5\u6392\u5e8f\u4e8c\u53c9\u6811\u7684\u6a2a\u5411\u8868\u793a\u3002\u4e3a\u4e86\u4fbf\u4e8e\u8bc4\u5377\u7a0b\u5e8f\u6bd4\u5bf9\u7a7a\u683c\u7684\u6570\u76ee\uff0c\u8bf7\u628a\u7a7a\u683c\u7528\u53e5\u70b9\u4ee3\u66ff\uff1a</p>  <br /> \u8f93\u51fa\u6837\u4f8b: <br /> 10 5 20 "
    },
    "test_case_score": [
        {
            "score": 100,
            "input_name": "1.in",
            "output_name": "1.out"
        },
        {
            "score": 100,
            "input_name": "2.in",
            "output_name": "2.out"
        },
        {
            "score": 100,
            "input_name": "3.in",
            "output_name": "3.out"
        },
        {
            "score": 100,
            "input_name": "4.in",
            "output_name": "4.out"
        }
    ],
    "hint": {
        "format": "html",
        "value": "HINT:\u65f6\u95f4\u9650\u5236\uff1a1.0s  \u5185\u5b58\u9650\u5236\uff1a256.0MB<br />"
    },
    "time_limit": 1000,
    "memory_limit": 512,
    "samples": [
        {
            "input": "\u53c2\u8003\u4e0a\u6587 ",
            "output": "\u53c2\u8003\u4e0a\u6587"
        }
    ],
    "template": {},
    "spj": null,
    "rule_type": "ACM",
    "source": "\u84dd\u6865\u676f\u7ec3\u4e60\u7cfb\u7edf ID: 34 \u539f\u9898\u94fe\u63a5: http://lx.lanqiao.cn/problem.page?gpid=T34",
    "answers": []
}