{
    "display_id": "old1212",
    "title": "\u7b97\u6cd5\u63d0\u9ad8 \u5f00\u706f\u6e38\u620f",
    "description": {
        "format": "html",
        "value": "<br />\u3000\u3000\u67099\u76cf\u706f\u4e0e9\u4e2a\u5f00\u5173\uff0c\u7f16\u53f7\u90fd\u662f1~9\u3002<br /> <br /> \u3000\u3000\u6bcf\u4e2a\u5f00\u5173\u80fd\u63a7\u5236\u82e5\u5e72\u76cf\u706f\uff0c\u6309\u4e0b\u4e00\u6b21\u4f1a\u6539\u53d8\u5176\u63a7\u5236\u7684\u706f\u7684\u72b6\u6001(\u4eae\u7684\u53d8\u6210\u4e0d\u4eae\uff0c\u4e0d\u4eae\u53d8\u6210\u4eae\u7684)\u3002<br /> <br /> \u3000\u3000\u5177\u4f53\u5982\u4e0b\uff1a<br /> <br /> \u3000\u3000\u7b2c\u4e00\u4e2a\u5f00\u5173\u63a7\u5236\u7b2c\u4e8c\uff0c\u7b2c\u56db\u76cf\u706f\uff1b<br /> <br /> \u3000\u3000\u7b2c\u4e8c\u4e2a\u5f00\u5173\u63a7\u5236\u7b2c\u4e00\uff0c\u7b2c\u4e09\uff0c\u7b2c\u4e94\u76cf\u706f\uff1b<br /> <br /> \u3000\u3000\u7b2c\u4e09\u4e2a\u5f00\u5173\u63a7\u5236\u7b2c\u4e8c\uff0c\u7b2c\u516d\u76cf\u706f\uff1b<br /> <br /> \u3000\u3000\u7b2c\u56db\u4e2a\u5f00\u5173\u63a7\u5236\u7b2c\u4e00\uff0c\u7b2c\u4e94\uff0c\u7b2c\u4e03\u76cf\u706f\uff1b<br /> <br /> \u3000\u3000\u7b2c\u4e94\u4e2a\u5f00\u5173\u63a7\u5236\u7b2c\u4e8c\uff0c\u7b2c\u56db\uff0c\u7b2c\u516d\uff0c\u7b2c\u516b\u76cf\u706f\uff1b<br /> <br /> \u3000\u3000\u7b2c\u516d\u4e2a\u5f00\u5173\u63a7\u5236\u7b2c\u4e09\uff0c\u7b2c\u4e94\uff0c\u7b2c\u4e5d\u76cf\u706f\uff1b<br /> <br /> \u3000\u3000\u7b2c\u4e03\u4e2a\u5f00\u5173\u63a7\u5236\u7b2c\u56db\uff0c\u7b2c\u516b\u76cf\u706f\uff1b<br /> <br /> \u3000\u3000\u7b2c\u516b\u4e2a\u5f00\u5173\u63a7\u5236\u7b2c\u4e94\uff0c\u7b2c\u4e03\uff0c\u7b2c\u4e5d\u76cf\u706f\uff1b<br /> <br /> \u3000\u3000\u7b2c\u4e5d\u4e2a\u5f00\u5173\u63a7\u5236\u7b2c\u516d\uff0c\u7b2c\u516b\u76cf\u706f\u3002<br /> <br /> \u3000\u3000\u5f00\u59cb\u65f6\u6240\u6709\u706f\u90fd\u662f\u7184\u706d\u7684\uff0c\u5f00\u5173\u662f\u5173\u95ed\u7740\u7684\u3002\u8981\u6c42\u6309\u4e0b\u82e5\u5e72\u5f00\u5173\u540e\uff0c\u4f7f\u5f97\u53ea\u67094\u76cf\u706f\u4eae\u7740\u3002"
    },
    "tags": [
        "\u84dd\u6865\u676f-\u7b97\u6cd5\u63d0\u9ad8"
    ],
    "input_description": {
        "format": "html",
        "value": "\u8f93\u5165\u63cf\u8ff0:<br />\u3000\u3000\u8f93\u51fa\u6240\u6709\u53ef\u80fd\u7684\u65b9\u6848\uff0c\u6bcf\u884c\u4e00\u4e2a\u65b9\u6848\uff0c\u6bcf\u4e00\u884c\u67099\u4e2a\u5b57\u7b26\uff0c\u4ece\u5de6\u5f80\u53f3\u7b2ci\u4e2a\u5b57\u7b26\u8868\u793a\u7b2ci\u4e2a\u5f00\u5173\u7684\u72b6\u6001(&quot;0&quot;\u8868\u793a\u5173\u95ed\uff0c&quot;1&quot;\u8868\u793a\u6253\u5f00)\uff0c\u6309\u5b57\u5178\u5e8f\u8f93\u51fa\u3002\u4e0b\u9762\u7684\u6837\u4f8b\u8f93\u51fa\u53ea\u662f\u90e8\u5206\u65b9\u6848\u3002 <br />\u8f93\u5165\u6837\u4f8b: <br />000001011<br /> 000001110<br /> 000001111"
    },
    "output_description": {
        "format": "html",
        "value": "<br />\u8f93\u51fa\u63cf\u8ff0: <br /><br /> \u8f93\u51fa\u6837\u4f8b: <br />"
    },
    "test_case_score": [
        {
            "score": 100,
            "input_name": "1.in",
            "output_name": "1.out"
        }
    ],
    "hint": {
        "format": "html",
        "value": "HINT:\u65f6\u95f4\u9650\u5236\uff1a1.0s  \u5185\u5b58\u9650\u5236\uff1a256.0MB<br />"
    },
    "time_limit": 1000,
    "memory_limit": 512,
    "samples": [
        {
            "input": "\u53c2\u8003\u4e0a\u6587 ",
            "output": "\u53c2\u8003\u4e0a\u6587"
        }
    ],
    "template": {},
    "spj": null,
    "rule_type": "ACM",
    "source": "\u84dd\u6865\u676f\u7ec3\u4e60\u7cfb\u7edf ID: 283 \u539f\u9898\u94fe\u63a5: http://lx.lanqiao.cn/problem.page?gpid=T283",
    "answers": []
}