{
    "display_id": "old1037",
    "title": "\u5386\u5c4a\u8bd5\u9898 \u7f51\u7edc\u5bfb\u8def",
    "description": {
        "format": "html",
        "value": "<br />  <p>X \u56fd\u7684\u4e00\u4e2a\u7f51\u7edc\u4f7f\u7528\u82e5\u5e72\u6761\u7ebf\u8def\u8fde\u63a5\u82e5\u5e72\u4e2a\u8282\u70b9\u3002\u8282\u70b9\u95f4\u7684\u901a\u4fe1\u662f\u53cc\u5411\u7684\u3002\u67d0\u91cd\u8981\u6570\u636e\u5305\uff0c\u4e3a\u4e86\u5b89\u5168\u8d77\u89c1\uff0c\u5fc5\u987b\u6070\u597d\u88ab\u8f6c\u53d1\u4e24\u6b21\u5230\u8fbe\u76ee\u7684\u5730\u3002\u8be5\u5305\u53ef\u80fd\u5728\u4efb\u610f\u4e00\u4e2a\u8282\u70b9\u4ea7\u751f\uff0c\u6211\u4eec\u9700\u8981\u77e5\u9053\u8be5\u7f51\u7edc\u4e2d\u4e00\u5171\u6709\u591a\u5c11\u79cd\u4e0d\u540c\u7684\u8f6c\u53d1\u8def\u5f84\u3002</p> <p>\u6e90\u5730\u5740\u548c\u76ee\u6807\u5730\u5740\u53ef\u4ee5\u76f8\u540c\uff0c\u4f46\u4e2d\u95f4\u8282\u70b9\u5fc5\u987b\u4e0d\u540c\u3002</p> <p>\u5982\u4e0b\u56fe\u6240\u793a\u7684\u7f51\u7edc\u3002</p> <p><img src=\"/RequireFile.do?fid=JBf444aT\" width=\"502\" height=\"376\" alt=\"\" /></p> <p>1 -&gt; 2 -&gt; 3 -&gt; 1  \u662f\u5141\u8bb8\u7684</p> <p>1 -&gt; 2 -&gt; 1 -&gt; 2 \u6216\u8005 1 -&gt; 2 -&gt; 3 -&gt; 2 \u90fd\u662f\u975e\u6cd5\u7684\u3002</p>  "
    },
    "tags": [
        "\u84dd\u6865\u676f-\u5386\u5c4a\u8bd5\u9898"
    ],
    "input_description": {
        "format": "html",
        "value": "\u8f93\u5165\u63cf\u8ff0:<br />  <p>\u8f93\u5165\u6570\u636e\u7684\u7b2c\u4e00\u884c\u4e3a\u4e24\u4e2a\u6574\u6570N M\uff0c\u5206\u522b\u8868\u793a\u8282\u70b9\u4e2a\u6570\u548c\u8fde\u63a5\u7ebf\u8def\u7684\u6761\u6570(1&lt;=N&lt;=10000; 0&lt;=M&lt;=100000)\u3002</p> <p>\u63a5\u4e0b\u53bb\u6709M\u884c\uff0c\u6bcf\u884c\u4e3a\u4e24\u4e2a\u6574\u6570 u \u548c v\uff0c\u8868\u793a\u8282\u70b9u \u548c v \u8054\u901a(1&lt;=u,v&lt;=N , u!=v)\u3002</p> <p>\u8f93\u5165\u6570\u636e\u4fdd\u8bc1\u4efb\u610f\u4e24\u70b9\u6700\u591a\u53ea\u6709\u4e00\u6761\u8fb9\u8fde\u63a5\uff0c\u5e76\u4e14\u6ca1\u6709\u81ea\u5df1\u8fde\u81ea\u5df1\u7684\u8fb9\uff0c\u5373\u4e0d\u5b58\u5728\u91cd\u8fb9\u548c\u81ea\u73af\u3002</p>   <br />\u8f93\u5165\u6837\u4f8b: <br /> 3 3<br /> 1 2<br /> 2 3<br /> 1 3 "
    },
    "output_description": {
        "format": "html",
        "value": "<br />\u8f93\u51fa\u63cf\u8ff0: <br />      \u8f93\u51fa\u4e00\u4e2a\u6574\u6570\uff0c\u8868\u793a\u6ee1\u8db3\u8981\u6c42\u7684\u8def\u5f84\u6761\u6570\u3002  <br /> \u8f93\u51fa\u6837\u4f8b: <br /> 6 \t"
    },
    "test_case_score": [
        {
            "score": 100,
            "input_name": "1.in",
            "output_name": "1.out"
        },
        {
            "score": 100,
            "input_name": "2.in",
            "output_name": "2.out"
        },
        {
            "score": 100,
            "input_name": "3.in",
            "output_name": "3.out"
        },
        {
            "score": 100,
            "input_name": "4.in",
            "output_name": "4.out"
        },
        {
            "score": 100,
            "input_name": "5.in",
            "output_name": "5.out"
        }
    ],
    "hint": {
        "format": "html",
        "value": "HINT:\u65f6\u95f4\u9650\u5236\uff1a1.0s  \u5185\u5b58\u9650\u5236\uff1a256.0MB<br />"
    },
    "time_limit": 1000,
    "memory_limit": 512,
    "samples": [
        {
            "input": "\u53c2\u8003\u4e0a\u6587 ",
            "output": "\u53c2\u8003\u4e0a\u6587"
        }
    ],
    "template": {},
    "spj": null,
    "rule_type": "ACM",
    "source": "\u84dd\u6865\u676f\u7ec3\u4e60\u7cfb\u7edf ID: 36 \u539f\u9898\u94fe\u63a5: http://lx.lanqiao.cn/problem.page?gpid=T36",
    "answers": []
}