{
    "display_id": "old1247",
    "title": "\u7b97\u6cd5\u63d0\u9ad8 \u9676\u9676\u6458\u82f9\u679c2",
    "description": {
        "format": "html",
        "value": "<br />\u3000\u3000\u9676\u9676\u5bb6\u7684\u9662\u5b50\u91cc\u6709\u4e00\u68f5\u82f9\u679c\u6811\uff0c\u6bcf\u5230\u79cb\u5929\u6811\u4e0a\u5c31\u4f1a\u7ed3\u51fan\u4e2a\u82f9\u679c\u3002\u82f9\u679c\u6210\u719f\u7684\u65f6\u5019\uff0c\u9676\u9676\u5c31\u4f1a\u8dd1\u53bb\u6458\u82f9\u679c\u3002\u9676\u9676\u6709\u4e2a30\u5398\u7c73\u9ad8\u7684\u677f\u51f3\uff0c\u5f53\u5979\u4e0d\u80fd\u76f4\u63a5\u7528\u624b\u6458\u5230\u82f9\u679c\u7684\u65f6\u5019\uff0c\u5c31\u4f1a\u8e29\u5230\u677f\u51f3\u4e0a\u518d\u8bd5\u8bd5\u3002<br /> \u3000\u3000\u73b0\u5728\u5df2\u77e5n\u4e2a\u82f9\u679c\u5230\u5730\u9762\u7684\u9ad8\u5ea6\uff0c\u4ee5\u53ca\u9676\u9676\u628a\u624b\u4f38\u76f4\u7684\u65f6\u5019\u80fd\u591f\u8fbe\u5230\u7684\u6700\u5927\u9ad8\u5ea6\u3002\u5047\u8bbe\u5979\u78b0\u5230\u82f9\u679c\uff0c\u82f9\u679c\u5c31\u4f1a\u6389\u4e0b\u6765\u3002\u8bf7\u5e2e\u9676\u9676\u7b97\u4e00\u4e0b,\u7ecf\u8fc7\u5979\u7684\u6d17\u52ab\u540e\uff0c\u82f9\u679c\u6811\u4e0a\u8fd8\u6709\u51e0\u4e2a\u82f9\u679c\u3002"
    },
    "tags": [
        "\u84dd\u6865\u676f-\u7b97\u6cd5\u63d0\u9ad8"
    ],
    "input_description": {
        "format": "html",
        "value": "\u8f93\u5165\u63cf\u8ff0:<br />\u3000\u3000\u8f93\u5165\u5305\u62ec\u4e24\u884c\u6570\u636e\u3002\u7b2c\u4e00\u884c\u53ea\u5305\u62ec\u4e24\u4e2a\u6b63\u6574\u6570n(5&lt;=n&lt;=200)\u548cm(60&lt;=m&lt;=200),\u8868\u793a\u82f9\u679c\u6570\u76ee\u548c\u6843\u6843\u4f38\u624b\u53ef\u8fbe\u5230\u7684\u9ad8\u5ea6\uff08\u4ee5\u5398\u7c73\u4e3a\u5355\u4f4d\uff09\u3002\u7b2c\u4e8c\u884c\u5305\u542bn\u4e2a100\u5230200\u4e4b\u95f4\uff08\u5305\u62ec100\u548c200\uff09\u7684\u6574\u6570\uff08\u4ee5\u5398\u7c73\u4e3a\u5355\u4f4d\uff09\u5206\u522b\u8868\u793a\u82f9\u679c\u5230\u5730\u9762\u7684\u9ad8\u5ea6\uff0c\u4e24\u4e2a\u76f8\u90bb\u7684\u6574\u6570\u4e4b\u95f4\u7528\u4e00\u4e2a\u7a7a\u683c\u9694\u5f00\u3002 <br />\u8f93\u5165\u6837\u4f8b: <br />10 110<br /> 100 200 150 140 129 134 167 198 200 111"
    },
    "output_description": {
        "format": "html",
        "value": "<br />\u8f93\u51fa\u63cf\u8ff0: <br />\u3000\u3000\u8f93\u51fa\u5305\u62ec\u4e00\u884c\uff0c\u8fd9\u4e00\u884c\u53ea\u5305\u542b\u4e00\u4e2a\u6574\u6570\uff0c\u8868\u793a\u9676\u9676\u4e0d\u80fd\u591f\u6458\u5230\u7684\u82f9\u679c\u7684\u6570\u76ee\u3002<br /> \u8f93\u51fa\u6837\u4f8b: <br />5<br /> "
    },
    "test_case_score": [
        {
            "score": 100,
            "input_name": "1.in",
            "output_name": "1.out"
        },
        {
            "score": 100,
            "input_name": "2.in",
            "output_name": "2.out"
        },
        {
            "score": 100,
            "input_name": "3.in",
            "output_name": "3.out"
        },
        {
            "score": 100,
            "input_name": "4.in",
            "output_name": "4.out"
        },
        {
            "score": 100,
            "input_name": "5.in",
            "output_name": "5.out"
        },
        {
            "score": 100,
            "input_name": "6.in",
            "output_name": "6.out"
        },
        {
            "score": 100,
            "input_name": "7.in",
            "output_name": "7.out"
        },
        {
            "score": 100,
            "input_name": "8.in",
            "output_name": "8.out"
        },
        {
            "score": 100,
            "input_name": "9.in",
            "output_name": "9.out"
        },
        {
            "score": 100,
            "input_name": "10.in",
            "output_name": "10.out"
        }
    ],
    "hint": {
        "format": "html",
        "value": "HINT:\u65f6\u95f4\u9650\u5236\uff1a1.0s  \u5185\u5b58\u9650\u5236\uff1a256.0MB<br />"
    },
    "time_limit": 1000,
    "memory_limit": 512,
    "samples": [
        {
            "input": "\u53c2\u8003\u4e0a\u6587 ",
            "output": "\u53c2\u8003\u4e0a\u6587"
        }
    ],
    "template": {},
    "spj": null,
    "rule_type": "ACM",
    "source": "\u84dd\u6865\u676f\u7ec3\u4e60\u7cfb\u7edf ID: 337 \u539f\u9898\u94fe\u63a5: http://lx.lanqiao.cn/problem.page?gpid=T337",
    "answers": []
}