{
    "display_id": "sai_5_8_oi",
    "title": "\u6392\u5217\u6570",
    "description": {
        "format": "html",
        "value": "<p><img alt=\"\u6392\u5217\u6570.png\" src=\"/public/upload/b02d117dc2.png\" width=\"642\" height=\"551\" /><br /></p>"
    },
    "tags": [
        "2019\u84dd\u6865\u676f\u56fd\u8d5b"
    ],
    "input_description": {
        "format": "html",
        "value": "<p>\u89c1\u4e0a</p>"
    },
    "output_description": {
        "format": "html",
        "value": "<p>\u89c1\u4e0a</p>"
    },
    "test_case_score": [
        {
            "score": 2,
            "input_name": "1.in",
            "output_name": "1.out"
        },
        {
            "score": 2,
            "input_name": "2.in",
            "output_name": "2.out"
        },
        {
            "score": 2,
            "input_name": "3.in",
            "output_name": "3.out"
        },
        {
            "score": 2,
            "input_name": "4.in",
            "output_name": "4.out"
        },
        {
            "score": 2,
            "input_name": "5.in",
            "output_name": "5.out"
        },
        {
            "score": 2,
            "input_name": "6.in",
            "output_name": "6.out"
        },
        {
            "score": 2,
            "input_name": "7.in",
            "output_name": "7.out"
        },
        {
            "score": 2,
            "input_name": "8.in",
            "output_name": "8.out"
        },
        {
            "score": 2,
            "input_name": "9.in",
            "output_name": "9.out"
        },
        {
            "score": 2,
            "input_name": "10.in",
            "output_name": "10.out"
        }
    ],
    "hint": {
        "format": "html",
        "value": ""
    },
    "time_limit": 1000,
    "memory_limit": 256,
    "samples": [
        {
            "input": "\u89c1\u4e0a",
            "output": "\u89c1\u4e0a"
        }
    ],
    "template": {},
    "spj": null,
    "rule_type": "OI",
    "source": "2019\u5e74\u7b2c\u5341\u5c4a\u84dd\u6865\u676fc/c++B\u7ec4\u56fd\u8d5b\u51b3\u8d5b\u771f\u9898\u9898\u76ee",
    "answers": []
}