{
    "display_id": "old1017",
    "title": "\u7b97\u6cd5\u8bad\u7ec3 \u5b89\u6170\u5976\u725b",
    "description": {
        "format": "html",
        "value": "<br /> \t<p>Farmer John\u53d8\u5f97\u975e\u5e38\u61d2\uff0c\u4ed6\u4e0d\u60f3\u518d\u7ee7\u7eed\u7ef4\u62a4\u4f9b\u5976\u725b\u4e4b\u95f4\u4f9b\u901a\u884c\u7684\u9053\u8def\u3002\u9053\u8def\u88ab\u7528\u6765\u8fde\u63a5N\u4e2a\u7267\u573a\uff0c\u7267\u573a\u88ab\u8fde\u7eed\u5730\u7f16\u53f7\u4e3a1\u5230N\u3002\u6bcf\u4e00\u4e2a\u7267\u573a\u90fd\u662f\u4e00\u4e2a\u5976\u725b\u7684\u5bb6\u3002FJ\u8ba1\u5212\u9664\u53bbP\u6761\u9053\u8def\u4e2d\u5c3d\u53ef\u80fd\u591a\u7684\u9053\u8def\uff0c\u4f46\u662f\u8fd8\u8981\u4fdd\u6301\u7267\u573a\u4e4b\u95f4 \u7684\u8fde\u901a\u6027\u3002\u4f60\u9996\u5148\u8981\u51b3\u5b9a\u90a3\u4e9b\u9053\u8def\u662f\u9700\u8981\u4fdd\u7559\u7684N-1\u6761\u9053\u8def\u3002\u7b2cj\u6761\u53cc\u5411\u9053\u8def\u8fde\u63a5\u4e86\u7267\u573aS<sub>j</sub>\u548cE<sub>j</sub>(1 &lt;= S<sub>j</sub> &lt;= N; 1 &lt;= E<sub>j</sub> &lt;= N; S<sub>j</sub> != E<sub>j</sub>)\uff0c\u800c\u4e14\u8d70\u5b8c\u5b83\u9700\u8981L<sub>j</sub>\u7684\u65f6\u95f4\u3002\u6ca1\u6709\u4e24\u4e2a\u7267\u573a\u662f\u88ab\u4e00\u6761\u4ee5\u4e0a\u7684\u9053\u8def\u6240\u8fde\u63a5\u3002\u5976\u725b\u4eec\u975e\u5e38\u4f24\u5fc3\uff0c\u56e0\u4e3a\u5979\u4eec\u7684\u4ea4\u901a\u7cfb\u7edf\u88ab\u524a\u51cf\u4e86\u3002\u4f60\u9700\u8981\u5230\u6bcf\u4e00\u4e2a\u5976\u725b\u7684\u4f4f\u5904\u53bb\u5b89\u6170\u5979\u4eec\u3002\u6bcf\u6b21\u4f60\u5230\u8fbe\u7b2ci\u4e2a\u7267\u573a\u7684\u65f6\u5019(\u5373\u4f7f\u4f60\u5df2\u7ecf\u5230\u8fc7)\uff0c\u4f60\u5fc5\u987b\u82b1\u53bbC<sub>i</sub>\u7684\u65f6\u95f4\u548c\u5976\u725b\u4ea4\u8c08\u3002\u4f60\u6bcf\u4e2a\u665a\u4e0a\u90fd\u4f1a\u5728\u540c\u4e00\u4e2a\u7267\u573a(\u8fd9\u662f\u4f9b\u4f60\u9009\u62e9\u7684)\u8fc7\u591c\uff0c\u76f4\u5230\u5976\u725b\u4eec\u90fd\u4ece\u60b2\u4f24\u4e2d\u7f13\u8fc7\u795e\u6765\u3002\u5728\u65e9\u4e0a \u8d77\u6765\u548c\u665a\u4e0a\u56de\u53bb\u7761\u89c9\u7684\u65f6\u5019\uff0c\u4f60\u90fd\u9700\u8981\u548c\u5728\u4f60\u7761\u89c9\u7684\u7267\u573a\u7684\u5976\u725b\u4ea4\u8c08\u4e00\u6b21\u3002\u8fd9\u6837\u4f60\u624d\u80fd\u5b8c\u6210\u4f60\u7684 \u4ea4\u8c08\u4efb\u52a1\u3002\u5047\u8bbeFarmer John\u91c7\u7eb3\u4e86\u4f60\u7684\u5efa\u8bae\uff0c\u8bf7\u8ba1\u7b97\u51fa\u4f7f\u6240\u6709\u5976\u725b\u90fd\u88ab\u5b89\u6170\u7684\u6700\u5c11\u65f6\u95f4\u3002</p> "
    },
    "tags": [
        "\u84dd\u6865\u676f-\u7b97\u6cd5\u8bad\u7ec3"
    ],
    "input_description": {
        "format": "html",
        "value": "\u8f93\u5165\u63cf\u8ff0:<br /> \t<p>\u7b2c1\u884c\u5305\u542b\u4e24\u4e2a\u6574\u6570N\u548cP\u3002</p> \t<p>\u63a5\u4e0b\u6765N\u884c\uff0c\u6bcf\u884c\u5305\u542b\u4e00\u4e2a\u6574\u6570C<sub>i</sub>\u3002</p> \t<p>\u63a5\u4e0b\u6765P\u884c\uff0c\u6bcf\u884c\u5305\u542b\u4e09\u4e2a\u6574\u6570S<sub>j</sub>, E<sub>j</sub>\u548cL<sub>j</sub>\u3002</p>  <br />\u8f93\u5165\u6837\u4f8b: <br /> 5 7<br /> 10<br /> 10<br /> 20<br /> 6<br /> 30<br /> 1 2 5<br /> 2 3 5<br /> 2 4 12<br /> 3 4 17<br /> 2 5 15<br /> 3 5 6 "
    },
    "output_description": {
        "format": "html",
        "value": "<br />\u8f93\u51fa\u63cf\u8ff0: <br /> \t\u8f93\u51fa\u4e00\u4e2a\u6574\u6570, \u6240\u9700\u8981\u7684\u603b\u65f6\u95f4(\u5305\u542b\u548c\u5728\u4f60\u6240\u5728\u7684\u7267\u573a\u7684\u5976\u725b\u7684\u4e24\u6b21\u8c08\u8bdd\u65f6\u95f4)\u3002 <br /> \u8f93\u51fa\u6837\u4f8b: <br /> 176 \t"
    },
    "test_case_score": [
        {
            "score": 100,
            "input_name": "1.in",
            "output_name": "1.out"
        },
        {
            "score": 100,
            "input_name": "2.in",
            "output_name": "2.out"
        },
        {
            "score": 100,
            "input_name": "3.in",
            "output_name": "3.out"
        },
        {
            "score": 100,
            "input_name": "4.in",
            "output_name": "4.out"
        },
        {
            "score": 100,
            "input_name": "5.in",
            "output_name": "5.out"
        },
        {
            "score": 100,
            "input_name": "6.in",
            "output_name": "6.out"
        },
        {
            "score": 100,
            "input_name": "7.in",
            "output_name": "7.out"
        },
        {
            "score": 100,
            "input_name": "8.in",
            "output_name": "8.out"
        },
        {
            "score": 100,
            "input_name": "9.in",
            "output_name": "9.out"
        }
    ],
    "hint": {
        "format": "html",
        "value": "HINT:\u65f6\u95f4\u9650\u5236\uff1a1.0s  \u5185\u5b58\u9650\u5236\uff1a256.0MB<br /> <p>5 &lt;= N &lt;= 10000\uff0cN-1 &lt;= P &lt;= 100000\uff0c0 &lt;= L<sub>j</sub> &lt;= 1000\uff0c1 &lt;= C<sub>i</sub> &lt;= 1,000\u3002</p> "
    },
    "time_limit": 1000,
    "memory_limit": 512,
    "samples": [
        {
            "input": "\u53c2\u8003\u4e0a\u6587 ",
            "output": "\u53c2\u8003\u4e0a\u6587"
        }
    ],
    "template": {},
    "spj": null,
    "rule_type": "ACM",
    "source": "\u84dd\u6865\u676f\u7ec3\u4e60\u7cfb\u7edf ID: 16 \u539f\u9898\u94fe\u63a5: http://lx.lanqiao.cn/problem.page?gpid=T16",
    "answers": []
}