{
    "display_id": "old1034",
    "title": "\u5386\u5c4a\u8bd5\u9898 \u5e78\u8fd0\u6570",
    "description": {
        "format": "html",
        "value": "<br />  <p>    \u5e78\u8fd0\u6570\u662f\u6ce2\u5170\u6570\u5b66\u5bb6\u4e4c\u62c9\u59c6\u547d\u540d\u7684\u3002\u5b83\u91c7\u7528\u4e0e\u751f\u6210\u7d20\u6570\u7c7b\u4f3c\u7684\u201c\u7b5b\u6cd5\u201d\u751f\u6210</p>\u3002 <p>    \u9996\u5148\u4ece1\u5f00\u59cb\u5199\u51fa\u81ea\u7136\u65701,2,3,4,5,6,....</p> <p>    1 \u5c31\u662f\u7b2c\u4e00\u4e2a\u5e78\u8fd0\u6570\u3002</p> <p>    \u6211\u4eec\u4ece2\u8fd9\u4e2a\u6570\u5f00\u59cb\u3002\u628a\u6240\u6709\u5e8f\u53f7\u80fd\u88ab2\u6574\u9664\u7684\u9879\u5220\u9664\uff0c\u53d8\u4e3a\uff1a</p> <p>    1 _ 3 _ 5 _ 7 _ 9 ....</p> <p>    \u628a\u5b83\u4eec\u7f29\u7d27\uff0c\u91cd\u65b0\u8bb0\u5e8f\uff0c\u4e3a\uff1a</p>  <p>   1 3 5 7 9 .... \u3002\u8fd9\u65f6\uff0c3\u4e3a\u7b2c2\u4e2a\u5e78\u8fd0\u6570\uff0c\u7136\u540e\u628a\u6240\u6709\u80fd\u88ab3\u6574\u9664\u7684\u5e8f\u53f7\u4f4d\u7f6e\u7684\u6570\u5220\u53bb\u3002\u6ce8\u610f\uff0c\u662f\u5e8f\u53f7\u4f4d\u7f6e\uff0c\u4e0d\u662f\u90a3\u4e2a\u6570\u672c\u8eab\u80fd\u5426\u88ab3\u6574\u9664!! \u5220\u9664\u7684\u5e94\u8be5\u662f5\uff0c11, 17, ...</p> <p>    \u6b64\u65f67\u4e3a\u7b2c3\u4e2a\u5e78\u8fd0\u6570\uff0c\u7136\u540e\u518d\u5220\u53bb\u5e8f\u53f7\u4f4d\u7f6e\u80fd\u88ab7\u6574\u9664\u7684(19,39,...)</p>   <p>   \u6700\u540e\u5269\u4e0b\u7684\u5e8f\u5217\u7c7b\u4f3c\uff1a</p> <p>    1, 3, 7, 9, 13, 15, 21, 25, 31, 33, 37, 43, 49, 51, 63, 67, 69, 73, 75, 79, ...</p>  "
    },
    "tags": [
        "\u84dd\u6865\u676f-\u5386\u5c4a\u8bd5\u9898"
    ],
    "input_description": {
        "format": "html",
        "value": "\u8f93\u5165\u63cf\u8ff0:<br />  \u8f93\u5165\u4e24\u4e2a\u6b63\u6574\u6570m n, \u7528\u7a7a\u683c\u5206\u5f00 (m &lt; n &lt; 1000*1000)   <br />\u8f93\u5165\u6837\u4f8b: <br /> 1 20 "
    },
    "output_description": {
        "format": "html",
        "value": "<br />\u8f93\u51fa\u63cf\u8ff0: <br />  \u7a0b\u5e8f\u8f93\u51fa \u4f4d\u4e8em\u548cn\u4e4b\u95f4\u7684\u5e78\u8fd0\u6570\u7684\u4e2a\u6570\uff08\u4e0d\u5305\u542bm\u548cn\uff09\u3002  <br /> \u8f93\u51fa\u6837\u4f8b: <br /> 5 \t"
    },
    "test_case_score": [
        {
            "score": 100,
            "input_name": "1.in",
            "output_name": "1.out"
        },
        {
            "score": 100,
            "input_name": "2.in",
            "output_name": "2.out"
        },
        {
            "score": 100,
            "input_name": "3.in",
            "output_name": "3.out"
        },
        {
            "score": 100,
            "input_name": "4.in",
            "output_name": "4.out"
        }
    ],
    "hint": {
        "format": "html",
        "value": "HINT:\u65f6\u95f4\u9650\u5236\uff1a1.0s  \u5185\u5b58\u9650\u5236\uff1a256.0MB<br />"
    },
    "time_limit": 1000,
    "memory_limit": 512,
    "samples": [
        {
            "input": "\u53c2\u8003\u4e0a\u6587 ",
            "output": "\u53c2\u8003\u4e0a\u6587"
        }
    ],
    "template": {},
    "spj": null,
    "rule_type": "ACM",
    "source": "\u84dd\u6865\u676f\u7ec3\u4e60\u7cfb\u7edf ID: 33 \u539f\u9898\u94fe\u63a5: http://lx.lanqiao.cn/problem.page?gpid=T33",
    "answers": []
}