{
    "display_id": "old1169",
    "title": "\u7b97\u6cd5\u63d0\u9ad8 \u4e0d\u540c\u5355\u8bcd\u4e2a\u6570\u7edf\u8ba1",
    "description": {
        "format": "html",
        "value": "<br /><b> </b><br /> <b>\u95ee\u9898\u63cf\u8ff0</b><br /> \u3000\u3000\u7f16\u5199\u4e00\u4e2a\u7a0b\u5e8f\uff0c\u8f93\u5165\u4e00\u4e2a\u53e5\u5b50\uff0c\u7136\u540e\u7edf\u8ba1\u51fa\u8fd9\u4e2a\u53e5\u5b50\u5f53\u4e2d\u4e0d\u540c\u7684\u5355\u8bcd\u4e2a\u6570\u3002\u4f8b\u5982\uff1a\u5bf9\u4e8e\u53e5\u5b50\u201cone little two little three little boys\u201d\uff0c\u603b\u5171\u67095\u4e2a\u4e0d\u540c\u7684\u5355\u8bcd\uff1aone, little, two, three, boys\u3002<br /> \u3000\u3000\u8bf4\u660e\uff1a\uff081\uff09\u7531\u4e8e\u53e5\u5b50\u5f53\u4e2d\u5305\u542b\u6709\u7a7a\u683c\uff0c\u6240\u4ee5\u5e94\u8be5\u7528gets\u51fd\u6570\u6765\u8f93\u5165\u8fd9\u4e2a\u53e5\u5b50\uff1b\uff082\uff09\u8f93\u5165\u7684\u53e5\u5b50\u5f53\u4e2d\u53ea\u5305\u542b\u82f1\u6587\u5b57\u7b26\u548c\u7a7a\u683c\uff0c\u5355\u8bcd\u4e4b\u95f4\u7528\u4e00\u4e2a\u7a7a\u683c\u9694\u5f00\uff1b\uff083\uff09\u4e0d\u7528\u8003\u8651\u5355\u8bcd\u7684\u5927\u5c0f\u5199\uff0c\u5047\u8bbe\u8f93\u5165\u7684\u90fd\u662f\u5c0f\u5199\u5b57\u7b26\uff1b\uff084\uff09\u53e5\u5b50\u957f\u5ea6\u4e0d\u8d85\u8fc7100\u4e2a\u5b57\u7b26\u3002<br /> \u3000\u3000\u8f93\u5165\u683c\u5f0f\uff1a\u8f93\u5165\u53ea\u6709\u4e00\u884c\uff0c\u5373\u4e00\u4e2a\u82f1\u6587\u53e5\u5b50\u3002<br /> \u3000\u3000\u8f93\u51fa\u683c\u5f0f\uff1a\u8f93\u51fa\u53ea\u6709\u4e00\u884c\uff0c\u662f\u4e00\u4e2a\u6574\u6570\uff0c\u8868\u793a\u53e5\u5b50\u4e2d\u4e0d\u540c\u5355\u8bcd\u7684\u4e2a\u6570\u3002<br /> <b>\u8f93\u5165\u8f93\u51fa\u6837\u4f8b</b>"
    },
    "tags": [
        "\u84dd\u6865\u676f-\u7b97\u6cd5\u63d0\u9ad8"
    ],
    "input_description": {
        "format": "html",
        "value": "\u8f93\u5165\u63cf\u8ff0:<br /> <br />\u8f93\u5165\u6837\u4f8b: <br />one little two little three little boys"
    },
    "output_description": {
        "format": "html",
        "value": "<br />\u8f93\u51fa\u63cf\u8ff0: <br /><br /> \u8f93\u51fa\u6837\u4f8b: <br />5<br /> <b> </b>"
    },
    "test_case_score": [
        {
            "score": 100,
            "input_name": "1.in",
            "output_name": "1.out"
        },
        {
            "score": 100,
            "input_name": "2.in",
            "output_name": "2.out"
        },
        {
            "score": 100,
            "input_name": "3.in",
            "output_name": "3.out"
        },
        {
            "score": 100,
            "input_name": "4.in",
            "output_name": "4.out"
        },
        {
            "score": 100,
            "input_name": "5.in",
            "output_name": "5.out"
        },
        {
            "score": 100,
            "input_name": "6.in",
            "output_name": "6.out"
        },
        {
            "score": 100,
            "input_name": "7.in",
            "output_name": "7.out"
        },
        {
            "score": 100,
            "input_name": "8.in",
            "output_name": "8.out"
        },
        {
            "score": 100,
            "input_name": "9.in",
            "output_name": "9.out"
        },
        {
            "score": 100,
            "input_name": "10.in",
            "output_name": "10.out"
        }
    ],
    "hint": {
        "format": "html",
        "value": "HINT:\u65f6\u95f4\u9650\u5236\uff1a1.0s  \u5185\u5b58\u9650\u5236\uff1a512.0MB<br />"
    },
    "time_limit": 1000,
    "memory_limit": 512,
    "samples": [
        {
            "input": "\u53c2\u8003\u4e0a\u6587 ",
            "output": "\u53c2\u8003\u4e0a\u6587"
        }
    ],
    "template": {},
    "spj": null,
    "rule_type": "ACM",
    "source": "\u84dd\u6865\u676f\u7ec3\u4e60\u7cfb\u7edf ID: 228 \u539f\u9898\u94fe\u63a5: http://lx.lanqiao.cn/problem.page?gpid=T228",
    "answers": []
}