{
    "display_id": "old1127",
    "title": "\u7b97\u6cd5\u63d0\u9ad8 \u77e9\u9635\u4e58\u65b9",
    "description": {
        "format": "html",
        "value": "<br />\u3000\u3000\u7ed9\u5b9a\u4e00\u4e2a\u77e9\u9635A,\u4e00\u4e2a\u975e\u8d1f\u6574\u6570b\u548c\u4e00\u4e2a\u6b63\u6574\u6570m\uff0c\u6c42A\u7684b\u6b21\u65b9\u9664m\u7684\u4f59\u6570\u3002<br /> \u3000\u3000\u5176\u4e2d\u4e00\u4e2anxn\u7684\u77e9\u9635\u9664m\u7684\u4f59\u6570\u5f97\u5230\u7684\u4ecd\u662f\u4e00\u4e2anxn\u7684\u77e9\u9635\uff0c\u8fd9\u4e2a\u77e9\u9635\u7684\u6bcf\u4e00\u4e2a\u5143\u7d20\u662f\u539f\u77e9\u9635\u5bf9\u5e94\u4f4d\u7f6e\u4e0a\u7684\u6570\u9664m\u7684\u4f59\u6570\u3002<br /> \u3000\u3000\u8981\u8ba1\u7b97\u8fd9\u4e2a\u95ee\u9898\uff0c\u53ef\u4ee5\u5c06A\u8fde\u4e58b\u6b21\uff0c\u6bcf\u6b21\u90fd\u5bf9m\u6c42\u4f59\uff0c\u4f46\u8fd9\u79cd\u65b9\u6cd5\u7279\u522b\u6162\uff0c\u5f53b\u8f83\u5927\u65f6\u65e0\u6cd5\u4f7f\u7528\u3002\u4e0b\u9762\u7ed9\u51fa\u4e00\u79cd\u8f83\u5feb\u7684\u7b97\u6cd5(\u7528A^b\u8868\u793aA\u7684b\u6b21\u65b9)\uff1a<br /> \u3000\u3000\u82e5b=0\uff0c\u5219A^b%m=I%m\u3002\u5176\u4e2dI\u8868\u793a\u5355\u4f4d\u77e9\u9635\u3002<br /> \u3000\u3000\u82e5b\u4e3a\u5076\u6570\uff0c\u5219A^b%m=(A^(b/2)%m)^2%m\uff0c\u5373\u5148\u628aA\u4e58b/2\u6b21\u65b9\u5bf9m\u6c42\u4f59\uff0c\u7136\u540e\u518d\u5e73\u65b9\u540e\u5bf9m\u6c42\u4f59\u3002<br /> \u3000\u3000\u82e5b\u4e3a\u5947\u6570\uff0c\u5219A^b%m=(A^(b-1)%m)*a%m\uff0c\u5373\u5148\u6c42A\u4e58b-1\u6b21\u65b9\u5bf9m\u6c42\u4f59\uff0c\u7136\u540e\u518d\u4e58A\u540e\u5bf9m\u6c42\u4f59\u3002<br /> \u3000\u3000\u8fd9\u79cd\u65b9\u6cd5\u901f\u5ea6\u8f83\u5feb\uff0c\u8bf7\u4f7f\u7528\u8fd9\u79cd\u65b9\u6cd5\u8ba1\u7b97A^b%m\uff0c\u5176\u4e2dA\u662f\u4e00\u4e2a2x2\u7684\u77e9\u9635\uff0cm\u4e0d\u5927\u4e8e10000\u3002"
    },
    "tags": [
        "\u84dd\u6865\u676f-\u7b97\u6cd5\u63d0\u9ad8"
    ],
    "input_description": {
        "format": "html",
        "value": "\u8f93\u5165\u63cf\u8ff0:<br />\u3000\u3000\u8f93\u5165\u7b2c\u4e00\u884c\u5305\u542b\u4e24\u4e2a\u6574\u6570b, m\uff0c\u7b2c\u4e8c\u884c\u548c\u7b2c\u4e09\u884c\u6bcf\u884c\u4e24\u4e2a\u6574\u6570\uff0c\u4e3a\u77e9\u9635A\u3002 <br />\u8f93\u5165\u6837\u4f8b: <br />2 2<br /> 1 1<br /> 0 1"
    },
    "output_description": {
        "format": "html",
        "value": "<br />\u8f93\u51fa\u63cf\u8ff0: <br />\u3000\u3000\u8f93\u51fa\u4e24\u884c\uff0c\u6bcf\u884c\u4e24\u4e2a\u6574\u6570\uff0c\u8868\u793aA^b%m\u7684\u503c\u3002<br /> \u8f93\u51fa\u6837\u4f8b: <br />1 0<br /> 0 1"
    },
    "test_case_score": [
        {
            "score": 100,
            "input_name": "1.in",
            "output_name": "1.out"
        },
        {
            "score": 100,
            "input_name": "2.in",
            "output_name": "2.out"
        },
        {
            "score": 100,
            "input_name": "3.in",
            "output_name": "3.out"
        },
        {
            "score": 100,
            "input_name": "4.in",
            "output_name": "4.out"
        },
        {
            "score": 100,
            "input_name": "5.in",
            "output_name": "5.out"
        },
        {
            "score": 100,
            "input_name": "6.in",
            "output_name": "6.out"
        },
        {
            "score": 100,
            "input_name": "7.in",
            "output_name": "7.out"
        },
        {
            "score": 100,
            "input_name": "8.in",
            "output_name": "8.out"
        },
        {
            "score": 100,
            "input_name": "9.in",
            "output_name": "9.out"
        },
        {
            "score": 100,
            "input_name": "10.in",
            "output_name": "10.out"
        }
    ],
    "hint": {
        "format": "html",
        "value": "HINT:\u65f6\u95f4\u9650\u5236\uff1a1.0s  \u5185\u5b58\u9650\u5236\uff1a512.0MB<br />"
    },
    "time_limit": 1000,
    "memory_limit": 512,
    "samples": [
        {
            "input": "\u53c2\u8003\u4e0a\u6587 ",
            "output": "\u53c2\u8003\u4e0a\u6587"
        }
    ],
    "template": {},
    "spj": null,
    "rule_type": "ACM",
    "source": "\u84dd\u6865\u676f\u7ec3\u4e60\u7cfb\u7edf ID: 154 \u539f\u9898\u94fe\u63a5: http://lx.lanqiao.cn/problem.page?gpid=T154",
    "answers": []
}