{
    "display_id": "old1066",
    "title": "\u57fa\u7840\u7ec3\u4e60 \u9f9f\u5154\u8d5b\u8dd1\u9884\u6d4b",
    "description": {
        "format": "html",
        "value": "<br />\u3000\u3000\u8bdd\u8bf4\u8fd9\u4e2a\u4e16\u754c\u4e0a\u6709\u5404\u79cd\u5404\u6837\u7684\u5154\u5b50\u548c\u4e4c\u9f9f\uff0c\u4f46\u662f\u7814\u7a76\u53d1\u73b0\uff0c\u6240\u6709\u7684\u5154\u5b50\u548c\u4e4c\u9f9f\u90fd\u6709\u4e00\u4e2a\u5171\u540c\u7684\u7279\u70b9\u2014\u2014\u559c\u6b22\u8d5b\u8dd1\u3002\u4e8e\u662f\u4e16\u754c\u4e0a\u5404\u4e2a\u89d2\u843d\u90fd\u4e0d\u65ad\u5728\u53d1\u751f\u7740\u4e4c\u9f9f\u548c\u5154\u5b50\u7684\u6bd4\u8d5b\uff0c\u5c0f\u534e\u5bf9\u6b64\u5f88\u611f\u5174\u8da3\uff0c\u4e8e\u662f\u51b3\u5b9a\u7814\u7a76\u4e0d\u540c\u5154\u5b50\u548c\u4e4c\u9f9f\u7684\u8d5b\u8dd1\u3002\u4ed6\u53d1\u73b0\uff0c\u5154\u5b50\u867d\u7136\u8dd1\u6bd4\u4e4c\u9f9f\u5feb\uff0c\u4f46\u5b83\u4eec\u6709\u4f17\u6240\u5468\u77e5\u7684\u6bdb\u75c5\u2014\u2014\u9a84\u50b2\u4e14\u61d2\u60f0\uff0c\u4e8e\u662f\u5728\u4e0e\u4e4c\u9f9f\u7684\u6bd4\u8d5b\u4e2d\uff0c\u4e00\u65e6\u4efb\u4e00\u79d2\u7ed3\u675f\u540e\u5154\u5b50\u53d1\u73b0\u81ea\u5df1\u9886\u5148t\u7c73\u6216\u4ee5\u4e0a\uff0c\u5b83\u4eec\u5c31\u4f1a\u505c\u4e0b\u6765\u4f11\u606fs\u79d2\u3002\u5bf9\u4e8e\u4e0d\u540c\u7684\u5154\u5b50\uff0ct\uff0cs\u7684\u6570\u503c\u662f\u4e0d\u540c\u7684\uff0c\u4f46\u662f\u6240\u6709\u7684\u4e4c\u9f9f\u5374\u662f\u4e00\u81f4\u2014\u2014\u5b83\u4eec\u4e0d\u5230\u7ec8\u70b9\u51b3\u4e0d\u505c\u6b62\u3002<br /> \u3000\u3000\u7136\u800c\u6709\u4e9b\u6bd4\u8d5b\u76f8\u5f53\u6f2b\u957f\uff0c\u5168\u7a0b\u89c2\u770b\u4f1a\u8017\u8d39\u5927\u91cf\u65f6\u95f4\uff0c\u800c\u5c0f\u534e\u53d1\u73b0\u53ea\u8981\u5728\u6bcf\u573a\u6bd4\u8d5b\u5f00\u59cb\u540e\u8bb0\u5f55\u4e0b\u5154\u5b50\u548c\u4e4c\u9f9f\u7684\u6570\u636e\u2014\u2014\u5154\u5b50\u7684\u901f\u5ea6v1\uff08\u8868\u793a\u6bcf\u79d2\u5154\u5b50\u80fd\u8dd1v1\u7c73\uff09\uff0c\u4e4c\u9f9f\u7684\u901f\u5ea6v2\uff0c\u4ee5\u53ca\u5154\u5b50\u5bf9\u5e94\u7684t\uff0cs\u503c\uff0c\u4ee5\u53ca\u8d5b\u9053\u7684\u957f\u5ea6l\u2014\u2014\u5c31\u80fd\u9884\u6d4b\u51fa\u6bd4\u8d5b\u7684\u7ed3\u679c\u3002\u4f46\u662f\u5c0f\u534e\u5f88\u61d2\uff0c\u4e0d\u60f3\u901a\u8fc7\u624b\u5de5\u8ba1\u7b97\u63a8\u6d4b\u51fa\u6bd4\u8d5b\u7684\u7ed3\u679c\uff0c\u4e8e\u662f\u4ed6\u627e\u5230\u4e86\u4f60\u2014\u2014\u6e05\u534e\u5927\u5b66\u8ba1\u7b97\u673a\u7cfb\u7684\u9ad8\u624d\u751f\u2014\u2014\u8bf7\u6c42\u5e2e\u52a9\uff0c\u8bf7\u4f60\u5199\u4e00\u4e2a\u7a0b\u5e8f\uff0c\u5bf9\u4e8e\u8f93\u5165\u7684\u4e00\u573a\u6bd4\u8d5b\u7684\u6570\u636ev1\uff0cv2\uff0ct\uff0cs\uff0cl\uff0c\u9884\u6d4b\u8be5\u573a\u6bd4\u8d5b\u7684\u7ed3\u679c\u3002"
    },
    "tags": [
        "\u84dd\u6865\u676f-\u57fa\u7840\u7ec3\u4e60"
    ],
    "input_description": {
        "format": "html",
        "value": "\u8f93\u5165\u63cf\u8ff0:<br />\u3000\u3000\u8f93\u5165\u53ea\u6709\u4e00\u884c\uff0c\u5305\u542b\u7528\u7a7a\u683c\u9694\u5f00\u7684\u4e94\u4e2a\u6b63\u6574\u6570v1\uff0cv2\uff0ct\uff0cs\uff0cl\uff0c\u5176\u4e2d(v1,v2&lt;=100;t&lt;=300;s&lt;=10;l&lt;=10000\u4e14\u4e3av1,v2\u7684\u516c\u500d\u6570) <br />\u8f93\u5165\u6837\u4f8b: <br />10 5 5 2 20"
    },
    "output_description": {
        "format": "html",
        "value": "<br />\u8f93\u51fa\u63cf\u8ff0: <br />\u3000\u3000\u8f93\u51fa\u5305\u542b\u4e24\u884c\uff0c\u7b2c\u4e00\u884c\u8f93\u51fa\u6bd4\u8d5b\u7ed3\u679c\u2014\u2014\u4e00\u4e2a\u5927\u5199\u5b57\u6bcd\u201cT\u201d\u6216\u201cR\u201d\u6216\u201cD\u201d\uff0c\u5206\u522b\u8868\u793a\u4e4c\u9f9f\u83b7\u80dc\uff0c\u5154\u5b50\u83b7\u80dc\uff0c\u6216\u8005\u4e24\u8005\u540c\u65f6\u5230\u8fbe\u7ec8\u70b9\u3002<br /> \u3000\u3000\u7b2c\u4e8c\u884c\u8f93\u51fa\u4e00\u4e2a\u6b63\u6574\u6570\uff0c\u8868\u793a\u83b7\u80dc\u8005\uff08\u6216\u8005\u53cc\u65b9\u540c\u65f6\uff09\u5230\u8fbe\u7ec8\u70b9\u6240\u8017\u8d39\u7684\u65f6\u95f4\uff08\u79d2\u6570\uff09\u3002<br /> \u8f93\u51fa\u6837\u4f8b: <br />D<br /> 4"
    },
    "test_case_score": [
        {
            "score": 100,
            "input_name": "1.in",
            "output_name": "1.out"
        },
        {
            "score": 100,
            "input_name": "2.in",
            "output_name": "2.out"
        },
        {
            "score": 100,
            "input_name": "3.in",
            "output_name": "3.out"
        },
        {
            "score": 100,
            "input_name": "4.in",
            "output_name": "4.out"
        },
        {
            "score": 100,
            "input_name": "5.in",
            "output_name": "5.out"
        },
        {
            "score": 100,
            "input_name": "6.in",
            "output_name": "6.out"
        },
        {
            "score": 100,
            "input_name": "7.in",
            "output_name": "7.out"
        },
        {
            "score": 100,
            "input_name": "8.in",
            "output_name": "8.out"
        },
        {
            "score": 100,
            "input_name": "9.in",
            "output_name": "9.out"
        },
        {
            "score": 100,
            "input_name": "10.in",
            "output_name": "10.out"
        }
    ],
    "hint": {
        "format": "html",
        "value": "HINT:\u65f6\u95f4\u9650\u5236\uff1a1.0s  \u5185\u5b58\u9650\u5236\uff1a512.0MB<br />"
    },
    "time_limit": 1000,
    "memory_limit": 512,
    "samples": [
        {
            "input": "\u53c2\u8003\u4e0a\u6587 ",
            "output": "\u53c2\u8003\u4e0a\u6587"
        }
    ],
    "template": {},
    "spj": null,
    "rule_type": "ACM",
    "source": "\u84dd\u6865\u676f\u7ec3\u4e60\u7cfb\u7edf ID: 65 \u539f\u9898\u94fe\u63a5: http://lx.lanqiao.cn/problem.page?gpid=T65",
    "answers": []
}