{
    "display_id": "old1148",
    "title": "\u7b97\u6cd5\u63d0\u9ad8 \u56fe\u5f62\u8f93\u51fa",
    "description": {
        "format": "html",
        "value": "<br />\u3000\u3000\u7f16\u5199\u4e00\u7a0b\u5e8f\uff0c\u5728\u5c4f\u5e55\u4e0a\u8f93\u51fa\u5982\u4e0b\u5185\u5bb9\uff1a<br /> \u3000\u3000X | X | X<br /> \u3000\u3000---+---+---<br /> \u3000\u3000|   |<br /> \u3000\u3000---+---+---<br /> \u3000\u3000O | O | O<br /> \u3000\u3000\u6ce8\u610f\uff1a\u672c\u9898\u8bf7\u540c\u5b66\u4eec\u4e25\u683c\u6309\u7167\u56fe\u5f62\u7684\u683c\u5f0f\u8f93\u51fa\uff0c\u5bf9\u9f50\uff0c\u5176\u4e2dX\u548cO\u4e3a\u5927\u5199\uff0c\u5426\u5219\u7cfb\u7edf\u4f1a\u5224\u4e3a\u9519\u8bef\u3002"
    },
    "tags": [
        "\u84dd\u6865\u676f-\u7b97\u6cd5\u63d0\u9ad8"
    ],
    "input_description": {
        "format": "html",
        "value": "\u8f93\u5165\u63cf\u8ff0:<br /> <br />\u8f93\u5165\u6837\u4f8b: <br />"
    },
    "output_description": {
        "format": "html",
        "value": "<br />\u8f93\u51fa\u63cf\u8ff0: <br /><br /> \u8f93\u51fa\u6837\u4f8b: <br />"
    },
    "test_case_score": [
        {
            "score": 100,
            "input_name": "1.in",
            "output_name": "1.out"
        }
    ],
    "hint": {
        "format": "html",
        "value": "HINT:\u65f6\u95f4\u9650\u5236\uff1a1.0s  \u5185\u5b58\u9650\u5236\uff1a512.0MB<br />"
    },
    "time_limit": 1000,
    "memory_limit": 512,
    "samples": [
        {
            "input": "\u53c2\u8003\u4e0a\u6587 ",
            "output": "\u53c2\u8003\u4e0a\u6587"
        }
    ],
    "template": {},
    "spj": null,
    "rule_type": "ACM",
    "source": "\u84dd\u6865\u676f\u7ec3\u4e60\u7cfb\u7edf ID: 190 \u539f\u9898\u94fe\u63a5: http://lx.lanqiao.cn/problem.page?gpid=T190",
    "answers": []
}