{
    "display_id": "old1078",
    "title": "\u7b97\u6cd5\u8bad\u7ec3 \u4e58\u79ef\u6700\u5927",
    "description": {
        "format": "html",
        "value": "<br /><b>\u95ee\u9898\u63cf\u8ff0</b><b>   </b><br /> <br /> \u3000\u3000\u4eca\u5e74\u662f\u56fd\u9645\u6570\u5b66\u8054\u76df\u786e\u5b9a\u7684\u201c2000\u2014\u2014\u4e16\u754c\u6570\u5b66\u5e74\u201d\uff0c\u53c8\u6070\u9022\u6211\u56fd\u8457\u540d\u6570\u5b66\u5bb6\u534e\u7f57\u5e9a\u5148\u751f\u8bde\u8fb090\u5468\u5e74\u3002\u5728\u534e\u7f57\u5e9a\u5148\u751f\u7684\u5bb6\u4e61\u6c5f\u82cf\u91d1\u575b\uff0c\u7ec4\u7ec7\u4e86\u4e00\u573a\u522b\u5f00\u751f\u9762\u7684\u6570\u5b66\u667a\u529b\u7ade\u8d5b\u7684\u6d3b\u52a8\uff0c\u4f60\u7684\u4e00\u4e2a\u597d\u670b\u53cbXZ\u4e5f\u6709\u5e78\u5f97\u4ee5\u53c2\u52a0\u3002\u6d3b\u52a8\u4e2d\uff0c\u4e3b\u6301\u4eba\u7ed9\u6240\u6709\u53c2\u52a0\u6d3b\u52a8\u7684\u9009\u624b\u51fa\u4e86\u8fd9\u6837\u4e00\u9053\u9898\u76ee\uff1a<br /> <br /> \u3000\u3000\u8bbe\u6709\u4e00\u4e2a\u957f\u5ea6\u4e3aN\u7684\u6570\u5b57\u4e32\uff0c\u8981\u6c42\u9009\u624b\u4f7f\u7528K\u4e2a\u4e58\u53f7\u5c06\u5b83\u5206\u6210K+1\u4e2a\u90e8\u5206\uff0c\u627e\u51fa\u4e00\u79cd\u5206\u6cd5\uff0c\u4f7f\u5f97\u8fd9K+1\u4e2a\u90e8\u5206\u7684\u4e58\u79ef\u80fd\u591f\u4e3a\u6700\u5927\u3002<br /> <br /> \u3000\u3000\u540c\u65f6\uff0c\u4e3a\u4e86\u5e2e\u52a9\u9009\u624b\u80fd\u591f\u6b63\u786e\u7406\u89e3\u9898\u610f\uff0c\u4e3b\u6301\u4eba\u8fd8\u4e3e\u4e86\u5982\u4e0b\u7684\u4e00\u4e2a\u4f8b\u5b50\uff1a<br /> <br /> \u3000\u3000\u6709\u4e00\u4e2a\u6570\u5b57\u4e32\uff1a312\uff0c \u5f53N=3\uff0cK=1\u65f6\u4f1a\u6709\u4ee5\u4e0b\u4e24\u79cd\u5206\u6cd5\uff1a<br /> <br /> \u3000\u30003*12=36<br /> \u3000\u300031*2=62<br /> <br /> \u3000\u3000\u8fd9\u65f6\uff0c\u7b26\u5408\u9898\u76ee\u8981\u6c42\u7684\u7ed3\u679c\u662f\uff1a31*2=62<br /> <br /> \u3000\u3000\u73b0\u5728\uff0c\u8bf7\u4f60\u5e2e\u52a9\u4f60\u7684\u597d\u670b\u53cbXZ\u8bbe\u8ba1\u4e00\u4e2a\u7a0b\u5e8f\uff0c\u6c42\u5f97\u6b63\u786e\u7684\u7b54\u6848\u3002<br /> <br /> <b>\u8f93</b><b>\u5165\u683c\u5f0f</b><b>   </b><br /> <br /> \u3000\u3000\u7a0b\u5e8f\u7684\u8f93\u5165\u5171\u6709\u4e24\u884c\uff1a<br /> \u3000\u3000\u7b2c\u4e00\u884c\u5171\u67092\u4e2a\u81ea\u7136\u6570N\uff0cK\uff086\u2264N\u226440\uff0c1\u2264K\u22646\uff09<br /> \u3000\u3000\u7b2c\u4e8c\u884c\u662f\u4e00\u4e2a\u957f\u5ea6\u4e3aN\u7684\u6570\u5b57\u4e32\u3002<br /> <br /> <br /> <b>\u8f93</b><b>\u51fa\u683c\u5f0f</b><b>   </b><br /> <br /> \u3000\u3000\u8f93\u51fa\u6240\u6c42\u5f97\u7684\u6700\u5927\u4e58\u79ef\uff08\u4e00\u4e2a\u81ea\u7136\u6570\uff09\u3002<br /> <br /> \u3000\u3000<b>\u6837</b><b>\u4f8b</b>\u8f93\u5165<br /> <br /> \u3000\u30004  2<br /> \u3000\u30001231"
    },
    "tags": [
        "\u84dd\u6865\u676f-\u7b97\u6cd5\u8bad\u7ec3"
    ],
    "input_description": {
        "format": "html",
        "value": "\u8f93\u5165\u63cf\u8ff0:<br /> <br />\u8f93\u5165\u6837\u4f8b: <br />62"
    },
    "output_description": {
        "format": "html",
        "value": "<br />\u8f93\u51fa\u63cf\u8ff0: <br /><br /> \u8f93\u51fa\u6837\u4f8b: <br />"
    },
    "test_case_score": [
        {
            "score": 100,
            "input_name": "1.in",
            "output_name": "1.out"
        },
        {
            "score": 100,
            "input_name": "2.in",
            "output_name": "2.out"
        },
        {
            "score": 100,
            "input_name": "3.in",
            "output_name": "3.out"
        },
        {
            "score": 100,
            "input_name": "4.in",
            "output_name": "4.out"
        }
    ],
    "hint": {
        "format": "html",
        "value": "HINT:\u65f6\u95f4\u9650\u5236\uff1a1.0s  \u5185\u5b58\u9650\u5236\uff1a256.0MB<br />"
    },
    "time_limit": 1000,
    "memory_limit": 512,
    "samples": [
        {
            "input": "\u53c2\u8003\u4e0a\u6587 ",
            "output": "\u53c2\u8003\u4e0a\u6587"
        }
    ],
    "template": {},
    "spj": null,
    "rule_type": "ACM",
    "source": "\u84dd\u6865\u676f\u7ec3\u4e60\u7cfb\u7edf ID: 77 \u539f\u9898\u94fe\u63a5: http://lx.lanqiao.cn/problem.page?gpid=T77",
    "answers": []
}