{
    "display_id": "old1069",
    "title": "\u57fa\u7840\u7ec3\u4e60 2n\u7687\u540e\u95ee\u9898",
    "description": {
        "format": "html",
        "value": "<br />\u3000\u3000\u7ed9\u5b9a\u4e00\u4e2an*n\u7684\u68cb\u76d8\uff0c\u68cb\u76d8\u4e2d\u6709\u4e00\u4e9b\u4f4d\u7f6e\u4e0d\u80fd\u653e\u7687\u540e\u3002\u73b0\u5728\u8981\u5411\u68cb\u76d8\u4e2d\u653e\u5165n\u4e2a\u9ed1\u7687\u540e\u548cn\u4e2a\u767d\u7687\u540e\uff0c\u4f7f\u4efb\u610f\u7684\u4e24\u4e2a\u9ed1\u7687\u540e\u90fd\u4e0d\u5728\u540c\u4e00\u884c\u3001\u540c\u4e00\u5217\u6216\u540c\u4e00\u6761\u5bf9\u89d2\u7ebf\u4e0a\uff0c\u4efb\u610f\u7684\u4e24\u4e2a\u767d\u7687\u540e\u90fd\u4e0d\u5728\u540c\u4e00\u884c\u3001\u540c\u4e00\u5217\u6216\u540c\u4e00\u6761\u5bf9\u89d2\u7ebf\u4e0a\u3002\u95ee\u603b\u5171\u6709\u591a\u5c11\u79cd\u653e\u6cd5\uff1fn\u5c0f\u4e8e\u7b49\u4e8e8\u3002"
    },
    "tags": [
        "\u84dd\u6865\u676f-\u57fa\u7840\u7ec3\u4e60"
    ],
    "input_description": {
        "format": "html",
        "value": "\u8f93\u5165\u63cf\u8ff0:<br />\u3000\u3000\u8f93\u5165\u7684\u7b2c\u4e00\u884c\u4e3a\u4e00\u4e2a\u6574\u6570n\uff0c\u8868\u793a\u68cb\u76d8\u7684\u5927\u5c0f\u3002<br /> \u3000\u3000\u63a5\u4e0b\u6765n\u884c\uff0c\u6bcf\u884cn\u4e2a0\u62161\u7684\u6574\u6570\uff0c\u5982\u679c\u4e00\u4e2a\u6574\u6570\u4e3a1\uff0c\u8868\u793a\u5bf9\u5e94\u7684\u4f4d\u7f6e\u53ef\u4ee5\u653e\u7687\u540e\uff0c\u5982\u679c\u4e00\u4e2a\u6574\u6570\u4e3a0\uff0c\u8868\u793a\u5bf9\u5e94\u7684\u4f4d\u7f6e\u4e0d\u53ef\u4ee5\u653e\u7687\u540e\u3002 <br />\u8f93\u5165\u6837\u4f8b: <br />4<br /> 1 1 1 1<br /> 1 1 1 1<br /> 1 1 1 1<br /> 1 1 1 1"
    },
    "output_description": {
        "format": "html",
        "value": "<br />\u8f93\u51fa\u63cf\u8ff0: <br />\u3000\u3000\u8f93\u51fa\u4e00\u4e2a\u6574\u6570\uff0c\u8868\u793a\u603b\u5171\u6709\u591a\u5c11\u79cd\u653e\u6cd5\u3002<br /> \u8f93\u51fa\u6837\u4f8b: <br />2"
    },
    "test_case_score": [
        {
            "score": 100,
            "input_name": "1.in",
            "output_name": "1.out"
        },
        {
            "score": 100,
            "input_name": "2.in",
            "output_name": "2.out"
        },
        {
            "score": 100,
            "input_name": "3.in",
            "output_name": "3.out"
        },
        {
            "score": 100,
            "input_name": "4.in",
            "output_name": "4.out"
        },
        {
            "score": 100,
            "input_name": "5.in",
            "output_name": "5.out"
        },
        {
            "score": 100,
            "input_name": "6.in",
            "output_name": "6.out"
        },
        {
            "score": 100,
            "input_name": "7.in",
            "output_name": "7.out"
        },
        {
            "score": 100,
            "input_name": "8.in",
            "output_name": "8.out"
        }
    ],
    "hint": {
        "format": "html",
        "value": "HINT:\u65f6\u95f4\u9650\u5236\uff1a1.0s  \u5185\u5b58\u9650\u5236\uff1a512.0MB<br />"
    },
    "time_limit": 1000,
    "memory_limit": 512,
    "samples": [
        {
            "input": "\u53c2\u8003\u4e0a\u6587 ",
            "output": "\u53c2\u8003\u4e0a\u6587"
        }
    ],
    "template": {},
    "spj": null,
    "rule_type": "ACM",
    "source": "\u84dd\u6865\u676f\u7ec3\u4e60\u7cfb\u7edf ID: 68 \u539f\u9898\u94fe\u63a5: http://lx.lanqiao.cn/problem.page?gpid=T68",
    "answers": []
}