{
    "display_id": "old1113",
    "title": "\u7b97\u6cd5\u63d0\u9ad8 \u8ba1\u7b97\u65f6\u95f4",
    "description": {
        "format": "html",
        "value": "<br />\u3000\u3000\u7ed9\u5b9a\u4e00\u4e2at\uff0c\u5c06t\u79d2\u8f6c\u5316\u4e3aHH:MM:SS\u7684\u5f62\u5f0f\uff0c\u8868\u793aHH\u5c0f\u65f6MM\u5206\u949fSS\u79d2\u3002HH,MM,SS\u5747\u662f\u4e24\u4f4d\u6570\uff0c\u5982\u679c\u5c0f\u4e8e10\u75280\u8865\u5230\u4e24\u4f4d\u3002"
    },
    "tags": [
        "\u84dd\u6865\u676f-\u7b97\u6cd5\u63d0\u9ad8"
    ],
    "input_description": {
        "format": "html",
        "value": "\u8f93\u5165\u63cf\u8ff0:<br />\u3000\u3000\u7b2c\u4e00\u884c\u4e00\u4e2a\u6570T(1&lt;=T&lt;=100,000)\uff0c\u8868\u793a\u6570\u636e\u7ec4\u6570\u3002\u540e\u9762\u6bcf\u7ec4\u6570\u636e\u8bfb\u5165\u4e00\u4e2a\u6570t\uff0c0&lt;=t&lt;24*60*60\u3002 <br />\u8f93\u5165\u6837\u4f8b: <br />2<br /> 0<br /> 86399"
    },
    "output_description": {
        "format": "html",
        "value": "<br />\u8f93\u51fa\u63cf\u8ff0: <br />\u3000\u3000\u6bcf\u7ec4\u6570\u636e\u4e00\u884c\uff0cHH:MM:SS\u3002<br /> \u8f93\u51fa\u6837\u4f8b: <br />00:00:00<br /> 23:59:59"
    },
    "test_case_score": [
        {
            "score": 100,
            "input_name": "1.in",
            "output_name": "1.out"
        }
    ],
    "hint": {
        "format": "html",
        "value": "HINT:\u65f6\u95f4\u9650\u5236\uff1a1.0s  \u5185\u5b58\u9650\u5236\uff1a512.0MB<br />"
    },
    "time_limit": 1000,
    "memory_limit": 512,
    "samples": [
        {
            "input": "\u53c2\u8003\u4e0a\u6587 ",
            "output": "\u53c2\u8003\u4e0a\u6587"
        }
    ],
    "template": {},
    "spj": null,
    "rule_type": "ACM",
    "source": "\u84dd\u6865\u676f\u7ec3\u4e60\u7cfb\u7edf ID: 132 \u539f\u9898\u94fe\u63a5: http://lx.lanqiao.cn/problem.page?gpid=T132",
    "answers": []
}