{
    "display_id": "old1253",
    "title": "\u7b97\u6cd5\u63d0\u9ad8 \u5206\u82f9\u679c",
    "description": {
        "format": "html",
        "value": "<br />\u3000\u3000\u5c0f\u670b\u53cb\u6392\u6210\u4e00\u6392\uff0c\u8001\u5e08\u7ed9\u4ed6\u4eec\u5206\u82f9\u679c\u3002<br /> \u3000\u3000\u5c0f\u670b\u53cb\u4ece\u5de6\u5230\u53f3\u6807\u53f71..N\u3002\u6709M\u4e2a\u8001\u5e08\uff0c\u6bcf\u6b21\u7b2ci\u4e2a\u8001\u5e08\u4f1a\u7ed9\u7b2cLi\u4e2a\u5230\u7b2cRi\u4e2a\uff0c\u4e00\u5171Ri-Li+1\u4e2a\u5c0f\u670b\u53cb\u6bcf\u4eba\u53d1Ci\u4e2a\u82f9\u679c\u3002<br /> \u3000\u3000\u6700\u540e\u8001\u5e08\u60f3\u77e5\u9053\u6bcf\u4e2a\u5c0f\u670b\u53cb\u6709\u591a\u5c11\u82f9\u679c\u3002"
    },
    "tags": [
        "\u84dd\u6865\u676f-\u7b97\u6cd5\u63d0\u9ad8"
    ],
    "input_description": {
        "format": "html",
        "value": "\u8f93\u5165\u63cf\u8ff0:<br />\u3000\u3000\u7b2c\u4e00\u884c\u4e24\u4e2a\u6574\u6570N\u3001M\uff0c\u8868\u793a\u5c0f\u670b\u53cb\u4e2a\u6570\u548c\u8001\u5e08\u4e2a\u6570\u3002<br /> \u3000\u3000\u63a5\u4e0b\u6765M\u884c\uff0c\u6bcf\u884c\u4e09\u4e2a\u6574\u6570Li\u3001Ri\u3001Ci\uff0c\u610f\u4e49\u5982\u9898\u76ee\u8868\u8ff0\u3002 <br />\u8f93\u5165\u6837\u4f8b: <br />5 3<br /> 1 2 1<br /> 2 3 2<br /> 2 5 3"
    },
    "output_description": {
        "format": "html",
        "value": "<br />\u8f93\u51fa\u63cf\u8ff0: <br />\u3000\u3000\u4e00\u884cN\u4e2a\u6570\uff0c\u7b2ci\u4e2a\u6570\u8868\u793a\u7b2ci\u4e2a\u5c0f\u670b\u53cb\u624b\u4e0a\u7684\u6c34\u679c\u3002<br /> \u8f93\u51fa\u6837\u4f8b: <br />1 6 5 3 3"
    },
    "test_case_score": [
        {
            "score": 100,
            "input_name": "1.in",
            "output_name": "1.out"
        },
        {
            "score": 100,
            "input_name": "2.in",
            "output_name": "2.out"
        },
        {
            "score": 100,
            "input_name": "3.in",
            "output_name": "3.out"
        },
        {
            "score": 100,
            "input_name": "4.in",
            "output_name": "4.out"
        },
        {
            "score": 100,
            "input_name": "5.in",
            "output_name": "5.out"
        },
        {
            "score": 100,
            "input_name": "6.in",
            "output_name": "6.out"
        },
        {
            "score": 100,
            "input_name": "7.in",
            "output_name": "7.out"
        },
        {
            "score": 100,
            "input_name": "8.in",
            "output_name": "8.out"
        },
        {
            "score": 100,
            "input_name": "9.in",
            "output_name": "9.out"
        },
        {
            "score": 100,
            "input_name": "10.in",
            "output_name": "10.out"
        }
    ],
    "hint": {
        "format": "html",
        "value": "HINT:\u65f6\u95f4\u9650\u5236\uff1a1.0s  \u5185\u5b58\u9650\u5236\uff1a256.0MB<br />\u3000\u300040%\u7684\u6570\u636e\uff0cN\u3001M\u22641 000\u3002<br /> \u3000\u3000100%\u7684\u6570\u636e\uff0cN\u3001M\u2264100 000\uff0c1\u2264Li\u2264Ri\u2264N\uff0c0\u2264Ci\u2264100\u3002"
    },
    "time_limit": 1000,
    "memory_limit": 512,
    "samples": [
        {
            "input": "\u53c2\u8003\u4e0a\u6587 ",
            "output": "\u53c2\u8003\u4e0a\u6587"
        }
    ],
    "template": {},
    "spj": null,
    "rule_type": "ACM",
    "source": "\u84dd\u6865\u676f\u7ec3\u4e60\u7cfb\u7edf ID: 345 \u539f\u9898\u94fe\u63a5: http://lx.lanqiao.cn/problem.page?gpid=T345",
    "answers": []
}