{
    "display_id": "old1098",
    "title": "\u7b97\u6cd5\u8bad\u7ec3 \u4f20\u7403\u6e38\u620f",
    "description": {
        "format": "html",
        "value": "<br />\u3000\u3000<b>\u3010</b>\u95ee\u9898\u63cf\u8ff0\u3011<br /> \u3000\u3000\u4e0a\u4f53\u80b2\u8bfe\u7684\u65f6\u5019\uff0c\u5c0f\u86ee\u7684\u8001\u5e08\u7ecf\u5e38\u5e26\u7740\u540c\u5b66\u4eec\u4e00\u8d77\u505a\u6e38\u620f\u3002\u8fd9\u6b21\uff0c\u8001\u5e08\u5e26\u7740\u540c\u5b66\u4eec\u4e00\u8d77\u505a\u4f20\u7403\u6e38\u620f\u3002<br /> \u3000\u3000\u6e38\u620f\u89c4\u5219\u662f\u8fd9\u6837\u7684\uff1an\u4e2a\u540c\u5b66\u7ad9\u6210\u4e00\u4e2a\u5706\u5708\uff0c\u5176\u4e2d\u7684\u4e00\u4e2a\u540c\u5b66\u624b\u91cc\u62ff\u7740\u4e00\u4e2a\u7403\uff0c\u5f53\u8001\u5e08\u5439\u54e8\u5b50\u65f6\u5f00\u59cb\u4f20\u7403\uff0c\u6bcf\u4e2a\u540c\u5b66\u53ef\u4ee5\u628a\u7403\u4f20\u7ed9\u81ea\u5df1\u5de6\u53f3\u7684\u4e24\u4e2a\u540c\u5b66\u4e2d\u7684\u4e00\u4e2a\uff08\u5de6\u53f3\u4efb\u610f\uff09\uff0c\u5f53\u8001\u5e08\u518d\u6b21\u5439\u54e8\u5b50\u65f6\uff0c\u4f20\u7403\u505c\u6b62\uff0c\u6b64\u65f6\uff0c\u62ff\u7740\u7403\u6ca1\u4f20\u51fa\u53bb\u7684\u90a3\u4e2a\u540c\u5b66\u5c31\u662f\u8d25\u8005\uff0c\u8981\u7ed9\u5927\u5bb6\u8868\u6f14\u4e00\u4e2a\u8282\u76ee\u3002<br /> \u3000\u3000\u806a\u660e\u7684\u5c0f\u86ee\u63d0\u51fa\u4e00\u4e2a\u6709\u8da3\u7684\u95ee\u9898\uff1a\u6709\u591a\u5c11\u79cd\u4e0d\u540c\u7684\u4f20\u7403\u65b9\u6cd5\u53ef\u4ee5\u4f7f\u5f97\u4ece\u5c0f\u86ee\u624b\u91cc\u5f00\u59cb\u4f20\u7684\u7403\uff0c\u4f20\u4e86m\u6b21\u4ee5\u540e\uff0c\u53c8\u56de\u5230\u5c0f\u86ee\u624b\u91cc\u3002\u4e24\u79cd\u4f20\u7403\u7684\u65b9\u6cd5\u88ab\u89c6\u4f5c\u4e0d\u540c\u7684\u65b9\u6cd5\uff0c\u5f53\u4e14\u4ec5\u5f53\u8fd9\u4e24\u79cd\u65b9\u6cd5\u4e2d\uff0c\u63a5\u5230\u7403\u7684\u540c\u5b66\u6309\u63a5\u7403\u987a\u5e8f\u7ec4\u6210\u7684\u5e8f\u5217\u662f\u4e0d\u540c\u7684\u3002\u6bd4\u5982\u67093\u4e2a\u540c\u5b661\u53f7\u30012\u53f7\u30013\u53f7\uff0c\u5e76\u5047\u8bbe\u5c0f\u86ee\u4e3a1\u53f7\uff0c\u7403\u4f20\u4e863\u6b21\u56de\u5230\u5c0f\u86ee\u624b\u91cc\u7684\u65b9\u5f0f\u67091-&gt;2-&gt;3-&gt;1\u548c1-&gt;3-&gt;2-&gt;1\uff0c\u51712\u79cd\u3002"
    },
    "tags": [
        "\u84dd\u6865\u676f-\u7b97\u6cd5\u8bad\u7ec3"
    ],
    "input_description": {
        "format": "html",
        "value": "\u8f93\u5165\u63cf\u8ff0:<br />\u3000\u3000\u5171\u4e00\u884c\uff0c\u6709\u4e24\u4e2a\u7528\u7a7a\u683c\u9694\u5f00\u7684\u6574\u6570n\uff0cm\uff083&lt;=n&lt;=30\uff0c1&lt;=m&lt;=30\uff09\u3002 <br />\u8f93\u5165\u6837\u4f8b: <br />3 3"
    },
    "output_description": {
        "format": "html",
        "value": "<br />\u8f93\u51fa\u63cf\u8ff0: <br />\u3000\u3000t\u5171\u4e00\u884c\uff0c\u6709\u4e00\u4e2a\u6574\u6570\uff0c\u8868\u793a\u7b26\u5408\u9898\u610f\u7684\u65b9\u6cd5\u6570\u3002<br /> \u8f93\u51fa\u6837\u4f8b: <br />2"
    },
    "test_case_score": [
        {
            "score": 100,
            "input_name": "1.in",
            "output_name": "1.out"
        },
        {
            "score": 100,
            "input_name": "2.in",
            "output_name": "2.out"
        },
        {
            "score": 100,
            "input_name": "3.in",
            "output_name": "3.out"
        },
        {
            "score": 100,
            "input_name": "4.in",
            "output_name": "4.out"
        },
        {
            "score": 100,
            "input_name": "5.in",
            "output_name": "5.out"
        },
        {
            "score": 100,
            "input_name": "6.in",
            "output_name": "6.out"
        },
        {
            "score": 100,
            "input_name": "7.in",
            "output_name": "7.out"
        },
        {
            "score": 100,
            "input_name": "8.in",
            "output_name": "8.out"
        },
        {
            "score": 100,
            "input_name": "9.in",
            "output_name": "9.out"
        },
        {
            "score": 100,
            "input_name": "10.in",
            "output_name": "10.out"
        }
    ],
    "hint": {
        "format": "html",
        "value": "HINT:\u65f6\u95f4\u9650\u5236\uff1a1.0s  \u5185\u5b58\u9650\u5236\uff1a256.0MB<br />\u3000\u300040%\u7684\u6570\u636e\u6ee1\u8db3\uff1a3&lt;=n&lt;=30\uff0c1&lt;=m&lt;=20<br /> \u3000\u3000100%\u7684\u6570\u636e\u6ee1\u8db3\uff1a3&lt;=n&lt;=30\uff0c1&lt;=m&lt;=30"
    },
    "time_limit": 1000,
    "memory_limit": 512,
    "samples": [
        {
            "input": "\u53c2\u8003\u4e0a\u6587 ",
            "output": "\u53c2\u8003\u4e0a\u6587"
        }
    ],
    "template": {},
    "spj": null,
    "rule_type": "ACM",
    "source": "\u84dd\u6865\u676f\u7ec3\u4e60\u7cfb\u7edf ID: 97 \u539f\u9898\u94fe\u63a5: http://lx.lanqiao.cn/problem.page?gpid=T97",
    "answers": []
}