{
    "display_id": "old1070",
    "title": "\u57fa\u7840\u7ec3\u4e60 Huffuman\u6811",
    "description": {
        "format": "html",
        "value": "<br />\u3000\u3000Huffman\u6811\u5728\u7f16\u7801\u4e2d\u6709\u7740\u5e7f\u6cdb\u7684\u5e94\u7528\u3002\u5728\u8fd9\u91cc\uff0c\u6211\u4eec\u53ea\u5173\u5fc3Huffman\u6811\u7684\u6784\u9020\u8fc7\u7a0b\u3002<br /> \u3000\u3000\u7ed9\u51fa\u4e00\u5217\u6570{p<sub>i</sub>}={p<sub>0</sub>, p<sub>1</sub>, \u2026, p<sub>n</sub><sub>-1</sub>}\uff0c\u7528\u8fd9\u5217\u6570\u6784\u9020Huffman\u6811\u7684\u8fc7\u7a0b\u5982\u4e0b\uff1a<br /> \u3000\u30001.      \u627e\u5230{p<sub>i</sub>}\u4e2d\u6700\u5c0f\u7684\u4e24\u4e2a\u6570\uff0c\u8bbe\u4e3ap<sub>a</sub>\u548cp<sub>b</sub>\uff0c\u5c06p<sub>a</sub>\u548cp<sub>b</sub>\u4ece{p<sub>i</sub>}\u4e2d\u5220\u9664\u6389\uff0c\u7136\u540e\u5c06\u5b83\u4eec\u7684\u548c\u52a0\u5165\u5230{p<sub>i</sub>}\u4e2d\u3002\u8fd9\u4e2a\u8fc7\u7a0b\u7684\u8d39\u7528\u8bb0\u4e3ap<sub>a</sub> + p<sub>b</sub>\u3002<br /> \u3000\u30002.      \u91cd\u590d\u6b65\u9aa41\uff0c\u76f4\u5230{p<sub>i</sub>}\u4e2d\u53ea\u5269\u4e0b\u4e00\u4e2a\u6570\u3002<br /> \u3000\u3000\u5728\u4e0a\u9762\u7684\u64cd\u4f5c\u8fc7\u7a0b\u4e2d\uff0c\u628a\u6240\u6709\u7684\u8d39\u7528\u76f8\u52a0\uff0c\u5c31\u5f97\u5230\u4e86\u6784\u9020Huffman\u6811\u7684\u603b\u8d39\u7528\u3002<br /> \u3000\u3000\u672c\u9898\u4efb\u52a1\uff1a\u5bf9\u4e8e\u7ed9\u5b9a\u7684\u4e00\u4e2a\u6570\u5217\uff0c\u73b0\u5728\u8bf7\u4f60\u6c42\u51fa\u7528\u8be5\u6570\u5217\u6784\u9020Huffman\u6811\u7684\u603b\u8d39\u7528\u3002<br /> <br /> \u3000\u3000\u4f8b\u5982\uff0c\u5bf9\u4e8e\u6570\u5217{p<sub>i</sub>}={5, 3, 8, 2, 9}\uff0cHuffman\u6811\u7684\u6784\u9020\u8fc7\u7a0b\u5982\u4e0b\uff1a<br /> \u3000\u30001.      \u627e\u5230{5, 3, 8, 2, 9}\u4e2d\u6700\u5c0f\u7684\u4e24\u4e2a\u6570\uff0c\u5206\u522b\u662f2\u548c3\uff0c\u4ece{p<sub>i</sub>}\u4e2d\u5220\u9664\u5b83\u4eec\u5e76\u5c06\u548c5\u52a0\u5165\uff0c\u5f97\u5230{5, 8, 9, 5}\uff0c\u8d39\u7528\u4e3a5\u3002<br /> \u3000\u30002.      \u627e\u5230{5, 8, 9, 5}\u4e2d\u6700\u5c0f\u7684\u4e24\u4e2a\u6570\uff0c\u5206\u522b\u662f5\u548c5\uff0c\u4ece{p<sub>i</sub>}\u4e2d\u5220\u9664\u5b83\u4eec\u5e76\u5c06\u548c10\u52a0\u5165\uff0c\u5f97\u5230{8, 9, 10}\uff0c\u8d39\u7528\u4e3a10\u3002<br /> \u3000\u30003.      \u627e\u5230{8, 9, 10}\u4e2d\u6700\u5c0f\u7684\u4e24\u4e2a\u6570\uff0c\u5206\u522b\u662f8\u548c9\uff0c\u4ece{p<sub>i</sub>}\u4e2d\u5220\u9664\u5b83\u4eec\u5e76\u5c06\u548c17\u52a0\u5165\uff0c\u5f97\u5230{10, 17}\uff0c\u8d39\u7528\u4e3a17\u3002<br /> \u3000\u30004.      \u627e\u5230{10, 17}\u4e2d\u6700\u5c0f\u7684\u4e24\u4e2a\u6570\uff0c\u5206\u522b\u662f10\u548c17\uff0c\u4ece{p<sub>i</sub>}\u4e2d\u5220\u9664\u5b83\u4eec\u5e76\u5c06\u548c27\u52a0\u5165\uff0c\u5f97\u5230{27}\uff0c\u8d39\u7528\u4e3a27\u3002<br /> \u3000\u30005.      \u73b0\u5728\uff0c\u6570\u5217\u4e2d\u53ea\u5269\u4e0b\u4e00\u4e2a\u657027\uff0c\u6784\u9020\u8fc7\u7a0b\u7ed3\u675f\uff0c\u603b\u8d39\u7528\u4e3a5+10+17+27=59\u3002"
    },
    "tags": [
        "\u84dd\u6865\u676f-\u57fa\u7840\u7ec3\u4e60"
    ],
    "input_description": {
        "format": "html",
        "value": "\u8f93\u5165\u63cf\u8ff0:<br />\u3000\u3000\u8f93\u5165\u7684\u7b2c\u4e00\u884c\u5305\u542b\u4e00\u4e2a\u6b63\u6574\u6570n\uff08n&lt;=100\uff09\u3002<br /> \u3000\u3000\u63a5\u4e0b\u6765\u662fn\u4e2a\u6b63\u6574\u6570\uff0c\u8868\u793ap<sub>0</sub>, p<sub>1</sub>, \u2026, p<sub>n</sub><sub>-1</sub>\uff0c\u6bcf\u4e2a\u6570\u4e0d\u8d85\u8fc71000\u3002 <br />\u8f93\u5165\u6837\u4f8b: <br />5<br /> 5 3 8 2 9"
    },
    "output_description": {
        "format": "html",
        "value": "<br />\u8f93\u51fa\u63cf\u8ff0: <br />\u3000\u3000\u8f93\u51fa\u7528\u8fd9\u4e9b\u6570\u6784\u9020Huffman\u6811\u7684\u603b\u8d39\u7528\u3002<br /> \u8f93\u51fa\u6837\u4f8b: <br />59"
    },
    "test_case_score": [
        {
            "score": 100,
            "input_name": "1.in",
            "output_name": "1.out"
        },
        {
            "score": 100,
            "input_name": "2.in",
            "output_name": "2.out"
        },
        {
            "score": 100,
            "input_name": "3.in",
            "output_name": "3.out"
        },
        {
            "score": 100,
            "input_name": "4.in",
            "output_name": "4.out"
        },
        {
            "score": 100,
            "input_name": "5.in",
            "output_name": "5.out"
        },
        {
            "score": 100,
            "input_name": "6.in",
            "output_name": "6.out"
        },
        {
            "score": 100,
            "input_name": "7.in",
            "output_name": "7.out"
        },
        {
            "score": 100,
            "input_name": "8.in",
            "output_name": "8.out"
        },
        {
            "score": 100,
            "input_name": "9.in",
            "output_name": "9.out"
        },
        {
            "score": 100,
            "input_name": "10.in",
            "output_name": "10.out"
        }
    ],
    "hint": {
        "format": "html",
        "value": "HINT:\u65f6\u95f4\u9650\u5236\uff1a1.0s  \u5185\u5b58\u9650\u5236\uff1a512.0MB<br />"
    },
    "time_limit": 1000,
    "memory_limit": 512,
    "samples": [
        {
            "input": "\u53c2\u8003\u4e0a\u6587 ",
            "output": "\u53c2\u8003\u4e0a\u6587"
        }
    ],
    "template": {},
    "spj": null,
    "rule_type": "ACM",
    "source": "\u84dd\u6865\u676f\u7ec3\u4e60\u7cfb\u7edf ID: 69 \u539f\u9898\u94fe\u63a5: http://lx.lanqiao.cn/problem.page?gpid=T69",
    "answers": []
}