{
    "display_id": "old1016",
    "title": "\u7b97\u6cd5\u8bad\u7ec3 \u6700\u77ed\u8def",
    "description": {
        "format": "html",
        "value": "<br /> \t<p>\u7ed9\u5b9a\u4e00\u4e2an\u4e2a\u9876\u70b9\uff0cm\u6761\u8fb9\u7684\u6709\u5411\u56fe\uff08\u5176\u4e2d\u67d0\u4e9b\u8fb9\u6743\u53ef\u80fd\u4e3a\u8d1f\uff0c\u4f46\u4fdd\u8bc1\u6ca1\u6709\u8d1f\u73af\uff09\u3002\u8bf7\u4f60\u8ba1\u7b97\u4ece1\u53f7\u70b9\u5230\u5176\u4ed6\u70b9\u7684\u6700\u77ed\u8def\uff08\u9876\u70b9\u4ece1\u5230n\u7f16\u53f7\uff09\u3002</p> "
    },
    "tags": [
        "\u84dd\u6865\u676f-\u7b97\u6cd5\u8bad\u7ec3"
    ],
    "input_description": {
        "format": "html",
        "value": "\u8f93\u5165\u63cf\u8ff0:<br /> \t<p>\u7b2c\u4e00\u884c\u4e24\u4e2a\u6574\u6570n, m\u3002</p> \t<p>\u63a5\u4e0b\u6765\u7684m\u884c\uff0c\u6bcf\u884c\u6709\u4e09\u4e2a\u6574\u6570u, v, l\uff0c\u8868\u793au\u5230v\u6709\u4e00\u6761\u957f\u5ea6\u4e3al\u7684\u8fb9\u3002</p>  <br />\u8f93\u5165\u6837\u4f8b: <br /> 3 3<br /> 1 2 -1<br /> 2 3 -1<br /> 3 1 2\t  "
    },
    "output_description": {
        "format": "html",
        "value": "<br />\u8f93\u51fa\u63cf\u8ff0: <br /> \t\u5171n-1\u884c\uff0c\u7b2ci\u884c\u8868\u793a1\u53f7\u70b9\u5230i+1\u53f7\u70b9\u7684\u6700\u77ed\u8def\u3002 <br /> \u8f93\u51fa\u6837\u4f8b: <br /> -1<br /> -2  \t"
    },
    "test_case_score": [
        {
            "score": 100,
            "input_name": "1.in",
            "output_name": "1.out"
        },
        {
            "score": 100,
            "input_name": "2.in",
            "output_name": "2.out"
        },
        {
            "score": 100,
            "input_name": "3.in",
            "output_name": "3.out"
        },
        {
            "score": 100,
            "input_name": "4.in",
            "output_name": "4.out"
        },
        {
            "score": 100,
            "input_name": "5.in",
            "output_name": "5.out"
        },
        {
            "score": 100,
            "input_name": "6.in",
            "output_name": "6.out"
        },
        {
            "score": 100,
            "input_name": "7.in",
            "output_name": "7.out"
        },
        {
            "score": 100,
            "input_name": "8.in",
            "output_name": "8.out"
        },
        {
            "score": 100,
            "input_name": "9.in",
            "output_name": "9.out"
        }
    ],
    "hint": {
        "format": "html",
        "value": "HINT:\u65f6\u95f4\u9650\u5236\uff1a1.0s  \u5185\u5b58\u9650\u5236\uff1a256.0MB<br /> <p>\u5bf9\u4e8e10%\u7684\u6570\u636e\uff0cn = 2\uff0cm = 2\u3002</p> <p>\u5bf9\u4e8e30%\u7684\u6570\u636e\uff0cn &lt;= 5\uff0cm &lt;= 10\u3002</p> <p>\u5bf9\u4e8e100%\u7684\u6570\u636e\uff0c1 &lt;= n &lt;= 20000\uff0c1 &lt;= m &lt;= 200000\uff0c-10000 &lt;= l &lt;= 10000\uff0c\u4fdd\u8bc1\u4ece\u4efb\u610f\u9876\u70b9\u90fd\u80fd\u5230\u8fbe\u5176\u4ed6\u6240\u6709\u9876\u70b9\u3002</p> "
    },
    "time_limit": 1000,
    "memory_limit": 512,
    "samples": [
        {
            "input": "\u53c2\u8003\u4e0a\u6587 ",
            "output": "\u53c2\u8003\u4e0a\u6587"
        }
    ],
    "template": {},
    "spj": null,
    "rule_type": "ACM",
    "source": "\u84dd\u6865\u676f\u7ec3\u4e60\u7cfb\u7edf ID: 15 \u539f\u9898\u94fe\u63a5: http://lx.lanqiao.cn/problem.page?gpid=T15",
    "answers": []
}