{
    "display_id": "sai_5_4_oi",
    "title": "\u65b9\u683c\u5bfb\u8def",
    "description": {
        "format": "html",
        "value": "<p>\u6709\u4e00\u4e2a7X7\u7684\u65b9\u683c\u3002\u65b9\u683c\u5de6\u4e0a\u89d2\u9876\u70b9\u5750\u6807\u4e3a(0,0)\uff0c\u53f3\u4e0b\u89d2\u5750\u6807\u4e3a(7,7)\u3002</p><p>\u6c42\u6ee1\u8db3\u4e0b\u5217\u6761\u4ef6\u7684\u8def\u5f84\u6761\u6570\uff1a</p><p>1\u3001\u8d77\u70b9\u548c\u7ec8\u70b9\u90fd\u662f(0,0)</p><p>2\u3001\u8def\u5f84\u4e0d\u81ea\u4ea4</p><p>3\u3001\u8def\u5f84\u957f\u5ea6\u4e0d\u5927\u4e8e12</p><p>4\u3001\u5bf9\u4e8e\u6bcf\u4e00\u4e2a\u9876\u70b9\uff0c\u6709\u4e0a\u4e0b\u5de6\u53f3\u56db\u4e2a\u65b9\u5411\u53ef\u4ee5\u8d70\uff0c\u4f46\u662f\u4e0d\u80fd\u8d8a\u754c\u3002</p><p><br /></p><p><img alt=\"\u65e0\u6807\u9898.png\" src=\"/public/upload/e9ccdf5518.png\" width=\"965\" height=\"519\" /><br /></p>"
    },
    "tags": [
        "2019\u84dd\u6865\u676f\u56fd\u8d5b"
    ],
    "input_description": {
        "format": "html",
        "value": "<p>\u65e0</p>"
    },
    "output_description": {
        "format": "html",
        "value": "<p>\u65e0</p>"
    },
    "test_case_score": [
        {
            "score": 15,
            "input_name": "1.in",
            "output_name": "1.out"
        }
    ],
    "hint": {
        "format": "html",
        "value": "<p>\u6211\u611f\u89c9\u4ed6\u4eec\u535a\u5ba2\u4e0a\u5199\u7684\u53ef\u80fd\u6709\u70b9\u95ee\u9898\uff1f\u56e0\u4e3a\u597d\u50cf\u6700\u591a\u8d70\u5230(0,5)\u6216(5,0)\u5c31\u5fc5\u987b\u7ed5\u9053\u6298\u8fd4\u4e86\uff0c\u66f4\u522b\u8bf412\u6b65\u6839\u672c\u8d70\u4e0d\u5230(7,7)\u4e86\u3002\u6240\u4ee5\u662f\u4e0d\u662f\u5176\u5b9e\u4e0d\u662f\u5c0f\u4e8e12\u6b65\u800c\u662f\u5c0f\u4e8e22\u6b65\u4e4b\u7c7b\u7684\uff1femmmm\uff0c\u7b97\u4e86\u5c31\u8fd9\u4e48\u505a\u5427\u3002</p>"
    },
    "time_limit": 1000,
    "memory_limit": 256,
    "samples": [
        {
            "input": "\u65e0",
            "output": "\u65e0"
        }
    ],
    "template": {},
    "spj": null,
    "rule_type": "OI",
    "source": "2019\u5e74\u7b2c\u5341\u5c4a\u84dd\u6865\u676fc/c++B\u7ec4\u56fd\u8d5b\u51b3\u8d5b\u771f\u9898\u9898\u76ee",
    "answers": []
}