{
    "display_id": "old1076",
    "title": "\u7b97\u6cd5\u8bad\u7ec3 \u65c5\u884c\u5bb6\u7684\u9884\u7b97",
    "description": {
        "format": "html",
        "value": "<br />\u3000\u3000\u4e00\u4e2a\u65c5\u884c\u5bb6\u60f3\u9a7e\u9a76\u6c7d\u8f66\u4ee5\u6700\u5c11\u7684\u8d39\u7528\u4ece\u4e00\u4e2a\u57ce\u5e02\u5230\u53e6\u4e00\u4e2a\u57ce\u5e02\uff08\u5047\u8bbe\u51fa\u53d1\u65f6\u6cb9\u7bb1\u662f\u7a7a\u7684\uff09\u3002\u7ed9\u5b9a\u4e24\u4e2a\u57ce\u5e02\u4e4b\u95f4\u7684\u8ddd\u79bbD1\u3001\u6c7d\u8f66\u6cb9\u7bb1\u7684\u5bb9\u91cfC\uff08\u4ee5\u5347\u4e3a\u5355\u4f4d\uff09\u3001\u6bcf\u5347\u6c7d\u6cb9\u80fd\u884c\u9a76\u7684\u8ddd\u79bbD2\u3001\u51fa\u53d1\u70b9\u6bcf\u5347\u6c7d\u6cb9\u4ef7\u683cP\u548c\u6cbf\u9014\u6cb9\u7ad9\u6570N\uff08N\u53ef\u4ee5\u4e3a\u96f6\uff09\uff0c\u6cb9\u7ad9i\u79bb\u51fa\u53d1\u70b9\u7684\u8ddd\u79bbDi\u3001\u6bcf\u5347\u6c7d\u6cb9\u4ef7\u683cPi\uff08i=1\uff0c2\uff0c\u2026\u2026N\uff09\u3002\u8ba1\u7b97\u7ed3\u679c\u56db\u820d\u4e94\u5165\u81f3\u5c0f\u6570\u70b9\u540e\u4e24\u4f4d\u3002\u5982\u679c\u65e0\u6cd5\u5230\u8fbe\u76ee\u7684\u5730\uff0c\u5219\u8f93\u51fa\u201cNo Solution\u201d\u3002"
    },
    "tags": [
        "\u84dd\u6865\u676f-\u7b97\u6cd5\u8bad\u7ec3"
    ],
    "input_description": {
        "format": "html",
        "value": "\u8f93\u5165\u63cf\u8ff0:<br />\u3000\u3000\u7b2c\u4e00\u884c\u4e3a4\u4e2a\u5b9e\u6570D1\u3001C\u3001D2\u3001P\u4e0e\u4e00\u4e2a\u975e\u8d1f\u6574\u6570N\uff1b<br /> \u3000\u3000\u63a5\u4e0b\u6765N\u884c\uff0c\u6bcf\u884c\u4e24\u4e2a\u5b9e\u6570Di\u3001Pi\u3002 <br />\u8f93\u5165\u6837\u4f8b: <br />275.6 11.9 27.4 2.8 2<br /> 102.0 2.9<br /> 220.0 2.2"
    },
    "output_description": {
        "format": "html",
        "value": "<br />\u8f93\u51fa\u63cf\u8ff0: <br />\u3000\u3000\u5982\u679c\u53ef\u4ee5\u5230\u8fbe\u76ee\u7684\u5730\uff0c\u8f93\u51fa\u4e00\u4e2a\u5b9e\u6570\uff08\u56db\u820d\u4e94\u5165\u81f3\u5c0f\u6570\u70b9\u540e\u4e24\u4f4d\uff09\uff0c\u8868\u793a\u6700\u5c0f\u8d39\u7528\uff1b\u5426\u5219\u8f93\u51fa\u201cNo Solution\u201d\uff08\u4e0d\u542b\u5f15\u53f7\uff09\u3002<br /> \u8f93\u51fa\u6837\u4f8b: <br />26.95"
    },
    "test_case_score": [
        {
            "score": 100,
            "input_name": "1.in",
            "output_name": "1.out"
        },
        {
            "score": 100,
            "input_name": "2.in",
            "output_name": "2.out"
        },
        {
            "score": 100,
            "input_name": "3.in",
            "output_name": "3.out"
        },
        {
            "score": 100,
            "input_name": "4.in",
            "output_name": "4.out"
        }
    ],
    "hint": {
        "format": "html",
        "value": "HINT:\u65f6\u95f4\u9650\u5236\uff1a1.0s  \u5185\u5b58\u9650\u5236\uff1a256.0MB<br />"
    },
    "time_limit": 1000,
    "memory_limit": 512,
    "samples": [
        {
            "input": "\u53c2\u8003\u4e0a\u6587 ",
            "output": "\u53c2\u8003\u4e0a\u6587"
        }
    ],
    "template": {},
    "spj": null,
    "rule_type": "ACM",
    "source": "\u84dd\u6865\u676f\u7ec3\u4e60\u7cfb\u7edf ID: 75 \u539f\u9898\u94fe\u63a5: http://lx.lanqiao.cn/problem.page?gpid=T75",
    "answers": []
}