{
    "display_id": "old1021",
    "title": "\u7b97\u6cd5\u63d0\u9ad8 \u77e9\u9635\u7ffb\u8f6c",
    "description": {
        "format": "html",
        "value": "<br /> \t<p>Ciel\u6709\u4e00\u4e2aN*N\u7684\u77e9\u9635\uff0c\u6bcf\u4e2a\u683c\u5b50\u91cc\u90fd\u6709\u4e00\u4e2a\u6574\u6570\u3002</p> \t<p>N\u662f\u4e00\u4e2a\u5947\u6570\uff0c\u8bbeX = (N+1)/2\u3002Ciel\u6bcf\u6b21\u90fd\u53ef\u4ee5\u505a\u8fd9\u6837\u7684\u4e00\u6b21\u64cd\u4f5c\uff1a\u4ed6\u4ece\u77e9\u9635\u9009\u51fa\u4e00\u4e2aX*X\u7684\u5b50\u77e9\u9635\uff0c\u5e76\u5c06\u8fd9\u4e2a\u5b50\u77e9\u9635\u4e2d\u7684\u6240\u6709\u6574\u6570\u90fd\u4e58\u4ee5-1\u3002</p> \t<p>\u73b0\u5728\u95ee\u4f60\u7ecf\u8fc7\u4e00\u4e9b\u64cd\u4f5c\u4e4b\u540e\uff0c\u77e9\u9635\u4e2d\u6240\u6709\u6570\u7684\u548c\u6700\u5927\u53ef\u4ee5\u4e3a\u591a\u5c11\u3002</p> "
    },
    "tags": [
        "\u84dd\u6865\u676f-\u7b97\u6cd5\u63d0\u9ad8"
    ],
    "input_description": {
        "format": "html",
        "value": "\u8f93\u5165\u63cf\u8ff0:<br /> \t<p>\u7b2c\u4e00\u884c\u4e3a\u4e00\u4e2a\u6b63\u6574\u6570N\u3002</p> \t<p>\u63a5\u4e0b\u6765N\u884c\u6bcf\u884c\u6709N\u4e2a\u6574\u6570\uff0c\u8868\u793a\u521d\u59cb\u77e9\u9635\u4e2d\u7684\u6570\u5b57\u3002\u6bcf\u4e2a\u6570\u7684\u7edd\u5bf9\u503c\u4e0d\u8d85\u8fc71000\u3002</p>  <br />\u8f93\u5165\u6837\u4f8b: <br /> 3<br /> -1 -1 1<br /> -1 1 -1<br /> 1 -1 -1 "
    },
    "output_description": {
        "format": "html",
        "value": "<br />\u8f93\u51fa\u63cf\u8ff0: <br /> \t\u8f93\u51fa\u4e00\u4e2a\u6574\u6570\uff0c\u8868\u793a\u64cd\u4f5c\u540e\u77e9\u9635\u4e2d\u6240\u6709\u6570\u4e4b\u548c\u7684\u6700\u5927\u503c\u3002 <br /> \u8f93\u51fa\u6837\u4f8b: <br /> 9 \t"
    },
    "test_case_score": [
        {
            "score": 100,
            "input_name": "1.in",
            "output_name": "1.out"
        },
        {
            "score": 100,
            "input_name": "2.in",
            "output_name": "2.out"
        },
        {
            "score": 100,
            "input_name": "3.in",
            "output_name": "3.out"
        },
        {
            "score": 100,
            "input_name": "4.in",
            "output_name": "4.out"
        },
        {
            "score": 100,
            "input_name": "5.in",
            "output_name": "5.out"
        },
        {
            "score": 100,
            "input_name": "6.in",
            "output_name": "6.out"
        },
        {
            "score": 100,
            "input_name": "7.in",
            "output_name": "7.out"
        },
        {
            "score": 100,
            "input_name": "8.in",
            "output_name": "8.out"
        },
        {
            "score": 100,
            "input_name": "9.in",
            "output_name": "9.out"
        }
    ],
    "hint": {
        "format": "html",
        "value": "HINT:\u65f6\u95f4\u9650\u5236\uff1a1.0s  \u5185\u5b58\u9650\u5236\uff1a256.0MB<br /> \t<p>1 &lt;= N &lt;= 33\uff0c\u4e14N\u4e3a\u5947\u6570\u3002</p> "
    },
    "time_limit": 1000,
    "memory_limit": 512,
    "samples": [
        {
            "input": "\u53c2\u8003\u4e0a\u6587 ",
            "output": "\u53c2\u8003\u4e0a\u6587"
        }
    ],
    "template": {},
    "spj": null,
    "rule_type": "ACM",
    "source": "\u84dd\u6865\u676f\u7ec3\u4e60\u7cfb\u7edf ID: 20 \u539f\u9898\u94fe\u63a5: http://lx.lanqiao.cn/problem.page?gpid=T20",
    "answers": []
}