{
    "display_id": "old1227",
    "title": "\u7b97\u6cd5\u63d0\u9ad8 \u5206\u5206\u949f\u7684\u788e\u788e\u5ff5",
    "description": {
        "format": "html",
        "value": "<br />\u3000\u3000\u4ee5\u524d\u6709\u4e2a\u5b69\u5b50\uff0c\u4ed6\u5206\u5206\u949f\u90fd\u5728\u788e\u788e\u5ff5\u3002\u4e0d\u8fc7\uff0c\u4ed6\u7684\u5ff5\u5934\u4e4b\u95f4\u662f\u6709\u56e0\u679c\u5173\u7cfb\u7684\u3002\u4ed6\u4f1a\u5728\u672c\u5b50\u91cc\u8bb0\u5f55\u6bcf\u4e00\u4e2a\u5ff5\u5934\uff0c\u5e76\u7528\u7bad\u5934\u753b\u51fa\u8fd9\u4e2a\u5ff5\u5934\u7684\u6765\u6e90\u4e8e\u4e4b\u524d\u7684\u54ea\u4e00\u4e2a\u5ff5\u5934\u3002\u7ffb\u5f00\u8fd9\u4e2a\u672c\u5b50\uff0c\u4f60\u4e00\u5b9a\u4f1a\u88ab\u4e92\u76f8\u7a7f\u68ad\u7684\u7bad\u5934\u7ed9\u6405\u6655\uff0c\u73b0\u5728\u4ed6\u5e0c\u671b\u4f60\u7528\u7a0b\u5e8f\u8ba1\u7b97\u51fa\u8fd9\u4e9b\u5ff5\u5934\u4e2d\u6700\u957f\u7684\u4e00\u6761\u56e0\u679c\u94fe\u3002<br /> \u3000\u3000\u5c06\u5ff5\u5934\u4ece1\u5230n\u7f16\u53f7\uff0c\u5ff5\u5934i\u6765\u6e90\u4e8e\u5ff5\u5934from[i]\uff0c\u4fdd\u8bc1from[i]&lt;i\uff0cfrom[i]=0\u8868\u793a\u8be5\u5ff5\u5934\u6ca1\u6709\u6765\u6e90\u5ff5\u5934\uff0c\u53ea\u662f\u8111\u888b\u4e00\u62bd\uff0c\u7075\u5149\u4e00\u73b0\u3002"
    },
    "tags": [
        "\u84dd\u6865\u676f-\u7b97\u6cd5\u63d0\u9ad8"
    ],
    "input_description": {
        "format": "html",
        "value": "\u8f93\u5165\u63cf\u8ff0:<br />\u3000\u3000\u7b2c\u4e00\u884c\u4e00\u4e2a\u6b63\u6574\u6570n\u8868\u793a\u5ff5\u5934\u7684\u6570\u91cf<br /> \u3000\u3000\u63a5\u4e0b\u6765n\u884c\u4f9d\u6b21\u7ed9\u51fafrom[1]\uff0cfrom[2]\uff0c\u2026\uff0cfrom[n] <br />\u8f93\u5165\u6837\u4f8b: <br />8<br /> 0<br /> 1<br /> 0<br /> 3<br /> 2<br /> 4<br /> 2<br /> 4"
    },
    "output_description": {
        "format": "html",
        "value": "<br />\u8f93\u51fa\u63cf\u8ff0: <br />\u3000\u3000\u5171\u4e00\u884c\uff0c\u4e00\u4e2a\u6b63\u6574\u6570L\u8868\u793a\u6700\u957f\u7684\u5ff5\u5934\u56e0\u679c\u94fe\u4e2d\u7684\u5ff5\u5934\u6570\u91cf<br /> \u8f93\u51fa\u6837\u4f8b: <br />3"
    },
    "test_case_score": [
        {
            "score": 100,
            "input_name": "1.in",
            "output_name": "1.out"
        },
        {
            "score": 100,
            "input_name": "2.in",
            "output_name": "2.out"
        },
        {
            "score": 100,
            "input_name": "3.in",
            "output_name": "3.out"
        },
        {
            "score": 100,
            "input_name": "4.in",
            "output_name": "4.out"
        },
        {
            "score": 100,
            "input_name": "5.in",
            "output_name": "5.out"
        },
        {
            "score": 100,
            "input_name": "6.in",
            "output_name": "6.out"
        },
        {
            "score": 100,
            "input_name": "7.in",
            "output_name": "7.out"
        },
        {
            "score": 100,
            "input_name": "8.in",
            "output_name": "8.out"
        },
        {
            "score": 100,
            "input_name": "9.in",
            "output_name": "9.out"
        },
        {
            "score": 100,
            "input_name": "10.in",
            "output_name": "10.out"
        }
    ],
    "hint": {
        "format": "html",
        "value": "HINT:\u65f6\u95f4\u9650\u5236\uff1a1.0s  \u5185\u5b58\u9650\u5236\uff1a256.0MB<br />\u3000\u3000\u6700\u957f\u7684\u56e0\u679c\u94fe\u6709\uff1a<br /> \u3000\u30001-&gt;2-&gt;5 (from[5]=2,from[2]=1,from[1]=0)<br /> \u3000\u30001-&gt;2-&gt;7 (from[7]=2,from[2]=1,from[1]=0)<br /> \u3000\u30003-&gt;4-&gt;6 (from[6]=4,from[4]=3,from[3]=0)<br /> \u3000\u30003-&gt;4-&gt;8 (from[8]=4,from[4]=3,from[3]=0)"
    },
    "time_limit": 1000,
    "memory_limit": 512,
    "samples": [
        {
            "input": "\u53c2\u8003\u4e0a\u6587 ",
            "output": "\u53c2\u8003\u4e0a\u6587"
        }
    ],
    "template": {},
    "spj": null,
    "rule_type": "ACM",
    "source": "\u84dd\u6865\u676f\u7ec3\u4e60\u7cfb\u7edf ID: 307 \u539f\u9898\u94fe\u63a5: http://lx.lanqiao.cn/problem.page?gpid=T307",
    "answers": []
}