{
    "display_id": "old1251",
    "title": "\u7b97\u6cd5\u63d0\u9ad8 \u524d10\u540d",
    "description": {
        "format": "html",
        "value": "<br />\u3000\u3000\u6570\u636e\u5f88\u591a\uff0c\u4f46\u6211\u4eec\u7ecf\u5e38\u53ea\u53d6\u524d\u51e0\u540d\uff0c\u6bd4\u5982\u5965\u8fd0\u53ea\u53d6\u524d3\u540d\u3002\u73b0\u5728\u6211\u4eec\u6709n\u4e2a\u6570\u636e\uff0c\u8bf7\u6309\u4ece\u5927\u5230\u5c0f\u7684\u987a\u5e8f\uff0c\u8f93\u51fa\u524d10\u4e2a\u540d\u6570\u636e\u3002"
    },
    "tags": [
        "\u84dd\u6865\u676f-\u7b97\u6cd5\u63d0\u9ad8"
    ],
    "input_description": {
        "format": "html",
        "value": "\u8f93\u5165\u63cf\u8ff0:<br />\u3000\u3000\u4e24\u884c\u3002<br /> \u3000\u3000\u7b2c\u4e00\u884c\u4e00\u4e2a\u6574\u6570n\uff0c\u8868\u793a\u8981\u5bf9\u591a\u5c11\u4e2a\u6570\u636e<br /> \u3000\u3000\u7b2c\u4e8c\u884c\u6709n\u4e2a\u6574\u6570\uff0c\u4e2d\u95f4\u7528\u7a7a\u683c\u5206\u9694\u3002\u8868\u793an\u4e2a\u6570\u636e\u3002 <br />\u8f93\u5165\u6837\u4f8b: <br />26<br /> 54 27 87 16 63 40 40 22 61 6 57 70 0 42 11 50 13 5 56 7 8 86 56 91 68 59"
    },
    "output_description": {
        "format": "html",
        "value": "<br />\u8f93\u51fa\u63cf\u8ff0: <br />\u3000\u3000\u4e00\u884c\uff0c\u6309\u4ece\u5927\u5230\u5c0f\u6392\u5217\u7684\u524d10\u4e2a\u6570\u636e\uff0c\u6bcf\u4e2a\u6570\u636e\u4e4b\u95f4\u7528\u4e00\u4e2a\u7a7a\u683c\u9694\u5f00\u3002<br /> \u8f93\u51fa\u6837\u4f8b: <br />91 87 86 70 68 63 61 59 57 56"
    },
    "test_case_score": [
        {
            "score": 100,
            "input_name": "1.in",
            "output_name": "1.out"
        },
        {
            "score": 100,
            "input_name": "2.in",
            "output_name": "2.out"
        },
        {
            "score": 100,
            "input_name": "3.in",
            "output_name": "3.out"
        },
        {
            "score": 100,
            "input_name": "4.in",
            "output_name": "4.out"
        },
        {
            "score": 100,
            "input_name": "5.in",
            "output_name": "5.out"
        },
        {
            "score": 100,
            "input_name": "6.in",
            "output_name": "6.out"
        },
        {
            "score": 100,
            "input_name": "7.in",
            "output_name": "7.out"
        },
        {
            "score": 100,
            "input_name": "8.in",
            "output_name": "8.out"
        },
        {
            "score": 100,
            "input_name": "9.in",
            "output_name": "9.out"
        },
        {
            "score": 100,
            "input_name": "10.in",
            "output_name": "10.out"
        }
    ],
    "hint": {
        "format": "html",
        "value": "HINT:\u65f6\u95f4\u9650\u5236\uff1a1.0s  \u5185\u5b58\u9650\u5236\uff1a256.0MB<br />\u3000\u300010&lt;=n&lt;=200,\u5404\u4e2a\u6574\u6570\u4e0d\u8d85\u51fa\u6574\u578b\u8303\u56f4"
    },
    "time_limit": 1000,
    "memory_limit": 512,
    "samples": [
        {
            "input": "\u53c2\u8003\u4e0a\u6587 ",
            "output": "\u53c2\u8003\u4e0a\u6587"
        }
    ],
    "template": {},
    "spj": null,
    "rule_type": "ACM",
    "source": "\u84dd\u6865\u676f\u7ec3\u4e60\u7cfb\u7edf ID: 342 \u539f\u9898\u94fe\u63a5: http://lx.lanqiao.cn/problem.page?gpid=T342",
    "answers": []
}