{
    "display_id": "old1032",
    "title": "\u5386\u5c4a\u8bd5\u9898 \u4e70\u4e0d\u5230\u7684\u6570\u76ee",
    "description": {
        "format": "html",
        "value": "<br />  <p>\u5c0f\u660e\u5f00\u4e86\u4e00\u5bb6\u7cd6\u679c\u5e97\u3002\u4ed6\u522b\u51fa\u5fc3\u88c1\uff1a\u628a\u6c34\u679c\u7cd6\u5305\u62104\u9897\u4e00\u5305\u548c7\u9897\u4e00\u5305\u7684\u4e24\u79cd\u3002\u7cd6\u679c\u4e0d\u80fd\u62c6\u5305\u5356\u3002</p> <p>\u5c0f\u670b\u53cb\u6765\u4e70\u7cd6\u7684\u65f6\u5019\uff0c\u4ed6\u5c31\u7528\u8fd9\u4e24\u79cd\u5305\u88c5\u6765\u7ec4\u5408\u3002\u5f53\u7136\u6709\u4e9b\u7cd6\u679c\u6570\u76ee\u662f\u65e0\u6cd5\u7ec4\u5408\u51fa\u6765\u7684\uff0c\u6bd4\u5982\u8981\u4e70 10 \u9897\u7cd6\u3002</p> <p>\u4f60\u53ef\u4ee5\u7528\u8ba1\u7b97\u673a\u6d4b\u8bd5\u4e00\u4e0b\uff0c\u5728\u8fd9\u79cd\u5305\u88c5\u60c5\u51b5\u4e0b\uff0c\u6700\u5927\u4e0d\u80fd\u4e70\u5230\u7684\u6570\u91cf\u662f17\u3002\u5927\u4e8e17\u7684\u4efb\u4f55\u6570\u5b57\u90fd\u53ef\u4ee5\u75284\u548c7\u7ec4\u5408\u51fa\u6765\u3002</p> <p>\u672c\u9898\u7684\u8981\u6c42\u5c31\u662f\u5728\u5df2\u77e5\u4e24\u4e2a\u5305\u88c5\u7684\u6570\u91cf\u65f6\uff0c\u6c42\u6700\u5927\u4e0d\u80fd\u7ec4\u5408\u51fa\u7684\u6570\u5b57\u3002</p>  "
    },
    "tags": [
        "\u84dd\u6865\u676f-\u5386\u5c4a\u8bd5\u9898"
    ],
    "input_description": {
        "format": "html",
        "value": "\u8f93\u5165\u63cf\u8ff0:<br />  <p>\u4e24\u4e2a\u6b63\u6574\u6570\uff0c\u8868\u793a\u6bcf\u79cd\u5305\u88c5\u4e2d\u7cd6\u7684\u9897\u6570(\u90fd\u4e0d\u591a\u4e8e1000)</p>   <br />\u8f93\u5165\u6837\u4f8b: <br /> 4 7<br /> "
    },
    "output_description": {
        "format": "html",
        "value": "<br />\u8f93\u51fa\u63cf\u8ff0: <br />  <p>\u4e00\u4e2a\u6b63\u6574\u6570\uff0c\u8868\u793a\u6700\u5927\u4e0d\u80fd\u4e70\u5230\u7684\u7cd6\u6570</p>  <br /> \u8f93\u51fa\u6837\u4f8b: <br /> 17 \t"
    },
    "test_case_score": [
        {
            "score": 100,
            "input_name": "1.in",
            "output_name": "1.out"
        },
        {
            "score": 100,
            "input_name": "2.in",
            "output_name": "2.out"
        },
        {
            "score": 100,
            "input_name": "3.in",
            "output_name": "3.out"
        }
    ],
    "hint": {
        "format": "html",
        "value": "HINT:\u65f6\u95f4\u9650\u5236\uff1a1.0s  \u5185\u5b58\u9650\u5236\uff1a256.0MB<br />"
    },
    "time_limit": 1000,
    "memory_limit": 512,
    "samples": [
        {
            "input": "\u53c2\u8003\u4e0a\u6587 ",
            "output": "\u53c2\u8003\u4e0a\u6587"
        }
    ],
    "template": {},
    "spj": null,
    "rule_type": "ACM",
    "source": "\u84dd\u6865\u676f\u7ec3\u4e60\u7cfb\u7edf ID: 31 \u539f\u9898\u94fe\u63a5: http://lx.lanqiao.cn/problem.page?gpid=T31",
    "answers": []
}