{
    "display_id": "old1112",
    "title": "\u7b97\u6cd5\u8bad\u7ec3 \u6392\u5217\u95ee\u9898",
    "description": {
        "format": "html",
        "value": "<br />\u3000\u3000\u6c42\u4e00\u4e2a0\uff5eN-1\u7684\u6392\u5217\uff08\u5373\u6bcf\u4e2a\u6570\u53ea\u80fd\u51fa\u73b0\u4e00\u6b21\uff09\uff0c\u7ed9\u51fa\u9650\u5236\u6761\u4ef6\uff08\u4e00\u5f20N*N\u7684\u8868\uff0c\u7b2ci\u884c\u7b2cj\u5217\u76841\u62160\uff0c\u8868\u793a\u4e3aj-1\u8fd9\u4e2a\u6570\u4e0d\u80fd\u51fa\u73b0\u5728i-1\u8fd9\u4e2a\u6570\u540e\u9762\uff0c\u5e76\u4fdd\u8bc1\u7b2ci\u884c\u7b2ci\u5217\u4e3a0\uff09\uff0c\u5c06\u8fd9\u4e2a\u6392\u5217\u770b\u6210\u4e00\u4e2a\u81ea\u7136\u6570\uff0c\u6c42\u4ece\u5c0f\u5230\u5927\u6392\u5e8f\u7b2cK\u4e2a\u6392\u5217\u3002"
    },
    "tags": [
        "\u84dd\u6865\u676f-\u7b97\u6cd5\u8bad\u7ec3"
    ],
    "input_description": {
        "format": "html",
        "value": "\u8f93\u5165\u63cf\u8ff0:<br />\u3000\u3000N&lt;=10\uff0cK&lt;=500000 <br />\u8f93\u5165\u6837\u4f8b: <br />"
    },
    "output_description": {
        "format": "html",
        "value": "<br />\u8f93\u51fa\u63cf\u8ff0: <br />\u3000\u3000\u7b2c\u4e00\u884c\u4e3aN\u548cK,\u63a5\u4e0b\u6765\u7684N\u884c\uff0c\u6bcf\u884cN\u4e2a\u6570\uff0c0\u8868\u793a\u4e0d\u80fd\uff0c1\u8868\u793a\u80fd<br /> \u8f93\u51fa\u6837\u4f8b: <br />"
    },
    "test_case_score": [
        {
            "score": 100,
            "input_name": "1.in",
            "output_name": "1.out"
        },
        {
            "score": 100,
            "input_name": "2.in",
            "output_name": "2.out"
        }
    ],
    "hint": {
        "format": "html",
        "value": "HINT:\u65f6\u95f4\u9650\u5236\uff1a1.0s  \u5185\u5b58\u9650\u5236\uff1a512.0MB<br />\u3000\u3000\u6240\u6c42\u7684\u6392\u5217"
    },
    "time_limit": 1000,
    "memory_limit": 512,
    "samples": [
        {
            "input": "\u53c2\u8003\u4e0a\u6587 ",
            "output": "\u53c2\u8003\u4e0a\u6587"
        }
    ],
    "template": {},
    "spj": null,
    "rule_type": "ACM",
    "source": "\u84dd\u6865\u676f\u7ec3\u4e60\u7cfb\u7edf ID: 131 \u539f\u9898\u94fe\u63a5: http://lx.lanqiao.cn/problem.page?gpid=T131",
    "answers": []
}