{
    "display_id": "old1165",
    "title": "\u7b97\u6cd5\u8bad\u7ec3 \u5b57\u7b26\u5220\u9664",
    "description": {
        "format": "html",
        "value": "<br /><b> </b><br /> <b>\u95ee\u9898\u63cf\u8ff0</b><br /> \u3000\u3000\u7f16\u5199\u4e00\u4e2a\u7a0b\u5e8f\uff0c\u5148\u8f93\u5165\u4e00\u4e2a\u5b57\u7b26\u4e32str\uff08\u957f\u5ea6\u4e0d\u8d85\u8fc720\uff09\uff0c\u518d\u8f93\u5165\u5355\u72ec\u7684\u4e00\u4e2a\u5b57\u7b26ch\uff0c\u7136\u540e\u7a0b\u5e8f\u4f1a\u628a\u5b57\u7b26\u4e32str\u5f53\u4e2d\u51fa\u73b0\u7684\u6240\u6709\u7684ch\u5b57\u7b26\u90fd\u5220\u6389\uff0c\u4ece\u800c\u5f97\u5230\u4e00\u4e2a\u65b0\u7684\u5b57\u7b26\u4e32str2\uff0c\u7136\u540e\u628a\u8fd9\u4e2a\u5b57\u7b26\u4e32\u6253\u5370\u51fa\u6765\u3002<br /> \u3000\u3000\u8f93\u5165\u683c\u5f0f\uff1a\u8f93\u5165\u6709\u4e24\u884c\uff0c\u7b2c\u4e00\u884c\u662f\u4e00\u4e2a\u5b57\u7b26\u4e32\uff08\u5185\u90e8\u6ca1\u6709\u7a7a\u683c\uff09\uff0c\u7b2c\u4e8c\u884c\u662f\u4e00\u4e2a\u5b57\u7b26\u3002<br /> \u3000\u3000\u8f93\u51fa\u683c\u5f0f\uff1a\u7ecf\u8fc7\u5904\u7406\u4ee5\u540e\u7684\u5b57\u7b26\u4e32\u3002<br /> <b>\u8f93\u5165\u8f93\u51fa\u6837\u4f8b</b>"
    },
    "tags": [
        "\u84dd\u6865\u676f-\u7b97\u6cd5\u8bad\u7ec3"
    ],
    "input_description": {
        "format": "html",
        "value": "\u8f93\u5165\u63cf\u8ff0:<br /> <br />\u8f93\u5165\u6837\u4f8b: <br />123-45-678<br /> -"
    },
    "output_description": {
        "format": "html",
        "value": "<br />\u8f93\u51fa\u63cf\u8ff0: <br /><br /> \u8f93\u51fa\u6837\u4f8b: <br />12345678"
    },
    "test_case_score": [
        {
            "score": 100,
            "input_name": "1.in",
            "output_name": "1.out"
        },
        {
            "score": 100,
            "input_name": "2.in",
            "output_name": "2.out"
        },
        {
            "score": 100,
            "input_name": "3.in",
            "output_name": "3.out"
        },
        {
            "score": 100,
            "input_name": "4.in",
            "output_name": "4.out"
        },
        {
            "score": 100,
            "input_name": "5.in",
            "output_name": "5.out"
        },
        {
            "score": 100,
            "input_name": "6.in",
            "output_name": "6.out"
        },
        {
            "score": 100,
            "input_name": "7.in",
            "output_name": "7.out"
        },
        {
            "score": 100,
            "input_name": "8.in",
            "output_name": "8.out"
        },
        {
            "score": 100,
            "input_name": "9.in",
            "output_name": "9.out"
        },
        {
            "score": 100,
            "input_name": "10.in",
            "output_name": "10.out"
        }
    ],
    "hint": {
        "format": "html",
        "value": "HINT:\u65f6\u95f4\u9650\u5236\uff1a1.0s  \u5185\u5b58\u9650\u5236\uff1a512.0MB<br />"
    },
    "time_limit": 1000,
    "memory_limit": 512,
    "samples": [
        {
            "input": "\u53c2\u8003\u4e0a\u6587 ",
            "output": "\u53c2\u8003\u4e0a\u6587"
        }
    ],
    "template": {},
    "spj": null,
    "rule_type": "ACM",
    "source": "\u84dd\u6865\u676f\u7ec3\u4e60\u7cfb\u7edf ID: 221 \u539f\u9898\u94fe\u63a5: http://lx.lanqiao.cn/problem.page?gpid=T221",
    "answers": []
}