{
    "display_id": "old1228",
    "title": "\u7b97\u6cd5\u63d0\u9ad8 \u73b0\u4ee3\u8bd7\u5982\u86af\u8693",
    "description": {
        "format": "html",
        "value": "<br />\u3000\u3000\u73b0\u4ee3\u8bd7\u5982\u86af\u8693<br /> \u3000\u3000\u65ad\u6210\u597d\u51e0\u622a\u90fd\u4e0d\u4f1a\u6b7b<br /> \u3000\u3000\u5b57\u7b26\u4e32\u65ad\u6210\u597d\u51e0\u622a<br /> \u3000\u3000\u6709\u53ef\u80fd\u5b8c\u5168\u4e00\u6837<br /> \u3000\u3000\u8bf7\u7f16\u5199\u7a0b\u5e8f<br /> \u3000\u3000\u8f93\u5165\u5b57\u7b26\u4e32<br /> \u3000\u3000\u8f93\u51fa\u8be5\u5b57\u7b26\u4e32\u6700\u591a\u80fd\u65ad\u6210\u591a\u5c11\u622a\u5b8c\u5168\u4e00\u6837\u7684\u5b50\u4e32"
    },
    "tags": [
        "\u84dd\u6865\u676f-\u7b97\u6cd5\u63d0\u9ad8"
    ],
    "input_description": {
        "format": "html",
        "value": "\u8f93\u5165\u63cf\u8ff0:<br />\u3000\u3000\u4e00\u884c\uff0c\u4e00\u4e2a\u5b57\u7b26\u4e32 <br />\u8f93\u5165\u6837\u4f8b: <br />abcabcabcabc"
    },
    "output_description": {
        "format": "html",
        "value": "<br />\u8f93\u51fa\u63cf\u8ff0: <br />\u3000\u3000\u4e00\u884c\uff0c\u4e00\u4e2a\u6b63\u6574\u6570\u8868\u793a\u8be5\u5b57\u7b26\u4e32\u6700\u591a\u80fd\u65ad\u6210\u7684\u622a\u6570<br /> \u8f93\u51fa\u6837\u4f8b: <br />4"
    },
    "test_case_score": [
        {
            "score": 100,
            "input_name": "1.in",
            "output_name": "1.out"
        },
        {
            "score": 100,
            "input_name": "2.in",
            "output_name": "2.out"
        },
        {
            "score": 100,
            "input_name": "3.in",
            "output_name": "3.out"
        },
        {
            "score": 100,
            "input_name": "4.in",
            "output_name": "4.out"
        },
        {
            "score": 100,
            "input_name": "5.in",
            "output_name": "5.out"
        },
        {
            "score": 100,
            "input_name": "6.in",
            "output_name": "6.out"
        },
        {
            "score": 100,
            "input_name": "7.in",
            "output_name": "7.out"
        },
        {
            "score": 100,
            "input_name": "8.in",
            "output_name": "8.out"
        },
        {
            "score": 100,
            "input_name": "9.in",
            "output_name": "9.out"
        },
        {
            "score": 100,
            "input_name": "10.in",
            "output_name": "10.out"
        }
    ],
    "hint": {
        "format": "html",
        "value": "HINT:\u65f6\u95f4\u9650\u5236\uff1a1.0s  \u5185\u5b58\u9650\u5236\uff1a256.0MB<br />\u3000\u3000\u6700\u591a\u80fd\u65ad\u6210\u56db\u4e2a\u201dabc\u201d\uff0c\u4e5f\u5c31\u662fabc\u91cd\u590d\u56db\u904d\u4fbf\u662f\u539f\u4e32<br /> \u3000\u3000\u540c\u65f6\u4e5f\u80fd\u65ad\u6210\u4e24\u4e2a\u201dabcabc\u201d<br /> \u3000\u3000\u6700\u574f\u60c5\u51b5\u662f\u65ad\u6210\u4e00\u4e2a\u539f\u4e32\u201dabcabcabcabc\u201d"
    },
    "time_limit": 1000,
    "memory_limit": 512,
    "samples": [
        {
            "input": "\u53c2\u8003\u4e0a\u6587 ",
            "output": "\u53c2\u8003\u4e0a\u6587"
        }
    ],
    "template": {},
    "spj": null,
    "rule_type": "ACM",
    "source": "\u84dd\u6865\u676f\u7ec3\u4e60\u7cfb\u7edf ID: 308 \u539f\u9898\u94fe\u63a5: http://lx.lanqiao.cn/problem.page?gpid=T308",
    "answers": []
}