{
    "display_id": "old1029",
    "title": "\u5386\u5c4a\u8bd5\u9898 \u9519\u8bef\u7968\u636e",
    "description": {
        "format": "html",
        "value": "<br /> <p>\u67d0\u6d89\u5bc6\u5355\u4f4d\u4e0b\u53d1\u4e86\u67d0\u79cd\u7968\u636e\uff0c\u5e76\u8981\u5728\u5e74\u7ec8\u5168\u90e8\u6536\u56de\u3002</p> <p>\u6bcf\u5f20\u7968\u636e\u6709\u552f\u4e00\u7684ID\u53f7\u3002\u5168\u5e74\u6240\u6709\u7968\u636e\u7684ID\u53f7\u662f\u8fde\u7eed\u7684\uff0c\u4f46ID\u7684\u5f00\u59cb\u6570\u7801\u662f\u968f\u673a\u9009\u5b9a\u7684\u3002</p> <p>\u56e0\u4e3a\u5de5\u4f5c\u4eba\u5458\u758f\u5ffd\uff0c\u5728\u5f55\u5165ID\u53f7\u7684\u65f6\u5019\u53d1\u751f\u4e86\u4e00\u5904\u9519\u8bef\uff0c\u9020\u6210\u4e86\u67d0\u4e2aID\u65ad\u53f7\uff0c\u53e6\u5916\u4e00\u4e2aID\u91cd\u53f7\u3002</p> <p>\u4f60\u7684\u4efb\u52a1\u662f\u901a\u8fc7\u7f16\u7a0b\uff0c\u627e\u51fa\u65ad\u53f7\u7684ID\u548c\u91cd\u53f7\u7684ID\u3002</p> <p>\u5047\u8bbe\u65ad\u53f7\u4e0d\u53ef\u80fd\u53d1\u751f\u5728\u6700\u5927\u548c\u6700\u5c0f\u53f7\u3002</p> "
    },
    "tags": [
        "\u84dd\u6865\u676f-\u5386\u5c4a\u8bd5\u9898"
    ],
    "input_description": {
        "format": "html",
        "value": "\u8f93\u5165\u63cf\u8ff0:<br /> <p>\u8981\u6c42\u7a0b\u5e8f\u9996\u5148\u8f93\u5165\u4e00\u4e2a\u6574\u6570N(N&lt;100)\u8868\u793a\u540e\u9762\u6570\u636e\u884c\u6570\u3002</p> <p>\u63a5\u7740\u8bfb\u5165N\u884c\u6570\u636e\u3002</p> <p>\u6bcf\u884c\u6570\u636e\u957f\u5ea6\u4e0d\u7b49\uff0c\u662f\u7528\u7a7a\u683c\u5206\u5f00\u7684\u82e5\u5e72\u4e2a\uff08\u4e0d\u5927\u4e8e100\u4e2a\uff09\u6b63\u6574\u6570\uff08\u4e0d\u5927\u4e8e100000\uff09\uff0c\u8bf7\u6ce8\u610f\u884c\u5185\u548c\u884c\u672b\u53ef\u80fd\u6709\u591a\u4f59\u7684\u7a7a\u683c\uff0c\u4f60\u7684\u7a0b\u5e8f\u9700\u8981\u80fd\u5904\u7406\u8fd9\u4e9b\u7a7a\u683c\u3002</p> <p>\u6bcf\u4e2a\u6574\u6570\u4ee3\u8868\u4e00\u4e2aID\u53f7\u3002</p>  <br />\u8f93\u5165\u6837\u4f8b: <br />2<br /> 5 6 8 11 9 <br /> 10 12 9"
    },
    "output_description": {
        "format": "html",
        "value": "<br />\u8f93\u51fa\u63cf\u8ff0: <br /> <p>\u8981\u6c42\u7a0b\u5e8f\u8f93\u51fa1\u884c\uff0c\u542b\u4e24\u4e2a\u6574\u6570m n\uff0c\u7528\u7a7a\u683c\u5206\u9694\u3002</p> <p>\u5176\u4e2d\uff0cm\u8868\u793a\u65ad\u53f7ID\uff0cn\u8868\u793a\u91cd\u53f7ID</p> <br /> \u8f93\u51fa\u6837\u4f8b: <br />7 9"
    },
    "test_case_score": [
        {
            "score": 100,
            "input_name": "1.in",
            "output_name": "1.out"
        },
        {
            "score": 100,
            "input_name": "2.in",
            "output_name": "2.out"
        }
    ],
    "hint": {
        "format": "html",
        "value": "HINT:\u65f6\u95f4\u9650\u5236\uff1a1.0s  \u5185\u5b58\u9650\u5236\uff1a256.0MB<br />"
    },
    "time_limit": 1000,
    "memory_limit": 512,
    "samples": [
        {
            "input": "\u53c2\u8003\u4e0a\u6587 ",
            "output": "\u53c2\u8003\u4e0a\u6587"
        }
    ],
    "template": {},
    "spj": null,
    "rule_type": "ACM",
    "source": "\u84dd\u6865\u676f\u7ec3\u4e60\u7cfb\u7edf ID: 28 \u539f\u9898\u94fe\u63a5: http://lx.lanqiao.cn/problem.page?gpid=T28",
    "answers": []
}