{
    "display_id": "old1137",
    "title": "\u7b97\u6cd5\u63d0\u9ad8 \u8d28\u56e0\u6570",
    "description": {
        "format": "html",
        "value": "<br />\u3000\u3000\u5c06\u4e00\u4e2a\u6b63\u6574\u6570N(1&lt;N&lt;32768)\u5206\u89e3\u8d28\u56e0\u6570\u3002\u4f8b\u5982\uff0c\u8f93\u516590\uff0c\u6253\u5370\u51fa90=2*3*3*5\u3002"
    },
    "tags": [
        "\u84dd\u6865\u676f-\u7b97\u6cd5\u63d0\u9ad8"
    ],
    "input_description": {
        "format": "html",
        "value": "\u8f93\u5165\u63cf\u8ff0:<br /> <br />\u8f93\u5165\u6837\u4f8b: <br />66"
    },
    "output_description": {
        "format": "html",
        "value": "<br />\u8f93\u51fa\u63cf\u8ff0: <br /><br /> \u8f93\u51fa\u6837\u4f8b: <br />66=2*3*11"
    },
    "test_case_score": [
        {
            "score": 100,
            "input_name": "1.in",
            "output_name": "1.out"
        },
        {
            "score": 100,
            "input_name": "2.in",
            "output_name": "2.out"
        },
        {
            "score": 100,
            "input_name": "3.in",
            "output_name": "3.out"
        },
        {
            "score": 100,
            "input_name": "4.in",
            "output_name": "4.out"
        },
        {
            "score": 100,
            "input_name": "5.in",
            "output_name": "5.out"
        },
        {
            "score": 100,
            "input_name": "6.in",
            "output_name": "6.out"
        },
        {
            "score": 100,
            "input_name": "7.in",
            "output_name": "7.out"
        },
        {
            "score": 100,
            "input_name": "8.in",
            "output_name": "8.out"
        },
        {
            "score": 100,
            "input_name": "9.in",
            "output_name": "9.out"
        },
        {
            "score": 100,
            "input_name": "10.in",
            "output_name": "10.out"
        },
        {
            "score": 100,
            "input_name": "11.in",
            "output_name": "11.out"
        },
        {
            "score": 100,
            "input_name": "12.in",
            "output_name": "12.out"
        },
        {
            "score": 100,
            "input_name": "13.in",
            "output_name": "13.out"
        },
        {
            "score": 100,
            "input_name": "14.in",
            "output_name": "14.out"
        },
        {
            "score": 100,
            "input_name": "15.in",
            "output_name": "15.out"
        },
        {
            "score": 100,
            "input_name": "16.in",
            "output_name": "16.out"
        },
        {
            "score": 100,
            "input_name": "17.in",
            "output_name": "17.out"
        },
        {
            "score": 100,
            "input_name": "18.in",
            "output_name": "18.out"
        },
        {
            "score": 100,
            "input_name": "19.in",
            "output_name": "19.out"
        }
    ],
    "hint": {
        "format": "html",
        "value": "HINT:\u65f6\u95f4\u9650\u5236\uff1a1.0s  \u5185\u5b58\u9650\u5236\uff1a512.0MB<br />"
    },
    "time_limit": 1000,
    "memory_limit": 512,
    "samples": [
        {
            "input": "\u53c2\u8003\u4e0a\u6587 ",
            "output": "\u53c2\u8003\u4e0a\u6587"
        }
    ],
    "template": {},
    "spj": null,
    "rule_type": "ACM",
    "source": "\u84dd\u6865\u676f\u7ec3\u4e60\u7cfb\u7edf ID: 166 \u539f\u9898\u94fe\u63a5: http://lx.lanqiao.cn/problem.page?gpid=T166",
    "answers": []
}