{
    "display_id": "old1052",
    "title": "\u57fa\u7840\u7ec3\u4e60 \u5341\u516d\u8fdb\u5236\u8f6c\u516b\u8fdb\u5236",
    "description": {
        "format": "html",
        "value": "<br /><b>\u95ee\u9898\u63cf\u8ff0</b><b></b><br /> \u3000\u3000\u7ed9\u5b9an\u4e2a\u5341\u516d\u8fdb\u5236\u6b63\u6574\u6570\uff0c\u8f93\u51fa\u5b83\u4eec\u5bf9\u5e94\u7684\u516b\u8fdb\u5236\u6570\u3002<br /> <br /> <b>\u8f93\u5165\u683c\u5f0f</b><b></b><br /> \u3000\u3000\u8f93\u5165\u7684\u7b2c\u4e00\u884c\u4e3a\u4e00\u4e2a\u6b63\u6574\u6570n \uff081&lt;=n&lt;=10\uff09\u3002<br /> \u3000\u3000\u63a5\u4e0b\u6765n\u884c\uff0c\u6bcf\u884c\u4e00\u4e2a\u75310~9\u3001\u5927\u5199\u5b57\u6bcdA~F\u7ec4\u6210\u7684\u5b57\u7b26\u4e32\uff0c\u8868\u793a\u8981\u8f6c\u6362\u7684\u5341\u516d\u8fdb\u5236\u6b63\u6574\u6570\uff0c\u6bcf\u4e2a\u5341\u516d\u8fdb\u5236\u6570\u957f\u5ea6\u4e0d\u8d85\u8fc7100000\u3002<br /> <br /> <b>\u8f93\u51fa\u683c\u5f0f</b><b></b><br /> \u3000\u3000\u8f93\u51fan\u884c\uff0c\u6bcf\u884c\u4e3a\u8f93\u5165\u5bf9\u5e94\u7684\u516b\u8fdb\u5236\u6b63\u6574\u6570\u3002<br /> <br /> \u3000\u3000<b>\u3010\u6ce8\u610f</b><b></b>\u3011<br /> \u3000\u3000\u8f93\u5165\u7684\u5341\u516d\u8fdb\u5236\u6570\u4e0d\u4f1a\u6709\u524d\u5bfc0\uff0c\u6bd4\u5982012A\u3002<br /> \u3000\u3000\u8f93\u51fa\u7684\u516b\u8fdb\u5236\u6570\u4e5f\u4e0d\u80fd\u6709\u524d\u5bfc0\u3002<br /> <br /> <b>\u6837\u4f8b\u8f93\u5165</b><b></b><br /> \u3000\u30002<br /> \u3000\u300039<br /> \u3000\u3000123ABC<br /> <br /> <b>\u6837\u4f8b\u8f93\u51fa</b><b></b><br /> \u3000\u300071<br /> \u3000\u30004435274<br /> <br /> \u3000\u3000<b><b>\u3010</b>\u63d0\u793a</b><b></b>\u3011<br /> \u3000\u3000\u5148\u5c06\u5341\u516d\u8fdb\u5236\u6570\u8f6c\u6362\u6210\u67d0\u8fdb\u5236\u6570\uff0c\u518d\u7531\u67d0\u8fdb\u5236\u6570\u8f6c\u6362\u6210\u516b\u8fdb\u5236\u3002"
    },
    "tags": [
        "\u84dd\u6865\u676f-\u57fa\u7840\u7ec3\u4e60"
    ],
    "input_description": {
        "format": "html",
        "value": "\u8f93\u5165\u63cf\u8ff0:<br /> <br />\u8f93\u5165\u6837\u4f8b: <br />"
    },
    "output_description": {
        "format": "html",
        "value": "<br />\u8f93\u51fa\u63cf\u8ff0: <br /><br /> \u8f93\u51fa\u6837\u4f8b: <br />"
    },
    "test_case_score": [
        {
            "score": 100,
            "input_name": "1.in",
            "output_name": "1.out"
        }
    ],
    "hint": {
        "format": "html",
        "value": "HINT:\u65f6\u95f4\u9650\u5236\uff1a1.0s  \u5185\u5b58\u9650\u5236\uff1a512.0MB<br />"
    },
    "time_limit": 1000,
    "memory_limit": 512,
    "samples": [
        {
            "input": "\u53c2\u8003\u4e0a\u6587 ",
            "output": "\u53c2\u8003\u4e0a\u6587"
        }
    ],
    "template": {},
    "spj": null,
    "rule_type": "ACM",
    "source": "\u84dd\u6865\u676f\u7ec3\u4e60\u7cfb\u7edf ID: 51 \u539f\u9898\u94fe\u63a5: http://lx.lanqiao.cn/problem.page?gpid=T51",
    "answers": []
}