{
    "display_id": "old1171",
    "title": "\u7b97\u6cd5\u63d0\u9ad8 \u5206\u6570\u7edf\u8ba1",
    "description": {
        "format": "html",
        "value": "<br />\u3000\u30002016.4.5\u5df2\u66f4\u65b0\u6b64\u9898\uff0c\u6b64\u524d\u7684\u7a0b\u5e8f\u9700\u8981\u91cd\u65b0\u63d0\u4ea4\u3002"
    },
    "tags": [
        "\u84dd\u6865\u676f-\u7b97\u6cd5\u63d0\u9ad8"
    ],
    "input_description": {
        "format": "html",
        "value": "\u8f93\u5165\u63cf\u8ff0:<br />\u3000\u3000\u7ed9\u5b9a\u4e00\u4e2a\u767e\u5206\u5236\u6210\u7ee9T\uff0c\u5c06\u5176\u5212\u5206\u4e3a\u5982\u4e0b\u4e94\u4e2a\u7b49\u7ea7\u4e4b\u4e00\uff1a<br /> \u3000\u300090~100\u4e3aA\uff0c80~89\u4e3aB\uff0c70~79\u4e3aC\uff0c60~69\u4e3aD\uff0c0~59\u4e3aE<br /> \u3000\u3000\u73b0\u5728\u7ed9\u5b9a\u4e00\u4e2a\u6587\u4ef6inp\uff0c\u6587\u4ef6\u4e2d\u5305\u542b\u82e5\u5e72\u767e\u5206\u5236\u6210\u7ee9\uff08\u6210\u7ee9\u4e2a\u6570\u4e0d\u8d85\u8fc7100\uff09\uff0c\u8bf7\u4f60\u7edf\u8ba1\u4e94\u4e2a\u7b49\u7ea7\u6bb5\u7684\u4eba\u6570\uff0c\u5e76\u627e\u51fa\u4eba\u6570\u6700\u591a\u7684\u90a3\u4e2a\u7b49\u7ea7\u6bb5\uff0c\u6309\u7167\u4ece\u5927\u5230\u5c0f\u7684\u987a\u5e8f\u8f93\u51fa\u8be5\u6bb5\u4e2d\u6240\u6709\u4eba\u6210\u7ee9\uff08\u4fdd\u8bc1\u4eba\u6570\u6700\u591a\u7684\u7b49\u7ea7\u53ea\u6709\u4e00\u4e2a\uff09\u3002\u8981\u6c42\u8f93\u51fa\u5230\u6307\u5b9a\u6587\u4ef6oup\u4e2d\u3002 <br />\u8f93\u5165\u6837\u4f8b: <br />100 80 85 77 55 61 82 90 71 60"
    },
    "output_description": {
        "format": "html",
        "value": "<br />\u8f93\u51fa\u63cf\u8ff0: <br />\u3000\u3000\u82e5\u5e720~100\u7684\u6b63\u6574\u6570\uff0c\u7528\u7a7a\u683c\u9694\u5f00<br /> \u8f93\u51fa\u6837\u4f8b: <br />2 3 2 2 1<br /> 3<br /> 85 82 80"
    },
    "test_case_score": [
        {
            "score": 100,
            "input_name": "1.in",
            "output_name": "1.out"
        },
        {
            "score": 100,
            "input_name": "2.in",
            "output_name": "2.out"
        },
        {
            "score": 100,
            "input_name": "3.in",
            "output_name": "3.out"
        },
        {
            "score": 100,
            "input_name": "4.in",
            "output_name": "4.out"
        },
        {
            "score": 100,
            "input_name": "5.in",
            "output_name": "5.out"
        },
        {
            "score": 100,
            "input_name": "6.in",
            "output_name": "6.out"
        },
        {
            "score": 100,
            "input_name": "7.in",
            "output_name": "7.out"
        },
        {
            "score": 100,
            "input_name": "8.in",
            "output_name": "8.out"
        },
        {
            "score": 100,
            "input_name": "9.in",
            "output_name": "9.out"
        },
        {
            "score": 100,
            "input_name": "10.in",
            "output_name": "10.out"
        }
    ],
    "hint": {
        "format": "html",
        "value": "HINT:\u65f6\u95f4\u9650\u5236\uff1a1.0s  \u5185\u5b58\u9650\u5236\uff1a512.0MB<br />\u3000\u3000\u7b2c\u4e00\u884c\u4e3a5\u4e2a\u6b63\u6574\u6570\uff0c\u5206\u522b\u8868\u793aA,B,C,D,E\u4e94\u4e2a\u7b49\u7ea7\u6bb5\u7684\u4eba\u6570<br /> \u3000\u3000\u7b2c\u4e8c\u884c\u4e00\u4e2a\u6b63\u6574\u6570\uff0c\u8868\u793a\u4eba\u6570\u6700\u591a\u7684\u7b49\u7ea7\u6bb5\u4e2d\u4eba\u6570<br /> \u3000\u3000\u63a5\u4e0b\u6765\u4e00\u884c\u82e5\u5e72\u4e2a\u7528\u7a7a\u683c\u9694\u5f00\u7684\u6b63\u6574\u6570\uff0c\u8868\u793a\u4eba\u6570\u6700\u591a\u7684\u90a3\u4e2a\u7b49\u7ea7\u4e2d\u6240\u6709\u4eba\u7684\u5206\u6570\uff0c\u6309\u4ece\u5927\u5230\u5c0f\u7684\u987a\u5e8f\u8f93\u51fa\u3002"
    },
    "time_limit": 1000,
    "memory_limit": 512,
    "samples": [
        {
            "input": "\u53c2\u8003\u4e0a\u6587 ",
            "output": "\u53c2\u8003\u4e0a\u6587"
        }
    ],
    "template": {},
    "spj": null,
    "rule_type": "ACM",
    "source": "\u84dd\u6865\u676f\u7ec3\u4e60\u7cfb\u7edf ID: 231 \u539f\u9898\u94fe\u63a5: http://lx.lanqiao.cn/problem.page?gpid=T231",
    "answers": []
}