{
    "display_id": "old1244",
    "title": "\u7b97\u6cd5\u63d0\u9ad8 \u7406\u8d22\u8ba1\u5212",
    "description": {
        "format": "html",
        "value": "<br />\u3000\u3000\u94f6\u884c\u8fd1\u671f\u63a8\u51fa\u4e86\u4e00\u6b3e\u65b0\u7684\u7406\u8d22\u8ba1\u5212\u201c\u91cd\u590d\u8ba1\u606f\u50a8\u84c4\u201d\u3002\u50a8\u6237\u53ea\u9700\u5728\u6bcf\u4e2a\u6708\u6708\u521d\u5b58\u5165\u56fa\u5b9a\u91d1\u989d\u7684\u73b0\u91d1\uff0c\u94f6\u884c\u5c31\u4f1a\u5728\u6bcf\u4e2a\u6708\u6708\u5e95\u6839\u636e\u50a8\u6237\u8d26\u6237\u5185\u7684\u91d1\u989d\u7b97\u51fa\u8be5\u6708\u7684\u5229\u606f\u5e76\u5c06\u5229\u606f\u5b58\u5165\u7528\u6237\u8d26\u53f7\u3002\u73b0\u5728\u5982\u679c\u67d0\u4eba\u6bcf\u6708\u5b58\u5165k\u5143\uff0c\u8bf7\u4f60\u5e2e\u4ed6\u8ba1\u7b97\u4e00\u4e0b\uff0cn\u6708\u540e\uff0c\u4ed6\u53ef\u4ee5\u83b7\u5f97\u591a\u5c11\u6536\u76ca\u3002"
    },
    "tags": [
        "\u84dd\u6865\u676f-\u7b97\u6cd5\u63d0\u9ad8"
    ],
    "input_description": {
        "format": "html",
        "value": "\u8f93\u5165\u63cf\u8ff0:<br />\u3000\u3000\u8f93\u5165\u6570\u636e\u4ec5\u4e00\u884c\uff0c\u5305\u62ec\u4e24\u4e2a\u6574\u6570k(100&lt;=k&lt;=10000)\u3001n(1&lt;=n&lt;=48)\u548c\u4e00\u4e2a\u5c0f\u6570p(0.001&lt;=p&lt;=0.01)\uff0c\u5206\u522b\u8868\u793a\u6bcf\u6708\u5b58\u5165\u7684\u91d1\u989d\u3001\u5b58\u6b3e\u65f6\u957f\u3001\u5b58\u6b3e\u5229\u606f\u3002 <br />\u8f93\u5165\u6837\u4f8b: <br />1000 6 0.01"
    },
    "output_description": {
        "format": "html",
        "value": "<br />\u8f93\u51fa\u63cf\u8ff0: <br />\u3000\u3000\u8f93\u51fa\u6570\u636e\u4ec5\u4e00\u4e2a\u6570\uff0c\u8868\u793a\u53ef\u4ee5\u5f97\u5230\u7684\u6536\u76ca\u3002<br /> \u8f93\u51fa\u6837\u4f8b: <br />213.53"
    },
    "test_case_score": [
        {
            "score": 100,
            "input_name": "1.in",
            "output_name": "1.out"
        },
        {
            "score": 100,
            "input_name": "2.in",
            "output_name": "2.out"
        }
    ],
    "hint": {
        "format": "html",
        "value": "HINT:\u65f6\u95f4\u9650\u5236\uff1a1.0s  \u5185\u5b58\u9650\u5236\uff1a256.0MB<br />"
    },
    "time_limit": 1000,
    "memory_limit": 512,
    "samples": [
        {
            "input": "\u53c2\u8003\u4e0a\u6587 ",
            "output": "\u53c2\u8003\u4e0a\u6587"
        }
    ],
    "template": {},
    "spj": null,
    "rule_type": "ACM",
    "source": "\u84dd\u6865\u676f\u7ec3\u4e60\u7cfb\u7edf ID: 331 \u539f\u9898\u94fe\u63a5: http://lx.lanqiao.cn/problem.page?gpid=T331",
    "answers": []
}