{
    "display_id": "old1258",
    "title": "\u7b97\u6cd5\u63d0\u9ad8 \u52fe\u80a1\u6570",
    "description": {
        "format": "html",
        "value": "<br />\u3000\u3000\u52fe\u80a1\u6570\u662f\u4e00\u7ec4\u4e09\u4e2a\u81ea\u7136\u6570\uff0ca &lt; b &lt; c\uff0c\u4ee5\u8fd9\u4e09\u4e2a\u6570\u4e3a\u4e09\u89d2\u5f62\u7684\u4e09\u6761\u8fb9\u80fd\u591f\u5f62\u6210\u4e00\u4e2a\u76f4\u89d2\u4e09\u89d2\u5f62<br /> \u3000\u3000\u8f93\u51fa\u6240\u6709a + b + c &lt;= 1000\u7684\u52fe\u80a1\u6570<br /> \u3000\u3000a\u5c0f\u7684\u5148\u8f93\u51fa\uff1ba\u76f8\u540c\u7684\uff0cb\u5c0f\u7684\u5148\u8f93\u51fa\u3002"
    },
    "tags": [
        "\u84dd\u6865\u676f-\u7b97\u6cd5\u63d0\u9ad8"
    ],
    "input_description": {
        "format": "html",
        "value": "\u8f93\u5165\u63cf\u8ff0:<br />\u3000\u3000\u6bcf\u884c\u4e3a\u4e00\u7ec4\u52fe\u80a1\u6570\uff0c\u7528\u7a7a\u683c\u9694\u5f00 <br />\u8f93\u5165\u6837\u4f8b: <br />\u4f8b\u5982\uff0c\u7ed3\u679c\u7684\u524d\u4e09\u884c\u5e94\u5f53\u662f<br /> 3 4 5<br /> 5 12 13<br /> 6 8 10"
    },
    "output_description": {
        "format": "html",
        "value": "<br />\u8f93\u51fa\u63cf\u8ff0: <br /><br /> \u8f93\u51fa\u6837\u4f8b: <br />"
    },
    "test_case_score": [
        {
            "score": 100,
            "input_name": "1.in",
            "output_name": "1.out"
        }
    ],
    "hint": {
        "format": "html",
        "value": "HINT:\u65f6\u95f4\u9650\u5236\uff1a1.0s  \u5185\u5b58\u9650\u5236\uff1a256.0MB<br />"
    },
    "time_limit": 1000,
    "memory_limit": 512,
    "samples": [
        {
            "input": "\u53c2\u8003\u4e0a\u6587 ",
            "output": "\u53c2\u8003\u4e0a\u6587"
        }
    ],
    "template": {},
    "spj": null,
    "rule_type": "ACM",
    "source": "\u84dd\u6865\u676f\u7ec3\u4e60\u7cfb\u7edf ID: 351 \u539f\u9898\u94fe\u63a5: http://lx.lanqiao.cn/problem.page?gpid=T351",
    "answers": []
}