{
    "display_id": "old1058",
    "title": "\u57fa\u7840\u7ec3\u4e60 \u5206\u89e3\u8d28\u56e0\u6570",
    "description": {
        "format": "html",
        "value": "<br />\u3000\u3000\u6c42\u51fa\u533a\u95f4[a,b]\u4e2d\u6240\u6709\u6574\u6570\u7684\u8d28\u56e0\u6570\u5206\u89e3\u3002"
    },
    "tags": [
        "\u84dd\u6865\u676f-\u57fa\u7840\u7ec3\u4e60"
    ],
    "input_description": {
        "format": "html",
        "value": "\u8f93\u5165\u63cf\u8ff0:<br />\u3000\u3000\u8f93\u5165\u4e24\u4e2a\u6574\u6570a\uff0cb\u3002 <br />\u8f93\u5165\u6837\u4f8b: <br />3 10"
    },
    "output_description": {
        "format": "html",
        "value": "<br />\u8f93\u51fa\u63cf\u8ff0: <br />\u3000\u3000\u6bcf\u884c\u8f93\u51fa\u4e00\u4e2a\u6570\u7684\u5206\u89e3\uff0c\u5f62\u5982k=a1*a2*a3...(a1&lt;=a2&lt;=a3...\uff0ck\u4e5f\u662f\u4ece\u5c0f\u5230\u5927\u7684)(\u5177\u4f53\u53ef\u770b\u6837\u4f8b)<br /> \u8f93\u51fa\u6837\u4f8b: <br />3=3<br /> 4=2*2<br /> 5=5<br /> 6=2*3<br /> 7=7<br /> 8=2*2*2<br /> 9=3*3<br /> 10=2*5"
    },
    "test_case_score": [
        {
            "score": 100,
            "input_name": "1.in",
            "output_name": "1.out"
        },
        {
            "score": 100,
            "input_name": "2.in",
            "output_name": "2.out"
        },
        {
            "score": 100,
            "input_name": "3.in",
            "output_name": "3.out"
        },
        {
            "score": 100,
            "input_name": "4.in",
            "output_name": "4.out"
        },
        {
            "score": 100,
            "input_name": "5.in",
            "output_name": "5.out"
        },
        {
            "score": 100,
            "input_name": "6.in",
            "output_name": "6.out"
        },
        {
            "score": 100,
            "input_name": "7.in",
            "output_name": "7.out"
        },
        {
            "score": 100,
            "input_name": "8.in",
            "output_name": "8.out"
        },
        {
            "score": 100,
            "input_name": "9.in",
            "output_name": "9.out"
        },
        {
            "score": 100,
            "input_name": "10.in",
            "output_name": "10.out"
        }
    ],
    "hint": {
        "format": "html",
        "value": "HINT:\u65f6\u95f4\u9650\u5236\uff1a1.0s  \u5185\u5b58\u9650\u5236\uff1a512.0MB<br />\u3000\u3000\u5148\u7b5b\u51fa\u6240\u6709\u7d20\u6570\uff0c\u7136\u540e\u518d\u5206\u89e3\u3002"
    },
    "time_limit": 1000,
    "memory_limit": 512,
    "samples": [
        {
            "input": "\u53c2\u8003\u4e0a\u6587 ",
            "output": "\u53c2\u8003\u4e0a\u6587"
        }
    ],
    "template": {},
    "spj": null,
    "rule_type": "ACM",
    "source": "\u84dd\u6865\u676f\u7ec3\u4e60\u7cfb\u7edf ID: 57 \u539f\u9898\u94fe\u63a5: http://lx.lanqiao.cn/problem.page?gpid=T57",
    "answers": []
}