{
    "display_id": "old1166",
    "title": "\u7b97\u6cd5\u63d0\u9ad8 \u6253\u6c34\u95ee\u9898",
    "description": {
        "format": "html",
        "value": "<br />\u3000\u3000N\u4e2a\u4eba\u8981\u6253\u6c34\uff0c\u6709M\u4e2a\u6c34\u9f99\u5934\uff0c\u7b2ci\u4e2a\u4eba\u6253\u6c34\u6240\u9700\u65f6\u95f4\u4e3aTi\uff0c\u8bf7\u5b89\u6392\u4e00\u4e2a\u5408\u7406\u7684\u65b9\u6848\u4f7f\u5f97\u6240\u6709\u4eba\u7684\u7b49\u5f85\u65f6\u95f4\u4e4b\u548c\u5c3d\u91cf\u5c0f\u3002"
    },
    "tags": [
        "\u84dd\u6865\u676f-\u7b97\u6cd5\u63d0\u9ad8"
    ],
    "input_description": {
        "format": "html",
        "value": "\u8f93\u5165\u63cf\u8ff0:<br />\u3000\u3000\u7b2c\u4e00\u884c\u4e24\u4e2a\u6b63\u6574\u6570N M \u63a5\u4e0b\u6765\u4e00\u884cN\u4e2a\u6b63\u6574\u6570Ti\u3002<br /> \u3000\u3000N,M&lt;=1000\uff0cTi&lt;=1000 <br />\u8f93\u5165\u6837\u4f8b: <br />7 3<br /> 3 6 1 4 2 5 7"
    },
    "output_description": {
        "format": "html",
        "value": "<br />\u8f93\u51fa\u63cf\u8ff0: <br />\u3000\u3000\u6700\u5c0f\u7684\u7b49\u5f85\u65f6\u95f4\u4e4b\u548c\u3002\uff08\u4e0d\u9700\u8981\u8f93\u51fa\u5177\u4f53\u7684\u5b89\u6392\u65b9\u6848\uff09<br /> \u8f93\u51fa\u6837\u4f8b: <br />11"
    },
    "test_case_score": [
        {
            "score": 100,
            "input_name": "1.in",
            "output_name": "1.out"
        },
        {
            "score": 100,
            "input_name": "2.in",
            "output_name": "2.out"
        },
        {
            "score": 100,
            "input_name": "3.in",
            "output_name": "3.out"
        },
        {
            "score": 100,
            "input_name": "4.in",
            "output_name": "4.out"
        },
        {
            "score": 100,
            "input_name": "5.in",
            "output_name": "5.out"
        },
        {
            "score": 100,
            "input_name": "6.in",
            "output_name": "6.out"
        },
        {
            "score": 100,
            "input_name": "7.in",
            "output_name": "7.out"
        },
        {
            "score": 100,
            "input_name": "8.in",
            "output_name": "8.out"
        },
        {
            "score": 100,
            "input_name": "9.in",
            "output_name": "9.out"
        },
        {
            "score": 100,
            "input_name": "10.in",
            "output_name": "10.out"
        }
    ],
    "hint": {
        "format": "html",
        "value": "HINT:\u65f6\u95f4\u9650\u5236\uff1a1.0s  \u5185\u5b58\u9650\u5236\uff1a512.0MB<br />\u3000\u3000\u4e00\u79cd\u6700\u4f73\u6253\u6c34\u65b9\u6848\u662f\uff0c\u5c06N\u4e2a\u4eba\u6309\u7167Ti\u4ece\u5c0f\u5230\u5927\u7684\u987a\u5e8f\u4f9d\u6b21\u5206\u914d\u5230M\u4e2a\u9f99\u5934\u6253\u6c34\u3002<br /> \u3000\u3000\u4f8b\u5982\u6837\u4f8b\u4e2d\uff0cTi\u4ece\u5c0f\u5230\u5927\u6392\u5e8f\u4e3a1\uff0c2\uff0c3\uff0c4\uff0c5\uff0c6\uff0c7\uff0c\u5c06\u4ed6\u4eec\u4f9d\u6b21\u5206\u914d\u52303\u4e2a\u9f99\u5934\uff0c\u5219\u53bb\u9f99\u5934\u4e00\u6253\u6c34\u7684\u4e3a1\uff0c4\uff0c7\uff1b\u53bb\u9f99\u5934\u4e8c\u6253\u6c34\u7684\u4e3a2,5\uff1b\u53bb\u7b2c\u4e09\u4e2a\u9f99\u5934\u6253\u6c34\u7684\u4e3a3,6\u3002<br /> \u3000\u3000\u7b2c\u4e00\u4e2a\u9f99\u5934\u6253\u6c34\u7684\u4eba\u603b\u7b49\u5f85\u65f6\u95f4 = 0 + 1 + (1 + 4) = 6<br /> \u3000\u3000\u7b2c\u4e8c\u4e2a\u9f99\u5934\u6253\u6c34\u7684\u4eba\u603b\u7b49\u5f85\u65f6\u95f4 = 0 + 2 = 2<br /> \u3000\u3000\u7b2c\u4e09\u4e2a\u9f99\u5934\u6253\u6c34\u7684\u4eba\u603b\u7b49\u5f85\u65f6\u95f4 = 0 + 3 = 3<br /> \u3000\u3000\u6240\u4ee5\u603b\u7684\u7b49\u5f85\u65f6\u95f4 = 6 + 2 + 3 = 11"
    },
    "time_limit": 1000,
    "memory_limit": 512,
    "samples": [
        {
            "input": "\u53c2\u8003\u4e0a\u6587 ",
            "output": "\u53c2\u8003\u4e0a\u6587"
        }
    ],
    "template": {},
    "spj": null,
    "rule_type": "ACM",
    "source": "\u84dd\u6865\u676f\u7ec3\u4e60\u7cfb\u7edf ID: 224 \u539f\u9898\u94fe\u63a5: http://lx.lanqiao.cn/problem.page?gpid=T224",
    "answers": []
}