{
    "display_id": "old1024",
    "title": "\u7b97\u6cd5\u63d0\u9ad8 \u6700\u5c0f\u65b9\u5dee\u751f\u6210\u6811",
    "description": {
        "format": "html",
        "value": "<br />     \u7ed9\u5b9a\u5e26\u6743\u65e0\u5411\u56fe\uff0c\u6c42\u51fa\u4e00\u9897\u65b9\u5dee\u6700\u5c0f\u7684\u751f\u6210\u6811\u3002 "
    },
    "tags": [
        "\u84dd\u6865\u676f-\u7b97\u6cd5\u63d0\u9ad8"
    ],
    "input_description": {
        "format": "html",
        "value": "\u8f93\u5165\u63cf\u8ff0:<br />    \u8f93\u5165\u591a\u7ec4\u6d4b\u8bd5\u6570\u636e\u3002\u7b2c\u4e00\u884c\u4e3aN,M\uff0c\u4f9d\u6b21\u662f\u70b9\u6570\u548c\u8fb9\u6570\u3002\u63a5\u4e0b\u6765M\u884c\uff0c\u6bcf\u884c\u4e09\u4e2a\u6574\u6570U,V,W\uff0c\u4ee3\u8868\u8fde\u63a5U,V\u7684\u8fb9\uff0c\u548c\u6743\u503cW\u3002\u4fdd\u8bc1\u56fe\u8fde\u901a\u3002n=m=0\u6807\u5fd7\u7740\u6d4b\u8bd5\u6587\u4ef6\u7684\u7ed3\u675f\u3002    <br />\u8f93\u5165\u6837\u4f8b: <br /> 4 5<br /> 1 2 1<br /> 2 3 2<br /> 3 4 2<br /> 4 1 1<br /> 2 4 3<br /> 4 6<br /> 1 2 1<br /> 2 3 2<br /> 3 4 3<br /> 4 1 1<br /> 2 4 3<br /> 1 3 3<br /> 0 0  "
    },
    "output_description": {
        "format": "html",
        "value": "<br />\u8f93\u51fa\u63cf\u8ff0: <br />     \u5bf9\u4e8e\u6bcf\u7ec4\u6570\u636e\uff0c\u8f93\u51fa\u6700\u5c0f\u65b9\u5dee\uff0c\u56db\u820d\u4e94\u5165\u52300.01\u3002\u8f93\u51fa\u683c\u5f0f\u6309\u7167\u6837\u4f8b\u3002 <br /> \u8f93\u51fa\u6837\u4f8b: <br /> Case 1: 0.22<br /> Case 2: 0.00 \t"
    },
    "test_case_score": [
        {
            "score": 100,
            "input_name": "1.in",
            "output_name": "1.out"
        },
        {
            "score": 100,
            "input_name": "2.in",
            "output_name": "2.out"
        },
        {
            "score": 100,
            "input_name": "3.in",
            "output_name": "3.out"
        },
        {
            "score": 100,
            "input_name": "4.in",
            "output_name": "4.out"
        },
        {
            "score": 100,
            "input_name": "5.in",
            "output_name": "5.out"
        },
        {
            "score": 100,
            "input_name": "6.in",
            "output_name": "6.out"
        },
        {
            "score": 100,
            "input_name": "7.in",
            "output_name": "7.out"
        },
        {
            "score": 100,
            "input_name": "8.in",
            "output_name": "8.out"
        },
        {
            "score": 100,
            "input_name": "9.in",
            "output_name": "9.out"
        }
    ],
    "hint": {
        "format": "html",
        "value": "HINT:\u65f6\u95f4\u9650\u5236\uff1a1.0s  \u5185\u5b58\u9650\u5236\uff1a256.0MB<br /> <p>1&lt;=U,V&lt;=N&lt;=50,N-1&lt;=M&lt;=1000,0&lt;=W&lt;=50\u3002\u6570\u636e\u4e0d\u8d85\u8fc75\u7ec4\u3002</p> "
    },
    "time_limit": 1000,
    "memory_limit": 512,
    "samples": [
        {
            "input": "\u53c2\u8003\u4e0a\u6587 ",
            "output": "\u53c2\u8003\u4e0a\u6587"
        }
    ],
    "template": {},
    "spj": null,
    "rule_type": "ACM",
    "source": "\u84dd\u6865\u676f\u7ec3\u4e60\u7cfb\u7edf ID: 23 \u539f\u9898\u94fe\u63a5: http://lx.lanqiao.cn/problem.page?gpid=T23",
    "answers": []
}