{
    "display_id": "old1094",
    "title": "\u7b97\u6cd5\u8bad\u7ec3 \u5f00\u5fc3\u7684\u91d1\u660e",
    "description": {
        "format": "html",
        "value": "<br />\u3000\u3000\u91d1\u660e\u4eca\u5929\u5f88\u5f00\u5fc3\uff0c\u5bb6\u91cc\u8d2d\u7f6e\u7684\u65b0\u623f\u5c31\u8981\u9886\u94a5\u5319\u4e86\uff0c\u65b0\u623f\u91cc\u6709\u4e00\u95f4\u4ed6\u81ea\u5df1\u4e13\u7528\u7684\u5f88\u5bbd\u655e\u7684\u623f\u95f4\u3002\u66f4\u8ba9\u4ed6\u9ad8\u5174\u7684\u662f\uff0c\u5988\u5988\u6628\u5929\u5bf9\u4ed6\u8bf4\uff1a\u201c\u4f60\u7684\u623f\u95f4\u9700\u8981\u8d2d\u4e70\u54ea\u4e9b\u7269\u54c1\uff0c\u600e \u4e48\u5e03\u7f6e\uff0c\u4f60\u8bf4\u4e86\u7b97\uff0c\u53ea\u8981\u4e0d\u8d85\u8fc7N\u5143\u94b1\u5c31\u884c\u201d\u3002\u4eca\u5929\u4e00\u65e9\u91d1\u660e\u5c31\u5f00\u59cb\u505a\u9884\u7b97\uff0c\u4f46\u662f\u4ed6\u60f3\u4e70\u7684\u4e1c\u897f\u592a\u591a\u4e86\uff0c\u80af\u5b9a\u4f1a\u8d85\u8fc7\u5988\u5988\u9650\u5b9a\u7684N\u5143\u3002\u4e8e\u662f\uff0c\u4ed6\u628a\u6bcf\u4ef6\u7269\u54c1\u89c4\u5b9a\u4e86\u4e00 \u4e2a\u91cd\u8981\u5ea6\uff0c\u5206\u4e3a5\u7b49\uff1a\u7528\u6574\u65701~5\u8868\u793a\uff0c\u7b2c5\u7b49\u6700\u91cd\u8981\u3002\u4ed6\u8fd8\u4ece\u56e0\u7279\u7f51\u4e0a\u67e5\u5230\u4e86\u6bcf\u4ef6\u7269\u54c1\u7684\u4ef7\u683c\uff08\u90fd\u662f\u6574\u6570\u5143\uff09\u3002\u4ed6\u5e0c\u671b\u5728\u4e0d\u8d85\u8fc7N\u5143\uff08\u53ef\u4ee5\u7b49\u4e8eN\u5143\uff09\u7684\u524d\u63d0 \u4e0b\uff0c\u4f7f\u6bcf\u4ef6\u7269\u54c1\u7684\u4ef7\u683c\u4e0e\u91cd\u8981\u5ea6\u7684\u4e58\u79ef\u7684\u603b\u548c\u6700\u5927\u3002<br /> \u3000\u3000\u8bbe\u7b2cj\u4ef6\u7269\u54c1\u7684\u4ef7\u683c\u4e3av[j]\uff0c\u91cd\u8981\u5ea6\u4e3aw[j]\uff0c\u5171\u9009\u4e2d\u4e86k\u4ef6\u7269\u54c1\uff0c\u7f16\u53f7\u4f9d\u6b21\u4e3a j1\uff0cj2\uff0c\u2026\u2026\uff0cjk\uff0c\u5219\u6240\u6c42\u7684\u603b\u548c\u4e3a\uff1a<br /> \u3000\u3000v[j1]*w[j1]+v[j2]*w[j2]+ \u2026+v[jk]*w[jk]\u3002\uff08\u5176\u4e2d*\u4e3a\u4e58\u53f7\uff09<br /> \u3000\u3000\u8bf7 \u4f60\u5e2e\u52a9\u91d1\u660e\u8bbe\u8ba1\u4e00\u4e2a\u6ee1\u8db3\u8981\u6c42\u7684\u8d2d\u7269\u5355\u3002"
    },
    "tags": [
        "\u84dd\u6865\u676f-\u7b97\u6cd5\u8bad\u7ec3"
    ],
    "input_description": {
        "format": "html",
        "value": "\u8f93\u5165\u63cf\u8ff0:<br />\u3000\u3000\u8f93\u5165\u6587\u4ef6 \u7684\u7b2c1\u884c\uff0c\u4e3a\u4e24\u4e2a\u6b63\u6574\u6570\uff0c\u7528\u4e00\u4e2a\u7a7a\u683c\u9694\u5f00\uff1a<br /> \u3000\u3000N m<br /> \u3000\u3000\uff08\u5176\u4e2dN\uff08&lt;30000\uff09\u8868\u793a\u603b\u94b1 \u6570\uff0cm\uff08&lt;25\uff09\u4e3a\u5e0c\u671b\u8d2d\u4e70\u7269\u54c1\u7684\u4e2a\u6570\u3002\uff09<br /> \u3000\u3000\u4ece\u7b2c2\u884c\u5230\u7b2cm+1\u884c\uff0c\u7b2cj\u884c\u7ed9\u51fa\u4e86\u7f16\u53f7\u4e3aj-1\u7684\u7269\u54c1\u7684\u57fa\u672c\u6570\u636e\uff0c\u6bcf\u884c\u67092\u4e2a\u975e\u8d1f\u6574\u6570<br /> \u3000\u3000v  p<br /> \u3000\u3000\uff08\u5176\u4e2dv\u8868\u793a\u8be5\u7269\u54c1\u7684\u4ef7\u683c(v&lt;=10000)\uff0cp\u8868\u793a\u8be5\u7269\u54c1\u7684\u91cd\u8981\u5ea6(1~5)\uff09 <br />\u8f93\u5165\u6837\u4f8b: <br />1000 5<br /> 800 2<br /> 400 5<br /> 300 5<br /> 400 3<br /> 200 2"
    },
    "output_description": {
        "format": "html",
        "value": "<br />\u8f93\u51fa\u63cf\u8ff0: <br />\u3000\u3000\u8f93\u51fa\u6587\u4ef6\u53ea\u6709\u4e00\u4e2a\u6b63\u6574\u6570\uff0c\u4e3a\u4e0d\u8d85\u8fc7\u603b\u94b1\u6570\u7684\u7269\u54c1\u7684\u4ef7\u683c\u4e0e\u91cd\u8981\u5ea6\u4e58\u79ef\u7684\u603b\u548c\u7684\u6700\u5927\u503c\uff08&lt;100000000\uff09\u3002<br /> \u8f93\u51fa\u6837\u4f8b: <br />3900"
    },
    "test_case_score": [
        {
            "score": 100,
            "input_name": "1.in",
            "output_name": "1.out"
        },
        {
            "score": 100,
            "input_name": "2.in",
            "output_name": "2.out"
        },
        {
            "score": 100,
            "input_name": "3.in",
            "output_name": "3.out"
        },
        {
            "score": 100,
            "input_name": "4.in",
            "output_name": "4.out"
        },
        {
            "score": 100,
            "input_name": "5.in",
            "output_name": "5.out"
        },
        {
            "score": 100,
            "input_name": "6.in",
            "output_name": "6.out"
        },
        {
            "score": 100,
            "input_name": "7.in",
            "output_name": "7.out"
        },
        {
            "score": 100,
            "input_name": "8.in",
            "output_name": "8.out"
        },
        {
            "score": 100,
            "input_name": "9.in",
            "output_name": "9.out"
        },
        {
            "score": 100,
            "input_name": "10.in",
            "output_name": "10.out"
        }
    ],
    "hint": {
        "format": "html",
        "value": "HINT:\u65f6\u95f4\u9650\u5236\uff1a1.0s  \u5185\u5b58\u9650\u5236\uff1a256.0MB<br />"
    },
    "time_limit": 1000,
    "memory_limit": 512,
    "samples": [
        {
            "input": "\u53c2\u8003\u4e0a\u6587 ",
            "output": "\u53c2\u8003\u4e0a\u6587"
        }
    ],
    "template": {},
    "spj": null,
    "rule_type": "ACM",
    "source": "\u84dd\u6865\u676f\u7ec3\u4e60\u7cfb\u7edf ID: 93 \u539f\u9898\u94fe\u63a5: http://lx.lanqiao.cn/problem.page?gpid=T93",
    "answers": []
}