{
    "display_id": "old1087",
    "title": "\u7b97\u6cd5\u8bad\u7ec3 \u7edf\u8ba1\u5355\u8bcd\u4e2a\u6570",
    "description": {
        "format": "html",
        "value": "<br />\u3000\u3000\u7ed9\u51fa\u4e00\u4e2a\u957f\u5ea6\u4e0d\u8d85\u8fc7200\u7684\u7531\u5c0f\u5199\u82f1\u6587\u5b57\u6bcd\u7ec4\u6210\u7684\u5b57\u6bcd\u4e32(\u7ea6\u5b9a;\u8be5\u5b57\u4e32\u4ee5\u6bcf\u884c20\u4e2a\u5b57\u6bcd\u7684\u65b9\u5f0f\u8f93\u5165\uff0c\u4e14\u4fdd\u8bc1\u6bcf\u884c\u4e00\u5b9a\u4e3a20\u4e2a)\u3002\u8981\u6c42\u5c06\u6b64\u5b57\u6bcd\u4e32\u5206\u6210k\u4efd (1&lt;k&lt;=40)\uff0c\u4e14\u6bcf\u4efd\u4e2d\u5305\u542b\u7684\u5355\u8bcd\u4e2a\u6570\u52a0\u8d77\u6765\u603b\u6570\u6700\u5927(\u6bcf\u4efd\u4e2d\u5305\u542b\u7684\u5355\u8bcd\u53ef\u4ee5\u90e8\u5206\u91cd\u53e0\u3002\u5f53\u9009\u7528\u4e00\u4e2a\u5355\u8bcd\u4e4b\u540e\uff0c\u5176\u7b2c\u4e00\u4e2a\u5b57\u6bcd\u4e0d\u80fd\u518d\u7528\u3002\u4f8b \u5982\u5b57\u7b26\u4e32this\u4e2d\u53ef\u5305\u542bthis\u548cis\uff0c\u9009\u7528this\u4e4b\u540e\u5c31\u4e0d\u80fd\u5305\u542bth)\u3002<br /> \u3000\u3000\u5355\u8bcd\u5728\u7ed9\u51fa\u7684\u4e00\u4e2a\u4e0d\u8d85\u8fc76\u4e2a\u5355\u8bcd\u7684\u5b57\u5178\u4e2d\u3002<br /> \u3000\u3000\u8981\u6c42\u8f93\u51fa\u6700\u5927\u7684\u4e2a\u6570\u3002"
    },
    "tags": [
        "\u84dd\u6865\u676f-\u7b97\u6cd5\u8bad\u7ec3"
    ],
    "input_description": {
        "format": "html",
        "value": "\u8f93\u5165\u63cf\u8ff0:<br />\u3000\u3000\u7b2c\u4e00\u884c\u6709\u4e8c\u4e2a\u6b63\u6574\u6570(p\uff0ck)<br /> \u3000\u3000p\u8868\u793a\u5b57\u4e32\u7684\u884c\u6570;<br /> \u3000\u3000k\u8868\u793a\u5206\u4e3ak\u4e2a\u90e8\u5206\u3002<br /> \u3000\u3000\u63a5\u4e0b\u6765\u7684p\u884c\uff0c\u6bcf\u884c\u5747\u670920\u4e2a\u5b57\u7b26\u3002<br /> \u3000\u3000\u518d\u63a5\u4e0b\u6765\u6709\u4e00\u4e2a\u6b63\u6574\u6570s\uff0c\u8868\u793a\u5b57\u5178\u4e2d\u5355\u8bcd\u4e2a\u6570\u3002(1&lt;=s&lt;=6)<br /> \u3000\u3000\u63a5\u4e0b\u6765\u7684s\u884c\uff0c\u6bcf\u884c\u5747\u6709\u4e00\u4e2a\u5355\u8bcd\u3002 <br />\u8f93\u5165\u6837\u4f8b: <br />1        3<br /> thisisabookyouareaoh<br /> 4<br /> is<br /> a<br /> ok<br /> sab"
    },
    "output_description": {
        "format": "html",
        "value": "<br />\u8f93\u51fa\u63cf\u8ff0: <br />\u3000\u3000\u6bcf\u884c\u4e00\u4e2a\u6574\u6570\uff0c\u5206\u522b\u5bf9\u5e94\u6bcf\u7ec4\u6d4b\u8bd5\u6570\u636e\u7684\u76f8\u5e94\u7ed3\u679c\u3002<br /> \u8f93\u51fa\u6837\u4f8b: <br />7"
    },
    "test_case_score": [
        {
            "score": 100,
            "input_name": "1.in",
            "output_name": "1.out"
        },
        {
            "score": 100,
            "input_name": "2.in",
            "output_name": "2.out"
        },
        {
            "score": 100,
            "input_name": "3.in",
            "output_name": "3.out"
        },
        {
            "score": 100,
            "input_name": "4.in",
            "output_name": "4.out"
        },
        {
            "score": 100,
            "input_name": "5.in",
            "output_name": "5.out"
        }
    ],
    "hint": {
        "format": "html",
        "value": "HINT:\u65f6\u95f4\u9650\u5236\uff1a1.0s  \u5185\u5b58\u9650\u5236\uff1a256.0MB<br />\u3000\u3000\u957f\u5ea6\u4e0d\u8d85\u8fc7200\uff0c1&lt;k&lt;=40\uff0c\u5b57\u5178\u4e2d\u7684\u5355\u8bcd\u6570\u4e0d\u8d85\u8fc76\u3002"
    },
    "time_limit": 1000,
    "memory_limit": 512,
    "samples": [
        {
            "input": "\u53c2\u8003\u4e0a\u6587 ",
            "output": "\u53c2\u8003\u4e0a\u6587"
        }
    ],
    "template": {},
    "spj": null,
    "rule_type": "ACM",
    "source": "\u84dd\u6865\u676f\u7ec3\u4e60\u7cfb\u7edf ID: 86 \u539f\u9898\u94fe\u63a5: http://lx.lanqiao.cn/problem.page?gpid=T86",
    "answers": []
}