{
    "display_id": "old1131",
    "title": "\u7b97\u6cd5\u63d0\u9ad8 \u683c\u5b50\u4f4d\u7f6e",
    "description": {
        "format": "html",
        "value": "<br />\u3000\u3000\u8f93\u5165\u4e09\u4e2a\u81ea\u7136\u6570N\uff0ci\uff0cj \uff081&lt;=i&lt;=N\uff0c1&lt;=j&lt;=N\uff09\uff0c\u8f93\u51fa\u5728\u4e00\u4e2aN*N\u683c\u7684\u68cb\u76d8\u4e2d\uff0c\u4e0e\u683c\u5b50\uff08i\uff0cj\uff09\u540c\u884c\u3001\u540c\u5217\u3001\u540c\u4e00\u5bf9\u89d2\u7ebf\u7684\u6240\u6709\u683c\u5b50\u7684\u4f4d\u7f6e\u3002"
    },
    "tags": [
        "\u84dd\u6865\u676f-\u7b97\u6cd5\u63d0\u9ad8"
    ],
    "input_description": {
        "format": "html",
        "value": "\u8f93\u5165\u63cf\u8ff0:<br />\u3000\u3000\u8f93\u5165\u5171\u4e09\u884c\uff0c\u5206\u522b\u8f93\u5165\u81ea\u7136\u6570N\uff0ci\uff0cj\u3002\u5176\u4e2d\u4fdd\u8bc1N&lt;=24\u4e141&lt;=i&lt;=N\uff0c1&lt;=j&lt;=N\u3002 <br />\u8f93\u5165\u6837\u4f8b: <br />4<br /> 2<br /> 3"
    },
    "output_description": {
        "format": "html",
        "value": "<br />\u8f93\u51fa\u63cf\u8ff0: <br />\u3000\u3000\u8f93\u51fa\u5171\u56db\u884c\u3002\u7b2c\u4e00\u884c\u4e3a\u4e0e\u683c\u5b50\uff08i\uff0cj\uff09\u540c\u884c\u7684\u6240\u6709\u683c\u5b50\u7684\u4f4d\u7f6e\uff0c\u7b2c\u4e8c\u884c\u4e3a\u4e0e\u683c\u5b50\uff08i\uff0cj\uff09\u540c\u5217\u7684\u6240\u6709\u683c\u5b50\u7684\u4f4d\u7f6e\uff0c\u7b2c\u4e09\u884c\u4e3a\u4ece\u5de6\u4e0a\u5230\u53f3\u4e0b\u5bf9\u89d2\u7ebf\u4e0a\u7684\u683c\u5b50\u7684\u4f4d\u7f6e\uff0c\u7b2c\u56db\u884c\u4e3a\u4ece\u5de6\u4e0b\u5230\u53f3\u4e0a\u5bf9\u89d2\u7ebf\u4e0a\u7684\u683c\u5b50\u7684\u4f4d\u7f6e\u3002<br /> \u8f93\u51fa\u6837\u4f8b: <br />(2,1) (2,2) (2,3) (2,4)<br /> (1,3) (2,3) (3,3) (4,3)<br /> (1,2) (2,3) (3,4)<br /> (4,1) (3,2) (2,3) (1,4)"
    },
    "test_case_score": [
        {
            "score": 100,
            "input_name": "1.in",
            "output_name": "1.out"
        },
        {
            "score": 100,
            "input_name": "2.in",
            "output_name": "2.out"
        },
        {
            "score": 100,
            "input_name": "3.in",
            "output_name": "3.out"
        },
        {
            "score": 100,
            "input_name": "4.in",
            "output_name": "4.out"
        }
    ],
    "hint": {
        "format": "html",
        "value": "HINT:\u65f6\u95f4\u9650\u5236\uff1a1.0s  \u5185\u5b58\u9650\u5236\uff1a512.0MB<br />\u3000\u3000n=4\uff0ci=2\uff0cj=3\u8868\u793a\u4e86\u68cb\u76d8\u4e2d\u7684\u7b2c\u4e8c\u884c\u7b2c\u4e09\u5217\u7684\u683c\u5b50\uff0c\u5982\u4e0b\u56fe\uff1a<br /> <table cellspacing=\"0\" cellpadding=\"2px\" style=\"border-collapse:collapse;\" class=\"table table-striped table-horver\"><tbody><tr style=\"border:solid 1.0pt\"><td style=\"border:solid 1.0pt\">\u7b2c1\u5217</td><td style=\"border:solid 1.0pt\">\u7b2c2\u5217</td><td style=\"border:solid 1.0pt\">\u7b2c3\u5217</td><td style=\"border:solid 1.0pt\">\u7b2c4\u5217</td><td style=\"border:solid 1.0pt\"> </td></tr><tr style=\"border:solid 1.0pt\"><td style=\"border:solid 1.0pt\"> </td><td style=\"border:solid 1.0pt\"> </td><td style=\"border:solid 1.0pt\"> </td><td style=\"border:solid 1.0pt\"> </td><td style=\"border:solid 1.0pt\">\u7b2c1\u884c</td></tr><tr style=\"border:solid 1.0pt\"><td style=\"border:solid 1.0pt\"> </td><td style=\"border:solid 1.0pt\"> </td><td style=\"border:solid 1.0pt\">(2,3)</td><td style=\"border:solid 1.0pt\"> </td><td style=\"border:solid 1.0pt\">\u7b2c2\u884c</td></tr><tr style=\"border:solid 1.0pt\"><td style=\"border:solid 1.0pt\"> </td><td style=\"border:solid 1.0pt\"> </td><td style=\"border:solid 1.0pt\"> </td><td style=\"border:solid 1.0pt\"> </td><td style=\"border:solid 1.0pt\">\u7b2c3\u884c</td></tr><tr style=\"border:solid 1.0pt\"><td style=\"border:solid 1.0pt\"> </td><td style=\"border:solid 1.0pt\"> </td><td style=\"border:solid 1.0pt\"> </td><td style=\"border:solid 1.0pt\"> </td><td style=\"border:solid 1.0pt\">\u7b2c4\u884c</td></tr></tbody></table><br /> \u3000\u3000(2,1) (2,2) (2,3) (2,4) \t\t\t{\u540c\u4e00\u884c\u4e0a\u683c\u5b50\u7684\u4f4d\u7f6e}<br /> \u3000\u3000(1,3) (2,3) (3,3) (4,3)\t\t\t{\u540c\u5217\u5217\u4e0a\u683c\u5b50\u7684\u4f4d\u7f6e}<br /> \u3000\u3000(1,2) (2,3) (3,4)\t         \t{\u5de6\u4e0a\u5230\u53f3\u4e0b\u5bf9\u89d2\u7ebf\u4e0a\u7684\u683c\u5b50\u7684\u4f4d\u7f6e}<br /> \u3000\u3000(4,1) (3,2) (2,3) (1,4)   \t\t{\u5de6\u4e0b\u5230\u53f3\u4e0a\u5bf9\u89d2\u7ebf\u4e0a\u7684\u683c\u5b50\u7684\u4f4d\u7f6e}"
    },
    "time_limit": 1000,
    "memory_limit": 512,
    "samples": [
        {
            "input": "\u53c2\u8003\u4e0a\u6587 ",
            "output": "\u53c2\u8003\u4e0a\u6587"
        }
    ],
    "template": {},
    "spj": null,
    "rule_type": "ACM",
    "source": "\u84dd\u6865\u676f\u7ec3\u4e60\u7cfb\u7edf ID: 158 \u539f\u9898\u94fe\u63a5: http://lx.lanqiao.cn/problem.page?gpid=T158",
    "answers": []
}