{
    "display_id": "old1183",
    "title": "\u7b97\u6cd5\u63d0\u9ad8 3-2\u5b57\u7b26\u4e32\u8f93\u5165\u8f93\u51fa\u51fd\u6570",
    "description": {
        "format": "html",
        "value": "<br />\u3000\u3000\u7f16\u5199\u51fd\u6570GetReal\u548cGetString\uff0c\u5728main\u51fd\u6570\u4e2d\u5206\u522b\u8c03\u7528\u8fd9\u4e24\u4e2a\u51fd\u6570\u3002\u5728\u8bfb\u5165\u4e00\u4e2a\u5b9e\u6570\u548c\u4e00\u4e2a\u5b57\u7b26\u4e32\u540e\uff0c\u5c06\u8bfb\u5165\u7684\u7ed3\u679c\u4f9d\u6b21\u7528printf\u8f93\u51fa\u3002<br /> \u3000\u3000\u4e24\u6b21\u8f93\u5165\u524d\u8981\u8f93\u51fa\u7684\u63d0\u793a\u4fe1\u606f\u5206\u522b\u662f&quot;please input a number:\\n\u201d\u548c&quot;please input a string:\\n&quot;"
    },
    "tags": [
        "\u84dd\u6865\u676f-\u7b97\u6cd5\u63d0\u9ad8"
    ],
    "input_description": {
        "format": "html",
        "value": "\u8f93\u5165\u63cf\u8ff0:<br /> <br />\u8f93\u5165\u6837\u4f8b: <br />9.56<br /> hello"
    },
    "output_description": {
        "format": "html",
        "value": "<br />\u8f93\u51fa\u63cf\u8ff0: <br /><br /> \u8f93\u51fa\u6837\u4f8b: <br />please input a number:<br /> please input a string:<br /> 9.56<br /> hello"
    },
    "test_case_score": [
        {
            "score": 100,
            "input_name": "1.in",
            "output_name": "1.out"
        }
    ],
    "hint": {
        "format": "html",
        "value": "HINT:\u65f6\u95f4\u9650\u5236\uff1a1.0s  \u5185\u5b58\u9650\u5236\uff1a512.0MB<br />"
    },
    "time_limit": 1000,
    "memory_limit": 512,
    "samples": [
        {
            "input": "\u53c2\u8003\u4e0a\u6587 ",
            "output": "\u53c2\u8003\u4e0a\u6587"
        }
    ],
    "template": {},
    "spj": null,
    "rule_type": "ACM",
    "source": "\u84dd\u6865\u676f\u7ec3\u4e60\u7cfb\u7edf ID: 250 \u539f\u9898\u94fe\u63a5: http://lx.lanqiao.cn/problem.page?gpid=T250",
    "answers": []
}