{
    "display_id": "old1198",
    "title": "\u7b97\u6cd5\u63d0\u9ad8 \u63d2\u5165\u6392\u5e8f",
    "description": {
        "format": "html",
        "value": "<br />\u3000\u3000<br /> \u3000\u3000\u63d2\u5165\u6392\u5e8f"
    },
    "tags": [
        "\u84dd\u6865\u676f-\u7b97\u6cd5\u63d0\u9ad8"
    ],
    "input_description": {
        "format": "html",
        "value": "\u8f93\u5165\u63cf\u8ff0:<br />\u3000\u3000\u6392\u5e8f\uff0c\u987e\u540d\u601d\u4e49\uff0c\u662f\u5c06\u82e5\u5e72\u4e2a\u5143\u7d20\u6309\u5176\u5927\u5c0f\u5173\u7cfb\u6392\u51fa\u4e00\u4e2a\u987a\u5e8f\u3002\u5f62\u5f0f\u5316\u63cf\u8ff0\u5982\u4e0b\uff1a\u6709n\u4e2a\u5143\u7d20a[1]\uff0ca[2]\uff0c\u2026\uff0ca[n]\uff0c\u4ece\u5c0f\u5230\u5927\u6392\u5e8f\u5c31\u662f\u5c06\u5b83\u4eec\u6392\u6210\u4e00\u4e2a\u65b0\u987a\u5e8fa[i[1]]&lt;a[i[2]]&lt;\u2026&lt;a[i[n]]<br /> \u3000\u3000i[k]\u4e3a\u8fd9\u4e2a\u65b0\u987a\u5e8f\u3002<br /> \u3000\u3000\u63d2\u5165\u6392\u5e8f\uff0c\u987e\u540d\u601d\u4e49\uff0c\u662f\u901a\u8fc7\u63d2\u5165\u64cd\u4f5c\u5b8c\u6210\u6392\u5e8f\u3002\u5176\u76f4\u89c9\u548c\u65b9\u6cd5\u6765\u6e90\u4e8e\u6253\u724c\u65f6\u5b89\u6392\u724c\u7684\u65b9\u6cd5\u3002\u6bcf\u6b21\u6478\u8d77\u4e00\u5f20\u724c\uff0c\u4f60\u90fd\u4f1a\u5c06\u5176\u63d2\u5165\u5230\u73b0\u5728\u624b\u724c\u4e2d\u5b83\u6309\u987a\u5e8f\u5e94\u5728\u7684\u90a3\u4e2a\u4f4d\u7f6e\u3002\u63d2\u5165\u6392\u5e8f\u6bcf\u4e00\u6b65\u90fd\u7c7b\u4f3c\u8fd9\u4e2a\u6478\u724c\u8fc7\u7a0b\u3002\u6bd4\u5982\u73b0\u5728\u6709\u6574\u6570\u6570\u7ec4\uff1a{3, 1, 5, 4, 2}<br /> \u3000\u3000\u7b2c\u4e00\u6b65\uff1a\u63d2\u51653 \u5f97\u5230\u65b0\u5e8f\u5217{3}<br /> \u3000\u3000\u7b2c\u4e8c\u6b65\uff1a\u63d2\u51651 \u5f97\u5230\u65b0\u5e8f\u5217{1 3}<br /> \u3000\u3000\u7b2c\u4e09\u6b65\uff1a\u63d2\u51655 \u5f97\u5230\u65b0\u5e8f\u5217{1 3 5}<br /> \u3000\u3000\u7b2c\u56db\u6b65\uff1a\u63d2\u51654 \u5f97\u5230\u65b0\u5e8f\u5217{1 3 4 5}<br /> \u3000\u3000\u7b2c\u4e94\u6b65\uff1a\u63d2\u51652 \u5f97\u5230\u65b0\u5e8f\u5217{1 2 3 4 5}<br /> \u3000\u3000\u4e3a\u4e86\u770b\u7a0b\u5e8f\u4e2d\u5982\u4f55\u5b8c\u6210\u63d2\u5165\u8fc7\u7a0b\uff0c\u6211\u4eec\u4ee5\u7b2c\u4e94\u6b65\u4e3a\u4f8b\uff1a<br /> \u3000\u3000\u521d\u59cb\u65f6\uff1a1 3 4 5 2<br /> \u3000\u3000\u5c062\u5b58\u5165\u4e34\u65f6\u53d8\u91cftmp<br /> \u3000\u3000\u5c06\u4e0b\u6807j\u6307\u54112\u4e4b\u524d\u7684\u5143\u7d205\uff0c\u7136\u540e\u6839\u636etmp\u548ca[j]\u7684\u5927\u5c0f\u5173\u7cfb\u51b3\u5b9a\u8be5\u5143\u7d20\u662f\u5426\u5e94\u8be5\u540e\u79fb\u3002\u5982\u679ca[j]&gt;tmp\uff0c\u5219\u5c06a[j]\u540e\u79fb\u5230a[j+1]\uff0c\u5e8f\u5217\u53d8\u62101 3 4 5 5\u3002<br /> \u3000\u3000\u5c06\u4e0b\u6807j\u524d\u79fb<br /> \u3000\u3000\u5224\u65ada[j]&gt;tmp\uff0c\u540e\u79fba[j]\u5230a[j+1]\uff0c\u5f97\u52301 3 4 4 5<br /> \u3000\u3000\u5c06\u4e0b\u6807j\u524d\u79fb<br /> \u3000\u3000\u5224\u65ada[j]&gt;tmp\uff0c\u540e\u79fba[j]\u5230a[j+1]\uff0c\u5f97\u52301 3 3 4 5<br /> \u3000\u3000\u56e0\u4e3aa[j]&lt;=tmp\uff0c\u6240\u4ee5\u5c06tmp\u653e\u56dea[j+1]\uff0c\u5f97\u5230 1 2 3 4 5<br /> \u3000\u3000\u73b0\u5728\uff0c\u8f93\u5165n\u4e2a\u6574\u6570\uff0c\u6839\u636e\u4ee5\u4e0a\u7b97\u6cd5\uff0c\u8f93\u51fa\u63d2\u5165\u6392\u5e8f\u7684\u5168\u8fc7\u7a0b\u3002 <br />\u8f93\u5165\u6837\u4f8b: <br />5<br /> 3 1 5 4 2"
    },
    "output_description": {
        "format": "html",
        "value": "<br />\u8f93\u51fa\u63cf\u8ff0: <br />\u3000\u3000\u7b2c\u4e00\u884c\u4e00\u4e2a\u6b63\u6574\u6570n\uff0c\u8868\u793a\u5143\u7d20\u4e2a\u6570<br /> \u3000\u3000\u7b2c\u4e8c\u884c\u4e3an\u4e2a\u6574\u6570\uff0c\u4ee5\u7a7a\u683c\u9694\u5f00<br /> \u8f93\u51fa\u6837\u4f8b: <br />Insert element[1]:<br /> Init:3<br /> Final:3<br /> Insert element[2]:<br /> Init:3 1<br /> Move back:3 3<br /> Final:1 3<br /> Insert element[3]:<br /> Init:1 3 5<br /> Final:1 3 5<br /> Insert element[4]:<br /> Init:1 3 5 4<br /> Move back:1 3 5 5<br /> Final:1 3 4 5<br /> Insert element[5]:<br /> Init:1 3 4 5 2<br /> Move back:1 3 4 5 5<br /> Move back:1 3 4 4 5<br /> Move back:1 3 3 4 5<br /> Final:1 2 3 4 5"
    },
    "test_case_score": [
        {
            "score": 100,
            "input_name": "1.in",
            "output_name": "1.out"
        },
        {
            "score": 100,
            "input_name": "2.in",
            "output_name": "2.out"
        },
        {
            "score": 100,
            "input_name": "3.in",
            "output_name": "3.out"
        },
        {
            "score": 100,
            "input_name": "4.in",
            "output_name": "4.out"
        },
        {
            "score": 100,
            "input_name": "5.in",
            "output_name": "5.out"
        },
        {
            "score": 100,
            "input_name": "6.in",
            "output_name": "6.out"
        },
        {
            "score": 100,
            "input_name": "7.in",
            "output_name": "7.out"
        },
        {
            "score": 100,
            "input_name": "8.in",
            "output_name": "8.out"
        },
        {
            "score": 100,
            "input_name": "9.in",
            "output_name": "9.out"
        },
        {
            "score": 100,
            "input_name": "10.in",
            "output_name": "10.out"
        }
    ],
    "hint": {
        "format": "html",
        "value": "HINT:\u65f6\u95f4\u9650\u5236\uff1a1.0s  \u5185\u5b58\u9650\u5236\uff1a256.0MB<br />\u3000\u3000\u6709n\u4e2a\u5143\u7d20\uff0c\u56e0\u6b64\u8f93\u51fa\u90e8\u5206\u5206\u4e3an\u4e2a\u90e8\u5206\uff0c\u6bcf\u4e2a\u90e8\u5206\u5f00\u5934\u884c\u4e3a\uff1aInsert element[i]\uff0ci\u4e3a\u7b2c\u51e0\u4e2a\u5143\u7d20\u3002\u7136\u540e\u5bf9\u4e8e\u6bcf\u4e00\u4e2a\u90e8\u5206\uff0c\u8f93\u51fa\u8be5\u90e8\u5206\u8be5\u5143\u7d20\u5728\u63d2\u5165\u6392\u5e8f\u8fc7\u7a0b\u4e2d\u7684\u6bcf\u4e00\u6b65\u4ea7\u751f\u7684\u65b0\u5e8f\u5217\uff0c\u521d\u59cb\u65f6\u7684\u5e8f\u5217\u4ee5Init:\u6253\u5934\uff0c\u7136\u540e\u6bcf\u4e00\u6b65\u540e\u79fb\u6570\u7ec4\u5143\u7d20\u540e\u7684\u5143\u7d20\u5e8f\u5217\u4ee5Move back:\u6253\u5934\uff0c\u6700\u540e\u5f97\u5230\u7684\u6700\u7ec8\u7ed3\u679c\u5e8f\u5217\u4ee5Final:\u6253\u5934\u3002\u5e8f\u5217\u5143\u7d20\u95f4\u4ee5\u4e00\u4e2a\u7a7a\u683c\u9694\u5f00\u3002\u793a\u4f8b\u8bf7\u770b\u6837\u4f8b\u8f93\u51fa\u3002\u6bcf\u4e00\u4e2a\u90e8\u5206\u7684Insert element[i]\u4e4b\u540e\u7684\u6bcf\u4e00\u6b65\u7684\u8f93\u51fa\u884c\u4e4b\u524d\u8981\u7f29\u8fdb\u4e24\u683c\uff0c\u5373\u8f93\u51fa\u4e24\u4e2a\u7a7a\u683c\u3002"
    },
    "time_limit": 1000,
    "memory_limit": 512,
    "samples": [
        {
            "input": "\u53c2\u8003\u4e0a\u6587 ",
            "output": "\u53c2\u8003\u4e0a\u6587"
        }
    ],
    "template": {},
    "spj": null,
    "rule_type": "ACM",
    "source": "\u84dd\u6865\u676f\u7ec3\u4e60\u7cfb\u7edf ID: 268 \u539f\u9898\u94fe\u63a5: http://lx.lanqiao.cn/problem.page?gpid=T268",
    "answers": []
}