{
    "display_id": "old1030",
    "title": "\u5386\u5c4a\u8bd5\u9898 \u7ffb\u786c\u5e01",
    "description": {
        "format": "html",
        "value": "<br />  <p>\u5c0f\u660e\u6b63\u5728\u73a9\u4e00\u4e2a\u201c\u7ffb\u786c\u5e01\u201d\u7684\u6e38\u620f\u3002</p> <p>\u684c\u4e0a\u653e\u7740\u6392\u6210\u4e00\u6392\u7684\u82e5\u5e72\u786c\u5e01\u3002\u6211\u4eec\u7528 * \u8868\u793a\u6b63\u9762\uff0c\u7528 o \u8868\u793a\u53cd\u9762\uff08\u662f\u5c0f\u5199\u5b57\u6bcd\uff0c\u4e0d\u662f\u96f6\uff09\u3002</p> <p>\u6bd4\u5982\uff0c\u53ef\u80fd\u60c5\u5f62\u662f\uff1a**oo***oooo</p>  <p>\u5982\u679c\u540c\u65f6\u7ffb\u8f6c\u5de6\u8fb9\u7684\u4e24\u4e2a\u786c\u5e01\uff0c\u5219\u53d8\u4e3a\uff1aoooo***oooo</p> <p>\u73b0\u5728\u5c0f\u660e\u7684\u95ee\u9898\u662f\uff1a\u5982\u679c\u5df2\u77e5\u4e86\u521d\u59cb\u72b6\u6001\u548c\u8981\u8fbe\u5230\u7684\u76ee\u6807\u72b6\u6001\uff0c\u6bcf\u6b21\u53ea\u80fd\u540c\u65f6\u7ffb\u8f6c\u76f8\u90bb\u7684\u4e24\u4e2a\u786c\u5e01,\u90a3\u4e48\u5bf9\u7279\u5b9a\u7684\u5c40\u9762\uff0c\u6700\u5c11\u8981\u7ffb\u52a8\u591a\u5c11\u6b21\u5462\uff1f</p> <p>\u6211\u4eec\u7ea6\u5b9a\uff1a\u628a\u7ffb\u52a8\u76f8\u90bb\u7684\u4e24\u4e2a\u786c\u5e01\u53eb\u505a\u4e00\u6b65\u64cd\u4f5c\uff0c\u90a3\u4e48\u8981\u6c42\uff1a  "
    },
    "tags": [
        "\u84dd\u6865\u676f-\u5386\u5c4a\u8bd5\u9898"
    ],
    "input_description": {
        "format": "html",
        "value": "\u8f93\u5165\u63cf\u8ff0:<br />  <p>\u4e24\u884c\u7b49\u957f\u7684\u5b57\u7b26\u4e32\uff0c\u5206\u522b\u8868\u793a\u521d\u59cb\u72b6\u6001\u548c\u8981\u8fbe\u5230\u7684\u76ee\u6807\u72b6\u6001\u3002\u6bcf\u884c\u7684\u957f\u5ea6&lt;1000</p>   <br />\u8f93\u5165\u6837\u4f8b: <br /> **********<br /> o****o****<br /> "
    },
    "output_description": {
        "format": "html",
        "value": "<br />\u8f93\u51fa\u63cf\u8ff0: <br />  <p>\u4e00\u4e2a\u6574\u6570\uff0c\u8868\u793a\u6700\u5c0f\u64cd\u4f5c\u6b65\u6570\u3002</p>  <br /> \u8f93\u51fa\u6837\u4f8b: <br /> 5 \t"
    },
    "test_case_score": [
        {
            "score": 100,
            "input_name": "1.in",
            "output_name": "1.out"
        },
        {
            "score": 100,
            "input_name": "2.in",
            "output_name": "2.out"
        },
        {
            "score": 100,
            "input_name": "3.in",
            "output_name": "3.out"
        }
    ],
    "hint": {
        "format": "html",
        "value": "HINT:\u65f6\u95f4\u9650\u5236\uff1a1.0s  \u5185\u5b58\u9650\u5236\uff1a256.0MB<br />"
    },
    "time_limit": 1000,
    "memory_limit": 512,
    "samples": [
        {
            "input": "\u53c2\u8003\u4e0a\u6587 ",
            "output": "\u53c2\u8003\u4e0a\u6587"
        }
    ],
    "template": {},
    "spj": null,
    "rule_type": "ACM",
    "source": "\u84dd\u6865\u676f\u7ec3\u4e60\u7cfb\u7edf ID: 29 \u539f\u9898\u94fe\u63a5: http://lx.lanqiao.cn/problem.page?gpid=T29",
    "answers": []
}