{
    "display_id": "old1191",
    "title": "\u7b97\u6cd5\u63d0\u9ad8 \u51f6\u624b",
    "description": {
        "format": "html",
        "value": "<br />\u3000\u3000\u5df4\u65af\u7ef4\u514b\u547d\u6848\u6293\u4f4f\u4e86\u516d\u4e2a\u5acc\u7591\u72af\uff0c\u4ed6\u4eec\u7684\u53e3\u4f9b\u5982\u4e0b\uff1a<br /> \u3000\u3000A\uff1a\u6211\u4e0d\u662f\u7f6a\u72af<br /> \u3000\u3000B\uff1aA\u3001C\u4e2d\u6709\u4e00\u4e2a\u662f\u7f6a\u72af<br /> \u3000\u3000C\uff1aA\u548cB\u8bf4\u4e86\u5047\u8bdd<br /> \u3000\u3000D\uff1aC\u548cF\u8bf4\u4e86\u5047\u8bdd<br /> \u3000\u3000E\uff1a\u5176\u4ed6\u4e94\u4e2a\u4eba\u4e2d\uff0c\u53ea\u6709A\u548cD\u8bf4\u4e86\u771f\u8bdd<br /> \u3000\u3000F\uff1a\u6211\u662f\u7f6a\u72af<br /> \u3000\u3000\u4ed6\u4eec\u4e2d\u53ea\u6709\u4e00\u534a\u8bf4\u4e86\u771f\u8bdd\uff0c\u51f6\u624b\u53ea\u6709\u4e00\u4e2a\u3002<br /> \u3000\u3000\u672c\u9898\u53ef\u80fd\u6709\u591a\u79cd\u53ef\u80fd\u6027\uff0c\u5373\u6b63\u786e\u7b54\u6848\uff08\u627e\u5230\u552f\u4e00\u7684\u51f6\u624b\uff09\u53ef\u80fd\u6709\u591a\u4e2a\uff0c\u4f46\u6bcf\u4e00\u4e2a\u53ef\u80fd\u7684\u7b54\u6848\uff08\u67d0\u4e00\u4e2a\u662f\u51f6\u624b\uff09\u90fd\u6ee1\u8db3\u4e0a\u8ff0\u53e3\u4f9b\u3002<br /> \u3000\u3000\u8bf7\u7f16\u7a0b\u627e\u51fa\u53ef\u80fd\u7684\u51f6\u624b\u8f93\u51fa\u3002<br /> \u3000\u3000\u6837\u4f8b\uff1a\uff08\u5047\u8bbe\u552f\u4e00\u7684\u51f6\u624b\u662fA\u6216\u8005D\u6216\u8005E\uff0c\u5219\u8f93\u51fa\u7ed3\u679c\u4e3a\u4e09\u884c\uff0c\u6309\u5b57\u6bcd\u987a\u5e8f\u4f9d\u6b21\u8f93\u51fa\uff09<br /> \u3000\u3000A<br /> \u3000\u3000D<br /> \u3000\u3000E"
    },
    "tags": [
        "\u84dd\u6865\u676f-\u7b97\u6cd5\u63d0\u9ad8"
    ],
    "input_description": {
        "format": "html",
        "value": "\u8f93\u5165\u63cf\u8ff0:<br /> <br />\u8f93\u5165\u6837\u4f8b: <br />"
    },
    "output_description": {
        "format": "html",
        "value": "<br />\u8f93\u51fa\u63cf\u8ff0: <br /><br /> \u8f93\u51fa\u6837\u4f8b: <br />"
    },
    "test_case_score": [
        {
            "score": 100,
            "input_name": "1.in",
            "output_name": "1.out"
        }
    ],
    "hint": {
        "format": "html",
        "value": "HINT:\u65f6\u95f4\u9650\u5236\uff1a1.0s  \u5185\u5b58\u9650\u5236\uff1a256.0MB<br />"
    },
    "time_limit": 1000,
    "memory_limit": 512,
    "samples": [
        {
            "input": "\u53c2\u8003\u4e0a\u6587 ",
            "output": "\u53c2\u8003\u4e0a\u6587"
        }
    ],
    "template": {},
    "spj": null,
    "rule_type": "ACM",
    "source": "\u84dd\u6865\u676f\u7ec3\u4e60\u7cfb\u7edf ID: 260 \u539f\u9898\u94fe\u63a5: http://lx.lanqiao.cn/problem.page?gpid=T260",
    "answers": []
}