{
    "display_id": "old1215",
    "title": "\u7b97\u6cd5\u63d0\u9ad8 \u8ba1\u7b97\u5668",
    "description": {
        "format": "html",
        "value": "<br /><b>\u3010\u95ee\u9898\u63cf\u8ff0\u3011</b><br /> \u3000\u3000\u738b\u5c0f\u4e8c\u7684\u8ba1\u7b97\u5668\u4e0a\u9762\u7684LED\u663e\u793a\u5c4f\u574f\u6389\u4e86\uff0c\u4e8e\u662f\u4ed6\u627e\u5230\u4e86\u5728\u8ba1\u7b97\u5668\u7ef4\u4fee\u4e0e\u5e94\u7528\u7cfb\u5b66\u4e60\u7684\u4f60\u6765\u4e3a\u4ed6\u4fee\u8ba1\u7b97\u5668\u3002<br /> \u3000\u3000\u5c4f\u5e55\u4e0a\u53ef\u4ee5\u663e\u793a0~9\u7684\u6570\u5b57\uff0c\u5176\u4e2d\u6bcf\u4e2a\u6570\u5b57\u75317\u4e2a\u5c0f\u4e8c\u6781\u7ba1\u7ec4\u6210\uff0c\u5404\u4e2a\u6570\u5b57\u5bf9\u5e94\u7684\u8868\u793a\u65b9\u5f0f\u5982\u56fe\u6240\u793a\uff1a<br /> <img width=\"426\" height=\"77\" src=\"/RequireFile.do?fid=aYT2ERHR\" /><br /> \u3000\u3000\u3002<br /> <br /> \u3000\u3000\u4e3a\u4e86\u6392\u9664\u7535\u8def\u6545\u969c\uff0c\u73b0\u5728\u4f60\u9700\u8981\u8ba1\u7b97\uff0c\u5c06\u6570\u5b57A\u53d8\u4e3a\u6570\u5b57B\u9700\u8981\u7ecf\u8fc7\u591a\u5c11\u6b21\u53d8\u6362\uff1f<br /> \u3000\u3000\u6ce8\u610f\uff1a\u73b0\u5728\u5c06\u5176\u4e2d\u6bcf\u6bb5\u5c0f\u4e8c\u6781\u7ba1\u7684\u5f00\u548c\u5173\u90fd\u5b9a\u4e49\u4e3a\u4e00\u6b21\u53d8\u6362\u3002\u4f8b\u5982\u6570\u5b571\u53d8\u4e3a2\u662f5\u6b21\u64cd\u4f5c\u3002<br /> <br /> <b>\u3010\u8f93\u5165\u683c\u5f0f\u3011</b><br /> \u3000\u3000\u7b2c\u4e00\u884c\u4e3a\u4e00\u4e2a\u6b63\u6574\u6570L\uff0c\u8868\u793a\u6570\u7801\u7684\u957f\u5ea6\u3002<br /> \u3000\u3000\u63a5\u4e0b\u6765\u4e24\u884c\u662f\u4e24\u4e2a\u957f\u5ea6\u4e3aL\u7684\u6570\u5b57A\u548cB\uff0c\u8868\u793a\u8981\u628a\u6570\u5b57A\u53d8\u6210\u6570\u5b57B\uff08\u6570\u5b57\u53ef\u4ee5\u4ee50\u5f00\u5934\uff09\u3002<br /> <b>\u3010\u8f93\u51fa\u683c\u5f0f\u3011</b><br /> \u3000\u3000\u4e00\u884c\u4e00\u4e2a\u6574\u6570\uff0c\u8868\u793a\u8fd9\u4e9b\u5c0f\u4e8c\u6781\u7ba1\u4e00\u5171\u8981\u53d8\u6362\u591a\u5c11\u6b21\u3002<br /> <b>\u3010\u6837\u4f8b\u8f93\u51651\u3011</b><br /> <br /> \u3000\u30003<br /> \u3000\u3000101<br /> \u3000\u3000025<br /> <b>\u3010\u6837\u4f8b\u8f93\u51fa1\u3011</b><br /> \u3000\u300012<br /> <b> \u3010\u6837\u4f8b\u8f93\u51652\u3011</b><b><br /> </b><br /> \u3000\u30008<br /> \u3000\u300019920513<br /> \u3000\u300020111211<br /> <b>\u3010\u6837\u4f8b\u8f93\u51fa2</b><b>\u3011</b><br /> \u3000\u300027<br /> <br /> <b>\u3010\u6570\u636e\u8303\u56f4\u3011</b><br /> \u3000\u3000L&lt;=100"
    },
    "tags": [
        "\u84dd\u6865\u676f-\u7b97\u6cd5\u63d0\u9ad8"
    ],
    "input_description": {
        "format": "html",
        "value": "\u8f93\u5165\u63cf\u8ff0:<br /> <br />\u8f93\u5165\u6837\u4f8b: <br />"
    },
    "output_description": {
        "format": "html",
        "value": "<br />\u8f93\u51fa\u63cf\u8ff0: <br /><br /> \u8f93\u51fa\u6837\u4f8b: <br />"
    },
    "test_case_score": [
        {
            "score": 100,
            "input_name": "1.in",
            "output_name": "1.out"
        },
        {
            "score": 100,
            "input_name": "2.in",
            "output_name": "2.out"
        },
        {
            "score": 100,
            "input_name": "3.in",
            "output_name": "3.out"
        },
        {
            "score": 100,
            "input_name": "4.in",
            "output_name": "4.out"
        },
        {
            "score": 100,
            "input_name": "5.in",
            "output_name": "5.out"
        },
        {
            "score": 100,
            "input_name": "6.in",
            "output_name": "6.out"
        },
        {
            "score": 100,
            "input_name": "7.in",
            "output_name": "7.out"
        },
        {
            "score": 100,
            "input_name": "8.in",
            "output_name": "8.out"
        },
        {
            "score": 100,
            "input_name": "9.in",
            "output_name": "9.out"
        },
        {
            "score": 100,
            "input_name": "10.in",
            "output_name": "10.out"
        }
    ],
    "hint": {
        "format": "html",
        "value": "HINT:\u65f6\u95f4\u9650\u5236\uff1a1.0s  \u5185\u5b58\u9650\u5236\uff1a256.0MB<br />"
    },
    "time_limit": 1000,
    "memory_limit": 512,
    "samples": [
        {
            "input": "\u53c2\u8003\u4e0a\u6587 ",
            "output": "\u53c2\u8003\u4e0a\u6587"
        }
    ],
    "template": {},
    "spj": null,
    "rule_type": "ACM",
    "source": "\u84dd\u6865\u676f\u7ec3\u4e60\u7cfb\u7edf ID: 289 \u539f\u9898\u94fe\u63a5: http://lx.lanqiao.cn/problem.page?gpid=T289",
    "answers": []
}