{
    "display_id": "old1005",
    "title": "\u5165\u95e8\u8bad\u7ec3 Fibonacci\u6570\u5217",
    "description": {
        "format": "html",
        "value": "<br /> \t<p>Fibonacci\u6570\u5217\u7684\u9012\u63a8\u516c\u5f0f\u4e3a\uff1aF<sub>n</sub>=F<sub>n-1</sub>+F<sub>n-2</sub>\uff0c\u5176\u4e2dF<sub>1</sub>=F<sub>2</sub>=1\u3002</p> \t<p>\u5f53n\u6bd4\u8f83\u5927\u65f6\uff0cF<sub>n</sub>\u4e5f\u975e\u5e38\u5927\uff0c\u73b0\u5728\u6211\u4eec\u60f3\u77e5\u9053\uff0cF<sub>n</sub>\u9664\u4ee510007\u7684\u4f59\u6570\u662f\u591a\u5c11\u3002</p> "
    },
    "tags": [
        "\u84dd\u6865\u676f-\u5165\u95e8\u8bad\u7ec3"
    ],
    "input_description": {
        "format": "html",
        "value": "\u8f93\u5165\u63cf\u8ff0:<br /> \t\u8f93\u5165\u5305\u542b\u4e00\u4e2a\u6574\u6570n\u3002 <br />\u8f93\u5165\u6837\u4f8b: <br /> \t10"
    },
    "output_description": {
        "format": "html",
        "value": "<br />\u8f93\u51fa\u63cf\u8ff0: <br /> \t\u8f93\u51fa\u4e00\u884c\uff0c\u5305\u542b\u4e00\u4e2a\u6574\u6570\uff0c\u8868\u793aF<sub>n</sub>\u9664\u4ee510007\u7684\u4f59\u6570\u3002 \t<div class=\"sec_note\"> \t<p>\u8bf4\u660e\uff1a\u5728\u672c\u9898\u4e2d\uff0c\u7b54\u6848\u662f\u8981\u6c42F<sub>n</sub>\u9664\u4ee510007\u7684\u4f59\u6570\uff0c\u56e0\u6b64\u6211\u4eec\u53ea\u8981\u80fd\u7b97\u51fa\u8fd9\u4e2a\u4f59\u6570\u5373\u53ef\uff0c\u800c\u4e0d\u9700\u8981\u5148\u8ba1\u7b97\u51faF<sub>n</sub>\u7684\u51c6\u786e\u503c\uff0c\u518d\u5c06\u8ba1\u7b97\u7684\u7ed3\u679c\u9664\u4ee510007\u53d6\u4f59\u6570\uff0c\u76f4\u63a5\u8ba1\u7b97\u4f59\u6570\u5f80\u5f80\u6bd4\u5148\u7b97\u51fa\u539f\u6570\u518d\u53d6\u4f59\u7b80\u5355\u3002</p> \t <br /> \u8f93\u51fa\u6837\u4f8b: <br /> \t55"
    },
    "test_case_score": [
        {
            "score": 100,
            "input_name": "1.in",
            "output_name": "1.out"
        },
        {
            "score": 100,
            "input_name": "2.in",
            "output_name": "2.out"
        },
        {
            "score": 100,
            "input_name": "3.in",
            "output_name": "3.out"
        },
        {
            "score": 100,
            "input_name": "4.in",
            "output_name": "4.out"
        },
        {
            "score": 100,
            "input_name": "5.in",
            "output_name": "5.out"
        },
        {
            "score": 100,
            "input_name": "6.in",
            "output_name": "6.out"
        },
        {
            "score": 100,
            "input_name": "7.in",
            "output_name": "7.out"
        },
        {
            "score": 100,
            "input_name": "8.in",
            "output_name": "8.out"
        },
        {
            "score": 100,
            "input_name": "9.in",
            "output_name": "9.out"
        }
    ],
    "hint": {
        "format": "html",
        "value": "HINT:\u65f6\u95f4\u9650\u5236\uff1a1.0s  \u5185\u5b58\u9650\u5236\uff1a256.0MB<br /> \t1 &lt;= n &lt;= 1,000,000\u3002"
    },
    "time_limit": 1000,
    "memory_limit": 512,
    "samples": [
        {
            "input": "\u53c2\u8003\u4e0a\u6587 ",
            "output": "\u53c2\u8003\u4e0a\u6587"
        }
    ],
    "template": {},
    "spj": null,
    "rule_type": "ACM",
    "source": "\u84dd\u6865\u676f\u7ec3\u4e60\u7cfb\u7edf ID: 4 \u539f\u9898\u94fe\u63a5: http://lx.lanqiao.cn/problem.page?gpid=T4",
    "answers": []
}