{
    "display_id": "old1071",
    "title": "\u57fa\u7840\u7ec3\u4e60 \u9ad8\u7cbe\u5ea6\u52a0\u6cd5",
    "description": {
        "format": "html",
        "value": "<br />\u3000\u3000\u8f93\u5165\u4e24\u4e2a\u6574\u6570a\u548cb\uff0c\u8f93\u51fa\u8fd9\u4e24\u4e2a\u6574\u6570\u7684\u548c\u3002a\u548cb\u90fd\u4e0d\u8d85\u8fc7100\u4f4d\u3002"
    },
    "tags": [
        "\u84dd\u6865\u676f-\u57fa\u7840\u7ec3\u4e60"
    ],
    "input_description": {
        "format": "html",
        "value": "\u8f93\u5165\u63cf\u8ff0:<br />\u3000\u3000\u7531\u4e8ea\u548cb\u90fd\u6bd4\u8f83\u5927\uff0c\u6240\u4ee5\u4e0d\u80fd\u76f4\u63a5\u4f7f\u7528\u8bed\u8a00\u4e2d\u7684\u6807\u51c6\u6570\u636e\u7c7b\u578b\u6765\u5b58\u50a8\u3002\u5bf9\u4e8e\u8fd9\u79cd\u95ee\u9898\uff0c\u4e00\u822c\u4f7f\u7528\u6570\u7ec4\u6765\u5904\u7406\u3002<br /> \u3000\u3000\u5b9a\u4e49\u4e00\u4e2a\u6570\u7ec4A\uff0cA[0]\u7528\u4e8e\u5b58\u50a8a\u7684\u4e2a\u4f4d\uff0cA[1]\u7528\u4e8e\u5b58\u50a8a\u7684\u5341\u4f4d\uff0c\u4f9d\u6b64\u7c7b\u63a8\u3002\u540c\u6837\u53ef\u4ee5\u7528\u4e00\u4e2a\u6570\u7ec4B\u6765\u5b58\u50a8b\u3002<br /> \u3000\u3000\u8ba1\u7b97c = a + b\u7684\u65f6\u5019\uff0c\u9996\u5148\u5c06A[0]\u4e0eB[0]\u76f8\u52a0\uff0c\u5982\u679c\u6709\u8fdb\u4f4d\u4ea7\u751f\uff0c\u5219\u628a\u8fdb\u4f4d\uff08\u5373\u548c\u7684\u5341\u4f4d\u6570\uff09\u5b58\u5165r\uff0c\u628a\u548c\u7684\u4e2a\u4f4d\u6570\u5b58\u5165C[0]\uff0c\u5373C[0]\u7b49\u4e8e(A[0]+B[0])%10\u3002\u7136\u540e\u8ba1\u7b97A[1]\u4e0eB[1]\u76f8\u52a0\uff0c\u8fd9\u65f6\u8fd8\u5e94\u5c06\u4f4e\u4f4d\u8fdb\u4e0a\u6765\u7684\u503cr\u4e5f\u52a0\u8d77\u6765\uff0c\u5373C[1]\u5e94\u8be5\u662fA[1]\u3001B[1]\u548cr\u4e09\u4e2a\u6570\u7684\u548c\uff0e\u5982\u679c\u53c8\u6709\u8fdb\u4f4d\u4ea7\u751f\uff0c\u5219\u4ecd\u53ef\u5c06\u65b0\u7684\u8fdb\u4f4d\u5b58\u5165\u5230r\u4e2d\uff0c\u548c\u7684\u4e2a\u4f4d\u5b58\u5230C[1]\u4e2d\u3002\u4f9d\u6b64\u7c7b\u63a8\uff0c\u5373\u53ef\u6c42\u51faC\u7684\u6240\u6709\u4f4d\u3002<br /> \u3000\u3000\u6700\u540e\u5c06C\u8f93\u51fa\u5373\u53ef\u3002 <br />\u8f93\u5165\u6837\u4f8b: <br />20100122201001221234567890<br /> 2010012220100122"
    },
    "output_description": {
        "format": "html",
        "value": "<br />\u8f93\u51fa\u63cf\u8ff0: <br />\u3000\u3000\u8f93\u5165\u5305\u62ec\u4e24\u884c\uff0c\u7b2c\u4e00\u884c\u4e3a\u4e00\u4e2a\u975e\u8d1f\u6574\u6570a\uff0c\u7b2c\u4e8c\u884c\u4e3a\u4e00\u4e2a\u975e\u8d1f\u6574\u6570b\u3002\u4e24\u4e2a\u6574\u6570\u90fd\u4e0d\u8d85\u8fc7100\u4f4d\uff0c\u4e24\u6570\u7684\u6700\u9ad8\u4f4d\u90fd\u4e0d\u662f0\u3002<br /> \u8f93\u51fa\u6837\u4f8b: <br />20100122203011233454668012"
    },
    "test_case_score": [
        {
            "score": 100,
            "input_name": "1.in",
            "output_name": "1.out"
        },
        {
            "score": 100,
            "input_name": "2.in",
            "output_name": "2.out"
        },
        {
            "score": 100,
            "input_name": "3.in",
            "output_name": "3.out"
        },
        {
            "score": 100,
            "input_name": "4.in",
            "output_name": "4.out"
        },
        {
            "score": 100,
            "input_name": "5.in",
            "output_name": "5.out"
        },
        {
            "score": 100,
            "input_name": "6.in",
            "output_name": "6.out"
        },
        {
            "score": 100,
            "input_name": "7.in",
            "output_name": "7.out"
        },
        {
            "score": 100,
            "input_name": "8.in",
            "output_name": "8.out"
        },
        {
            "score": 100,
            "input_name": "9.in",
            "output_name": "9.out"
        },
        {
            "score": 100,
            "input_name": "10.in",
            "output_name": "10.out"
        }
    ],
    "hint": {
        "format": "html",
        "value": "HINT:\u65f6\u95f4\u9650\u5236\uff1a1.0s  \u5185\u5b58\u9650\u5236\uff1a512.0MB<br />\u3000\u3000\u8f93\u51fa\u4e00\u884c\uff0c\u8868\u793aa + b\u7684\u503c\u3002"
    },
    "time_limit": 1000,
    "memory_limit": 512,
    "samples": [
        {
            "input": "\u53c2\u8003\u4e0a\u6587 ",
            "output": "\u53c2\u8003\u4e0a\u6587"
        }
    ],
    "template": {},
    "spj": null,
    "rule_type": "ACM",
    "source": "\u84dd\u6865\u676f\u7ec3\u4e60\u7cfb\u7edf ID: 70 \u539f\u9898\u94fe\u63a5: http://lx.lanqiao.cn/problem.page?gpid=T70",
    "answers": []
}