{
    "display_id": "old1142",
    "title": "\u7b97\u6cd5\u63d0\u9ad8 \u8ba1\u7b97\u6574\u6570\u56e0\u5b50",
    "description": {
        "format": "html",
        "value": "<br />\u3000\u3000\u8f93\u5165\u4e00\u4e2a\u6574\u6570\uff0c\u8f93\u51fa\u5176\u6240\u6709\u8d28\u56e0\u5b50\u3002"
    },
    "tags": [
        "\u84dd\u6865\u676f-\u7b97\u6cd5\u63d0\u9ad8"
    ],
    "input_description": {
        "format": "html",
        "value": "\u8f93\u5165\u63cf\u8ff0:<br />\u3000\u3000\u8f93\u5165\u53ea\u6709\u4e00\u884c\uff0c\u5305\u542b\u4e00\u4e2a\u6574\u6570n\u3002 <br />\u8f93\u5165\u6837\u4f8b: <br />6"
    },
    "output_description": {
        "format": "html",
        "value": "<br />\u8f93\u51fa\u63cf\u8ff0: <br />\u3000\u3000\u8f93\u51fa\u4e00\u884c\uff0c\u5305\u542b\u82e5\u5e72\u4e2a\u6574\u6570\uff0c\u4e3an\u7684\u6240\u6709\u8d28\u56e0\u5b50\uff0c\u6309\u7167\u4ece\u5c0f\u5230\u5927\u7684\u987a\u5e8f\u6392\u5217\u3002<br /> \u8f93\u51fa\u6837\u4f8b: <br />2 3"
    },
    "test_case_score": [
        {
            "score": 100,
            "input_name": "1.in",
            "output_name": "1.out"
        },
        {
            "score": 100,
            "input_name": "2.in",
            "output_name": "2.out"
        }
    ],
    "hint": {
        "format": "html",
        "value": "HINT:\u65f6\u95f4\u9650\u5236\uff1a1.0s  \u5185\u5b58\u9650\u5236\uff1a512.0MB<br />\u3000\u30001&lt;=n&lt;=10000\u3002"
    },
    "time_limit": 1000,
    "memory_limit": 512,
    "samples": [
        {
            "input": "\u53c2\u8003\u4e0a\u6587 ",
            "output": "\u53c2\u8003\u4e0a\u6587"
        }
    ],
    "template": {},
    "spj": null,
    "rule_type": "ACM",
    "source": "\u84dd\u6865\u676f\u7ec3\u4e60\u7cfb\u7edf ID: 176 \u539f\u9898\u94fe\u63a5: http://lx.lanqiao.cn/problem.page?gpid=T176",
    "answers": []
}