{
    "display_id": "old1085",
    "title": "\u7b97\u6cd5\u8bad\u7ec3 \u6570\u7684\u5212\u5206",
    "description": {
        "format": "html",
        "value": "<br />\u3000\u3000\u5c06\u6574\u6570n\u5206\u6210k\u4efd\uff0c\u4e14\u6bcf\u4efd\u4e0d\u80fd\u4e3a\u7a7a\uff0c\u4efb\u610f\u4e24\u4efd\u4e0d\u80fd\u76f8\u540c(\u4e0d\u8003\u8651\u987a\u5e8f)\u3002<br /> \u3000\u3000\u4f8b\u5982\uff1an=7\uff0ck=3\uff0c\u4e0b\u9762\u4e09\u79cd\u5206\u6cd5\u88ab\u8ba4\u4e3a\u662f\u76f8\u540c\u7684\u3002<br /> \u3000\u30001\uff0c1\uff0c5;        1\uff0c5\uff0c1; 5\uff0c1\uff0c1;<br /> \u3000\u3000\u95ee\u6709\u591a\u5c11\u79cd\u4e0d\u540c\u7684\u5206\u6cd5\u3002"
    },
    "tags": [
        "\u84dd\u6865\u676f-\u7b97\u6cd5\u8bad\u7ec3"
    ],
    "input_description": {
        "format": "html",
        "value": "\u8f93\u5165\u63cf\u8ff0:<br />\u3000\u3000n\uff0ck <br />\u8f93\u5165\u6837\u4f8b: <br />7 3"
    },
    "output_description": {
        "format": "html",
        "value": "<br />\u8f93\u51fa\u63cf\u8ff0: <br />\u3000\u3000\u4e00\u4e2a\u6574\u6570\uff0c\u5373\u4e0d\u540c\u7684\u5206\u6cd5<br /> \u8f93\u51fa\u6837\u4f8b: <br />4      {\u56db\u79cd\u5206\u6cd5\u4e3a\uff1a1\uff0c1\uff0c5;1\uff0c2\uff0c4;1\uff0c3\uff0c3;2\uff0c2\uff0c3;}"
    },
    "test_case_score": [
        {
            "score": 100,
            "input_name": "1.in",
            "output_name": "1.out"
        },
        {
            "score": 100,
            "input_name": "2.in",
            "output_name": "2.out"
        },
        {
            "score": 100,
            "input_name": "3.in",
            "output_name": "3.out"
        },
        {
            "score": 100,
            "input_name": "4.in",
            "output_name": "4.out"
        },
        {
            "score": 100,
            "input_name": "5.in",
            "output_name": "5.out"
        },
        {
            "score": 100,
            "input_name": "6.in",
            "output_name": "6.out"
        },
        {
            "score": 100,
            "input_name": "7.in",
            "output_name": "7.out"
        },
        {
            "score": 100,
            "input_name": "8.in",
            "output_name": "8.out"
        },
        {
            "score": 100,
            "input_name": "9.in",
            "output_name": "9.out"
        },
        {
            "score": 100,
            "input_name": "10.in",
            "output_name": "10.out"
        }
    ],
    "hint": {
        "format": "html",
        "value": "HINT:\u65f6\u95f4\u9650\u5236\uff1a1.0s  \u5185\u5b58\u9650\u5236\uff1a256.0MB<br />\u3000\u30006&lt;n&lt;=200\uff0c2&lt;=k&lt;=6"
    },
    "time_limit": 1000,
    "memory_limit": 512,
    "samples": [
        {
            "input": "\u53c2\u8003\u4e0a\u6587 ",
            "output": "\u53c2\u8003\u4e0a\u6587"
        }
    ],
    "template": {},
    "spj": null,
    "rule_type": "ACM",
    "source": "\u84dd\u6865\u676f\u7ec3\u4e60\u7cfb\u7edf ID: 84 \u539f\u9898\u94fe\u63a5: http://lx.lanqiao.cn/problem.page?gpid=T84",
    "answers": []
}