{
    "display_id": "old1003",
    "title": "\u5165\u95e8\u8bad\u7ec3 \u5e8f\u5217\u6c42\u548c",
    "description": {
        "format": "html",
        "value": "<br /> \t\u6c421+2+3+...+n\u7684\u503c\u3002 "
    },
    "tags": [
        "\u84dd\u6865\u676f-\u5165\u95e8\u8bad\u7ec3"
    ],
    "input_description": {
        "format": "html",
        "value": "\u8f93\u5165\u63cf\u8ff0:<br /> \t\u8f93\u5165\u5305\u62ec\u4e00\u4e2a\u6574\u6570n\u3002  <br />\u8f93\u5165\u6837\u4f8b: <br /> \t4 "
    },
    "output_description": {
        "format": "html",
        "value": "<br />\u8f93\u51fa\u63cf\u8ff0: <br /> \t\u8f93\u51fa\u4e00\u884c\uff0c\u5305\u62ec\u4e00\u4e2a\u6574\u6570\uff0c\u8868\u793a1+2+3+...+n\u7684\u503c\u3002 <br /> \u8f93\u51fa\u6837\u4f8b: <br /> \t10 "
    },
    "test_case_score": [
        {
            "score": 100,
            "input_name": "1.in",
            "output_name": "1.out"
        },
        {
            "score": 100,
            "input_name": "2.in",
            "output_name": "2.out"
        },
        {
            "score": 100,
            "input_name": "3.in",
            "output_name": "3.out"
        },
        {
            "score": 100,
            "input_name": "4.in",
            "output_name": "4.out"
        },
        {
            "score": 100,
            "input_name": "5.in",
            "output_name": "5.out"
        },
        {
            "score": 100,
            "input_name": "6.in",
            "output_name": "6.out"
        },
        {
            "score": 100,
            "input_name": "7.in",
            "output_name": "7.out"
        },
        {
            "score": 100,
            "input_name": "8.in",
            "output_name": "8.out"
        },
        {
            "score": 100,
            "input_name": "9.in",
            "output_name": "9.out"
        }
    ],
    "hint": {
        "format": "html",
        "value": "HINT:\u65f6\u95f4\u9650\u5236\uff1a1.0s  \u5185\u5b58\u9650\u5236\uff1a256.0MB<br /> \t1 &lt;= n &lt;= 1,000,000,000\u3002 \t<div class=\"sec_note\"> \t<p>\u8bf4\u660e\uff1a\u8bf7\u6ce8\u610f\u8fd9\u91cc\u7684\u6570\u636e\u89c4\u6a21\u3002</p> \t<p>\u672c\u9898\u76f4\u63a5\u7684\u60f3\u6cd5\u662f\u76f4\u63a5\u4f7f\u7528\u4e00\u4e2a\u5faa\u73af\u6765\u7d2f\u52a0\uff0c\u7136\u800c\uff0c\u5f53\u6570\u636e\u89c4\u6a21\u5f88\u5927\u65f6\uff0c\u8fd9\u79cd\u201c\u66b4\u529b\u201d\u7684\u65b9\u6cd5\u5f80\u5f80\u4f1a\u5bfc\u81f4\u8d85\u65f6\u3002\u6b64\u65f6\u4f60\u9700\u8981\u60f3\u60f3\u5176\u4ed6\u65b9\u6cd5\u3002\u4f60\u53ef\u4ee5\u8bd5\u4e00\u8bd5\uff0c\u5982\u679c\u4f7f\u75281000000000\u4f5c\u4e3a\u4f60\u7684\u7a0b\u5e8f\u7684\u8f93\u5165\uff0c\u4f60\u7684\u7a0b\u5e8f\u662f\u4e0d\u662f\u80fd\u5728\u89c4\u5b9a\u7684\u4e0a\u9762\u89c4\u5b9a\u7684\u65f6\u9650\u5185\u8fd0\u884c\u51fa\u6765\u3002</p> \t<p>\u672c\u9898\u53e6\u4e00\u4e2a\u8981\u503c\u5f97\u6ce8\u610f\u7684\u5730\u65b9\u662f\u7b54\u6848\u7684\u5927\u5c0f\u4e0d\u5728\u4f60\u7684\u8bed\u8a00\u9ed8\u8ba4\u7684\u6574\u578b(int)\u8303\u56f4\u5185\uff0c\u5982\u679c\u4f7f\u7528\u6574\u578b\u6765\u4fdd\u5b58\u7ed3\u679c\uff0c\u4f1a\u5bfc\u81f4\u7ed3\u679c\u9519\u8bef\u3002</p> \t<p>\u5982\u679c\u4f60\u4f7f\u7528C++\u6216C\u8bed\u8a00\u800c\u4e14\u51c6\u5907\u4f7f\u7528printf\u8f93\u51fa\u7ed3\u679c\uff0c\u5219\u4f60\u7684\u683c\u5f0f\u5b57\u7b26\u4e32\u5e94\u8be5\u5199\u6210%I64d\u4ee5\u8f93\u51falong long\u7c7b\u578b\u7684\u6574\u6570\u3002</p> \t "
    },
    "time_limit": 1000,
    "memory_limit": 512,
    "samples": [
        {
            "input": "\u53c2\u8003\u4e0a\u6587 ",
            "output": "\u53c2\u8003\u4e0a\u6587"
        }
    ],
    "template": {},
    "spj": null,
    "rule_type": "ACM",
    "source": "\u84dd\u6865\u676f\u7ec3\u4e60\u7cfb\u7edf ID: 2 \u539f\u9898\u94fe\u63a5: http://lx.lanqiao.cn/problem.page?gpid=T2",
    "answers": []
}