{
    "display_id": "old1060",
    "title": "\u57fa\u7840\u7ec3\u4e60 \u77e9\u5f62\u9762\u79ef\u4ea4",
    "description": {
        "format": "html",
        "value": "<br />\u3000\u3000\u5e73\u9762\u4e0a\u6709\u4e24\u4e2a\u77e9\u5f62\uff0c\u5b83\u4eec\u7684\u8fb9\u5e73\u884c\u4e8e\u76f4\u89d2\u5750\u6807\u7cfb\u7684X\u8f74\u6216Y\u8f74\u3002\u5bf9\u4e8e\u6bcf\u4e2a\u77e9\u5f62\uff0c\u6211\u4eec\u7ed9\u51fa\u5b83\u7684\u4e00\u5bf9\u76f8\u5bf9\u9876\u70b9\u7684\u5750\u6807\uff0c\u8bf7\u4f60\u7f16\u7a0b\u7b97\u51fa\u4e24\u4e2a\u77e9\u5f62\u7684\u4ea4\u7684\u9762\u79ef\u3002"
    },
    "tags": [
        "\u84dd\u6865\u676f-\u57fa\u7840\u7ec3\u4e60"
    ],
    "input_description": {
        "format": "html",
        "value": "\u8f93\u5165\u63cf\u8ff0:<br />\u3000\u3000\u8f93\u5165\u4ec5\u5305\u542b\u4e24\u884c\uff0c\u6bcf\u884c\u63cf\u8ff0\u4e00\u4e2a\u77e9\u5f62\u3002<br /> \u3000\u3000\u5728\u6bcf\u884c\u4e2d\uff0c\u7ed9\u51fa\u77e9\u5f62\u7684\u4e00\u5bf9\u76f8\u5bf9\u9876\u70b9\u7684\u5750\u6807\uff0c\u6bcf\u4e2a\u70b9\u7684\u5750\u6807\u90fd\u7528\u4e24\u4e2a\u7edd\u5bf9\u503c\u4e0d\u8d85\u8fc710^7\u7684\u5b9e\u6570\u8868\u793a\u3002 <br />\u8f93\u5165\u6837\u4f8b: <br />1 1 3 3<br /> 2 2 4 4"
    },
    "output_description": {
        "format": "html",
        "value": "<br />\u8f93\u51fa\u63cf\u8ff0: <br />\u3000\u3000\u8f93\u51fa\u4ec5\u5305\u542b\u4e00\u4e2a\u5b9e\u6570\uff0c\u4e3a\u4ea4\u7684\u9762\u79ef\uff0c\u4fdd\u7559\u5230\u5c0f\u6570\u540e\u4e24\u4f4d\u3002<br /> \u8f93\u51fa\u6837\u4f8b: <br />1.00"
    },
    "test_case_score": [
        {
            "score": 100,
            "input_name": "1.in",
            "output_name": "1.out"
        },
        {
            "score": 100,
            "input_name": "2.in",
            "output_name": "2.out"
        },
        {
            "score": 100,
            "input_name": "3.in",
            "output_name": "3.out"
        },
        {
            "score": 100,
            "input_name": "4.in",
            "output_name": "4.out"
        },
        {
            "score": 100,
            "input_name": "5.in",
            "output_name": "5.out"
        },
        {
            "score": 100,
            "input_name": "6.in",
            "output_name": "6.out"
        },
        {
            "score": 100,
            "input_name": "7.in",
            "output_name": "7.out"
        }
    ],
    "hint": {
        "format": "html",
        "value": "HINT:\u65f6\u95f4\u9650\u5236\uff1a1.0s  \u5185\u5b58\u9650\u5236\uff1a512.0MB<br />"
    },
    "time_limit": 1000,
    "memory_limit": 512,
    "samples": [
        {
            "input": "\u53c2\u8003\u4e0a\u6587 ",
            "output": "\u53c2\u8003\u4e0a\u6587"
        }
    ],
    "template": {},
    "spj": null,
    "rule_type": "ACM",
    "source": "\u84dd\u6865\u676f\u7ec3\u4e60\u7cfb\u7edf ID: 59 \u539f\u9898\u94fe\u63a5: http://lx.lanqiao.cn/problem.page?gpid=T59",
    "answers": []
}