{
    "display_id": "old1161",
    "title": "\u7b97\u6cd5\u8bad\u7ec3 \u8fdb\u5236\u8f6c\u6362",
    "description": {
        "format": "html",
        "value": "<br />\u3000\u3000\u7f16\u5199\u4e00\u4e2a\u7a0b\u5e8f\uff0c\u8f93\u5165\u4e00\u4e2a\u4e8c\u8fdb\u5236\u7684\u5b57\u7b26\u4e32\uff08\u957f\u5ea6\u4e0d\u8d85\u8fc732\uff09\uff0c\u7136\u540e\u8ba1\u7b97\u51fa\u76f8\u5e94\u7684\u5341\u8fdb\u5236\u6574\u6570\uff0c\u5e76\u628a\u5b83\u6253\u5370\u51fa\u6765\u3002<br /> \u3000\u3000\u8f93\u5165\u683c\u5f0f\uff1a\u8f93\u5165\u4e3a\u4e00\u4e2a\u5b57\u7b26\u4e32\uff0c\u6bcf\u4e2a\u5b57\u7b26\u90fd\u662f\u20190\u2019\u6216\u20191\u2019\uff0c\u5b57\u7b26\u4e32\u7684\u957f\u5ea6\u4e0d\u8d85\u8fc732\u3002<br /> \u3000\u3000\u8f93\u51fa\u683c\u5f0f\uff1a\u8f93\u51fa\u4e00\u4e2a\u6574\u6570\u3002<br /> \u3000\u3000\u8f93\u5165\u8f93\u51fa\u6837\u4f8b"
    },
    "tags": [
        "\u84dd\u6865\u676f-\u7b97\u6cd5\u8bad\u7ec3"
    ],
    "input_description": {
        "format": "html",
        "value": "\u8f93\u5165\u63cf\u8ff0:<br /> <br />\u8f93\u5165\u6837\u4f8b: <br />1101"
    },
    "output_description": {
        "format": "html",
        "value": "<br />\u8f93\u51fa\u63cf\u8ff0: <br /><br /> \u8f93\u51fa\u6837\u4f8b: <br />13"
    },
    "test_case_score": [
        {
            "score": 100,
            "input_name": "1.in",
            "output_name": "1.out"
        },
        {
            "score": 100,
            "input_name": "2.in",
            "output_name": "2.out"
        },
        {
            "score": 100,
            "input_name": "3.in",
            "output_name": "3.out"
        },
        {
            "score": 100,
            "input_name": "4.in",
            "output_name": "4.out"
        },
        {
            "score": 100,
            "input_name": "5.in",
            "output_name": "5.out"
        },
        {
            "score": 100,
            "input_name": "6.in",
            "output_name": "6.out"
        },
        {
            "score": 100,
            "input_name": "7.in",
            "output_name": "7.out"
        },
        {
            "score": 100,
            "input_name": "8.in",
            "output_name": "8.out"
        },
        {
            "score": 100,
            "input_name": "9.in",
            "output_name": "9.out"
        },
        {
            "score": 100,
            "input_name": "10.in",
            "output_name": "10.out"
        }
    ],
    "hint": {
        "format": "html",
        "value": "HINT:\u65f6\u95f4\u9650\u5236\uff1a1.0s  \u5185\u5b58\u9650\u5236\uff1a512.0MB<br />"
    },
    "time_limit": 1000,
    "memory_limit": 512,
    "samples": [
        {
            "input": "\u53c2\u8003\u4e0a\u6587 ",
            "output": "\u53c2\u8003\u4e0a\u6587"
        }
    ],
    "template": {},
    "spj": null,
    "rule_type": "ACM",
    "source": "\u84dd\u6865\u676f\u7ec3\u4e60\u7cfb\u7edf ID: 217 \u539f\u9898\u94fe\u63a5: http://lx.lanqiao.cn/problem.page?gpid=T217",
    "answers": []
}