{
    "display_id": "old1190",
    "title": "\u7b97\u6cd5\u63d0\u9ad8 \u53bb\u6ce8\u91ca",
    "description": {
        "format": "html",
        "value": "<br />\u3000\u3000<br /> \u3000\u3000\u53bb\u6ce8\u91ca"
    },
    "tags": [
        "\u84dd\u6865\u676f-\u7b97\u6cd5\u63d0\u9ad8"
    ],
    "input_description": {
        "format": "html",
        "value": "\u8f93\u5165\u63cf\u8ff0:<br />\u3000\u3000\u7ed9\u4f60\u4e00\u6bb5C++\u4ee3\u7801\uff0c\u5c06\u5176\u4e2d\u7684\u6ce8\u91ca\u53bb\u9664\u540e\u8f93\u51fa\u5269\u4f59\u7684\u4ee3\u7801\u3002<br /> \u3000\u3000\u6ce8\u91ca\u5171\u6709\u4e24\u79cd\u5f62\u5f0f\uff1a<br /> \u3000\u30001.       \u884c\u6ce8\u89c6\uff1a\u4ee5//\u5f00\u5934\uff0c\u4e00\u76f4\u4f5c\u7528\u5230\u884c\u5c3e\u4e3a\u6b62\u3002<br /> \u3000\u3000\u4f8b\u5b50\uff1a<br /> \u3000\u3000int n;<b>//n</b><b>\u8868\u793a\u6570\u636e\u89c4\u6a21</b><br /> \u3000\u3000int a;<br /> \u3000\u3000\u53bb\u6ce8\u91ca\u540e\uff1a<br /> \u3000\u3000int n;<br /> \u3000\u3000int a;<br /> \u3000\u3000\u6ce8\u610f\uff1a\u4fdd\u7559\u884c\u5c3e\u6362\u884c\u7b26<br /> \u3000\u30002.       \u6bb5\u6ce8\u89c6\uff1a\u4ee5/*\u5f00\u5934\uff0c\u5230*//\u7ed3\u5c3e\uff0c\u4e2d\u95f4\u90e8\u5206\u90fd\u662f\u6ce8\u91ca\uff0c\u53ef\u4ee5\u8de8\u884c\u3002<br /> \u3000\u3000\u4f8b\u5b50\uff1a<br /> \u3000\u3000int main() {<br /> \u3000\u3000/*<br /> \u3000\u3000\u6211\u662f<br /> \u3000\u3000\u4e00\u6bb5<br /> \u3000\u3000\u6ce8\u91ca<br /> \u3000\u3000*/<br /> \u3000\u3000}<br /> \u3000\u3000\u53bb\u6ce8\u91ca\u540e\uff1a<br /> \u3000\u3000int main() {<br /> <br /> \u3000\u3000}<br /> \u3000\u3000\u6ce8\u610f\uff1a\u7531\u4e8e\u5728\u7ebf\u8bc4\u6d4b\u7cfb\u7edf\uff08Online Judge\uff09\u5bf9\u7f51\u9875\u663e\u793a\u6587\u672c\u4f5c\u4e86\u683c\u5f0f\u5316\uff0c\u4e00\u4e9b\u7a7a\u884c\u4f1a\u88ab\u5220\u53bb\uff0c\u5bfc\u81f4\u4e0a\u9762\u663e\u793a\u7684\u5220\u9664\u540e\u7684\u7ed3\u679c\u4e0d\u6b63\u786e\u3002\u5220\u9664\u6ce8\u91ca\u540e\uff0c\u5269\u4f59\u7684\u4ee3\u7801\u5e94\u8be5\u662f\u4e09\u884c\uff0c\u4e24\u884c\u4ee3\u7801\u4e4b\u95f4\u6709\u4e00\u4e2a\u7a7a\u884c\u3002\u8fd9\u662f\u56e0\u4e3a\uff1a\u5728\u6bb5\u6ce8\u91ca\u7ed3\u5c3e\u7b26\u7684\u540e\u9762\u6709\u4e00\u4e2a\u6362\u884c\u7b26\uff0c\u5b83\u4e0d\u5728\u6ce8\u91ca\u5185\uff0c\u9700\u8981\u4fdd\u7559\u3002 <br />\u8f93\u5165\u6837\u4f8b: <br />int main() {<br /> /*<br /> \u6211\u662f<br /> \u4e00\u6bb5<br /> \u6ce8\u91ca<br /> */<br /> int n;//n\u8868\u793a\u6570\u636e\u89c4\u6a21<br /> }"
    },
    "output_description": {
        "format": "html",
        "value": "<br />\u8f93\u51fa\u63cf\u8ff0: <br />\u3000\u3000\u4e00\u6bb5C++\u7a0b\u5e8f\u4ee3\u7801<br /> \u8f93\u51fa\u6837\u4f8b: <br />int main() {<br /> <br /> int n;<br /> }<br /> <br /> \u6ce8\u610f\uff1a\u548c\u4e4b\u524d\u9898\u76ee\u4e2d\u7684\u89e3\u91ca\u4e00\u6837\uff0c\u5728int n;\u4e4b\u524d\u6709\u4e00\u4e2a\u7a7a\u884c\uff0c\u88ab\u5728\u7ebf\u8bc4\u6d4b\u7cfb\u7edf\u5220\u6389\uff0c\u5b9e\u9645\u7a0b\u5e8f\u8f93\u51fa\u5e94\u8be5\u6709\u8be5\u7a7a\u884c\u3002"
    },
    "test_case_score": [
        {
            "score": 100,
            "input_name": "1.in",
            "output_name": "1.out"
        },
        {
            "score": 100,
            "input_name": "2.in",
            "output_name": "2.out"
        },
        {
            "score": 100,
            "input_name": "3.in",
            "output_name": "3.out"
        }
    ],
    "hint": {
        "format": "html",
        "value": "HINT:\u65f6\u95f4\u9650\u5236\uff1a1.0s  \u5185\u5b58\u9650\u5236\uff1a256.0MB<br />\u3000\u3000\u53bb\u6389\u6ce8\u91ca\u90e8\u5206\u540e\u7684\u7a0b\u5e8f"
    },
    "time_limit": 1000,
    "memory_limit": 512,
    "samples": [
        {
            "input": "\u53c2\u8003\u4e0a\u6587 ",
            "output": "\u53c2\u8003\u4e0a\u6587"
        }
    ],
    "template": {},
    "spj": null,
    "rule_type": "ACM",
    "source": "\u84dd\u6865\u676f\u7ec3\u4e60\u7cfb\u7edf ID: 258 \u539f\u9898\u94fe\u63a5: http://lx.lanqiao.cn/problem.page?gpid=T258",
    "answers": []
}