{
    "display_id": "old1155",
    "title": "\u7b97\u6cd5\u63d0\u9ad8 \u590d\u6570\u6c42\u548c",
    "description": {
        "format": "html",
        "value": "<br />"
    },
    "tags": [
        "\u84dd\u6865\u676f-\u7b97\u6cd5\u63d0\u9ad8"
    ],
    "input_description": {
        "format": "html",
        "value": "\u8f93\u5165\u63cf\u8ff0:<br /> <br />\u8f93\u5165\u6837\u4f8b: <br /><pre class=\"pddata\"> \u4ece\u952e\u76d8\u8bfb\u5165n\u4e2a\u590d\u6570\uff08\u5b9e\u90e8\u548c\u865a\u90e8\u90fd\u4e3a\u6574\u6570\uff09\u7528\u94fe\u8868\u5b58\u50a8\uff0c\u904d\u5386\u94fe\u8868\u6c42\u51fan\u4e2a\u590d\u6570\u7684\u548c\u5e76\u8f93\u51fa\u3002 \u6837\u4f8b\u8f93\u5165: <br />3 <br />3 4<br />5 2<br />1 3<br />\u6837\u4f8b\u8f93\u51fa:<br />9+9i </pre>"
    },
    "output_description": {
        "format": "html",
        "value": "<br />\u8f93\u51fa\u63cf\u8ff0: <br /><br /> \u8f93\u51fa\u6837\u4f8b: <br />"
    },
    "test_case_score": [
        {
            "score": 100,
            "input_name": "1.in",
            "output_name": "1.out"
        },
        {
            "score": 100,
            "input_name": "2.in",
            "output_name": "2.out"
        }
    ],
    "hint": {
        "format": "html",
        "value": "HINT:\u65f6\u95f4\u9650\u5236\uff1a1.0s  \u5185\u5b58\u9650\u5236\uff1a512.0MB<br />"
    },
    "time_limit": 1000,
    "memory_limit": 512,
    "samples": [
        {
            "input": "\u53c2\u8003\u4e0a\u6587 ",
            "output": "\u53c2\u8003\u4e0a\u6587"
        }
    ],
    "template": {},
    "spj": null,
    "rule_type": "ACM",
    "source": "\u84dd\u6865\u676f\u7ec3\u4e60\u7cfb\u7edf ID: 206 \u539f\u9898\u94fe\u63a5: http://lx.lanqiao.cn/problem.page?gpid=T206",
    "answers": []
}