{
    "display_id": "old1010",
    "title": "\u57fa\u7840\u7ec3\u4e60 \u67e5\u627e\u6574\u6570",
    "description": {
        "format": "html",
        "value": "<br /> \t<p>\u7ed9\u51fa\u4e00\u4e2a\u5305\u542bn\u4e2a\u6574\u6570\u7684\u6570\u5217\uff0c\u95ee\u6574\u6570a\u5728\u6570\u5217\u4e2d\u7684\u7b2c\u4e00\u6b21\u51fa\u73b0\u662f\u7b2c\u51e0\u4e2a\u3002</p> "
    },
    "tags": [
        "\u84dd\u6865\u676f-\u57fa\u7840\u7ec3\u4e60"
    ],
    "input_description": {
        "format": "html",
        "value": "\u8f93\u5165\u63cf\u8ff0:<br /> \t<p>\u7b2c\u4e00\u884c\u5305\u542b\u4e00\u4e2a\u6574\u6570n\u3002</p> \t<p>\u7b2c\u4e8c\u884c\u5305\u542bn\u4e2a\u975e\u8d1f\u6574\u6570\uff0c\u4e3a\u7ed9\u5b9a\u7684\u6570\u5217\uff0c\u6570\u5217\u4e2d\u7684\u6bcf\u4e2a\u6570\u90fd\u4e0d\u5927\u4e8e10000\u3002</p> \t<p>\u7b2c\u4e09\u884c\u5305\u542b\u4e00\u4e2a\u6574\u6570a\uff0c\u4e3a\u5f85\u67e5\u627e\u7684\u6570\u3002</p> <br />\u8f93\u5165\u6837\u4f8b: <br /> \t6<br /> \t1 9 4 8 3 9<br /> \t9 "
    },
    "output_description": {
        "format": "html",
        "value": "<br />\u8f93\u51fa\u63cf\u8ff0: <br /> \t\u5982\u679ca\u5728\u6570\u5217\u4e2d\u51fa\u73b0\u4e86\uff0c\u8f93\u51fa\u5b83\u7b2c\u4e00\u6b21\u51fa\u73b0\u7684\u4f4d\u7f6e(\u4f4d\u7f6e\u4ece1\u5f00\u59cb\u7f16\u53f7)\uff0c\u5426\u5219\u8f93\u51fa-1\u3002 <br /> \u8f93\u51fa\u6837\u4f8b: <br /> \t2 \t"
    },
    "test_case_score": [
        {
            "score": 100,
            "input_name": "1.in",
            "output_name": "1.out"
        },
        {
            "score": 100,
            "input_name": "2.in",
            "output_name": "2.out"
        },
        {
            "score": 100,
            "input_name": "3.in",
            "output_name": "3.out"
        },
        {
            "score": 100,
            "input_name": "4.in",
            "output_name": "4.out"
        },
        {
            "score": 100,
            "input_name": "5.in",
            "output_name": "5.out"
        },
        {
            "score": 100,
            "input_name": "6.in",
            "output_name": "6.out"
        },
        {
            "score": 100,
            "input_name": "7.in",
            "output_name": "7.out"
        },
        {
            "score": 100,
            "input_name": "8.in",
            "output_name": "8.out"
        },
        {
            "score": 100,
            "input_name": "9.in",
            "output_name": "9.out"
        }
    ],
    "hint": {
        "format": "html",
        "value": "HINT:\u65f6\u95f4\u9650\u5236\uff1a1.0s  \u5185\u5b58\u9650\u5236\uff1a256.0MB<br /> \t1 &lt;= n &lt;= 1000\u3002 "
    },
    "time_limit": 1000,
    "memory_limit": 512,
    "samples": [
        {
            "input": "\u53c2\u8003\u4e0a\u6587 ",
            "output": "\u53c2\u8003\u4e0a\u6587"
        }
    ],
    "template": {},
    "spj": null,
    "rule_type": "ACM",
    "source": "\u84dd\u6865\u676f\u7ec3\u4e60\u7cfb\u7edf ID: 9 \u539f\u9898\u94fe\u63a5: http://lx.lanqiao.cn/problem.page?gpid=T9",
    "answers": []
}