{
    "display_id": "old1114",
    "title": "\u7b97\u6cd5\u63d0\u9ad8 \u6700\u5c0f\u4e58\u79ef(\u63d0\u9ad8\u578b)",
    "description": {
        "format": "html",
        "value": "<br />\u3000\u3000\u7ed9\u4e24\u7ec4\u6570\uff0c\u5404n\u4e2a\u3002<br /> \u3000\u3000\u8bf7\u8c03\u6574\u6bcf\u7ec4\u6570\u7684\u6392\u5217\u987a\u5e8f\uff0c\u4f7f\u5f97\u4e24\u7ec4\u6570\u636e\u76f8\u540c\u4e0b\u6807\u5143\u7d20\u5bf9\u5e94\u76f8\u4e58\uff0c\u7136\u540e\u76f8\u52a0\u7684\u548c\u6700\u5c0f\u3002\u8981\u6c42\u7a0b\u5e8f\u8f93\u51fa\u8fd9\u4e2a\u6700\u5c0f\u503c\u3002<br /> \u3000\u3000\u4f8b\u5982\u4e24\u7ec4\u6570\u5206\u522b\u4e3a:1 3\u3000\u3000-5\u548c-2 4 1<br /> <br /> \u3000\u3000\u90a3\u4e48\u5bf9\u5e94\u4e58\u79ef\u53d6\u548c\u7684\u6700\u5c0f\u503c\u5e94\u4e3a\uff1a<br /> \u3000\u3000(-5) * 4 + 3 * (-2) + 1 * 1 = -25"
    },
    "tags": [
        "\u84dd\u6865\u676f-\u7b97\u6cd5\u63d0\u9ad8"
    ],
    "input_description": {
        "format": "html",
        "value": "\u8f93\u5165\u63cf\u8ff0:<br />\u3000\u3000\u7b2c\u4e00\u4e2a\u884c\u4e00\u4e2a\u6570T\u8868\u793a\u6570\u636e\u7ec4\u6570\u3002\u540e\u9762\u6bcf\u7ec4\u6570\u636e\uff0c\u5148\u8bfb\u5165\u4e00\u4e2an\uff0c\u63a5\u4e0b\u6765\u4e24\u884c\u6bcf\u884cn\u4e2a\u6570\uff0c\u6bcf\u4e2a\u6570\u7684\u7edd\u5bf9\u503c\u5c0f\u4e8e\u7b49\u4e8e1000\u3002<br /> \u3000\u3000n&lt;=1000,T&lt;=10 <br />\u8f93\u5165\u6837\u4f8b: <br />"
    },
    "output_description": {
        "format": "html",
        "value": "<br />\u8f93\u51fa\u63cf\u8ff0: <br />\u3000\u3000\u4e00\u4e2a\u6570\u8868\u793a\u7b54\u6848\u3002<br /> \u8f93\u51fa\u6837\u4f8b: <br />"
    },
    "test_case_score": [
        {
            "score": 100,
            "input_name": "1.in",
            "output_name": "1.out"
        }
    ],
    "hint": {
        "format": "html",
        "value": "HINT:\u65f6\u95f4\u9650\u5236\uff1a1.0s  \u5185\u5b58\u9650\u5236\uff1a512.0MB<br />"
    },
    "time_limit": 1000,
    "memory_limit": 512,
    "samples": [
        {
            "input": "\u53c2\u8003\u4e0a\u6587 ",
            "output": "\u53c2\u8003\u4e0a\u6587"
        }
    ],
    "template": {},
    "spj": null,
    "rule_type": "ACM",
    "source": "\u84dd\u6865\u676f\u7ec3\u4e60\u7cfb\u7edf ID: 134 \u539f\u9898\u94fe\u63a5: http://lx.lanqiao.cn/problem.page?gpid=T134",
    "answers": []
}