{
    "display_id": "sai_6_3",
    "title": "\u4ee3\u7801\u586b\u7a7a\uff1a\u683c\u96f7\u7801",
    "description": {
        "format": "html",
        "value": "<p><span style=\"color: rgb(77, 77, 77);\">\u683c\u96f7\u7801\u662f\u4ee5n\u4f4d\u7684\u4e8c\u8fdb\u5236\u6765\u8868\u793a\u6570\u3002</span></p><p><span style=\"color: rgb(77, 77, 77);\">\u4e0e\u666e\u901a\u7684\u4e8c\u8fdb\u5236\u8868\u793a\u4e0d\u540c\u7684\u662f\uff0c\u5b83\u8981\u6c42\u76f8\u90bb\u4e24\u4e2a\u6570\u5b57\u53ea\u80fd\u67091\u4e2a\u6570\u4f4d\u4e0d\u540c\u3002</span></p><p><span style=\"color: rgb(77, 77, 77);\">\u9996\u5c3e\u4e24\u4e2a\u6570\u5b57\u4e5f\u8981\u6c42\u53ea\u67091\u4f4d\u4e4b\u5dee\u3002</span></p><p><span style=\"color: rgb(77, 77, 77);\">\u6709\u5f88\u591a\u7b97\u6cd5\u6765\u751f\u6210\u683c\u96f7\u7801\u3002\u4ee5\u4e0b\u662f\u8f83\u5e38\u89c1\u7684\u4e00\u79cd\uff1a</span></p><p><span style=\"color: rgb(77, 77, 77);\">\u4ece\u7f16\u7801\u51680\u5f00\u59cb\u751f\u6210\u3002</span></p><p><span style=\"color: rgb(77, 77, 77);\">\u5f53\u4ea7\u751f\u7b2c\u5947\u6570\u4e2a\u6570\u65f6\uff0c\u53ea\u628a\u5f53\u524d\u6570\u5b57\u6700\u672b\u4f4d\u6539\u53d8\uff080\u53d81\uff0c1\u53d80\uff09</span></p><p><span style=\"color: rgb(77, 77, 77);\">\u5f53\u4ea7\u751f\u7b2c\u5076\u6570\u4e2a\u6570\u65f6\uff0c\u5148\u627e\u5230\u6700\u53f3\u8fb9\u7684\u4e00\u4e2a1\uff0c\u628a\u5b83\u5de6\u8fb9\u7684\u6570\u5b57\u6539\u53d8\u3002</span></p><p><span style=\"color: rgb(77, 77, 77);\">\u7528\u8fd9\u4e2a\u89c4\u5219\u4ea7\u751f\u76844\u4f4d\u683c\u96f7\u7801\u5e8f\u5217\u5982\u4e0b\uff1a</span></p><p><span style=\"color: rgb(77, 77, 77);\">0000</span></p><p><span style=\"color: rgb(77, 77, 77);\">0001</span></p><p><span style=\"color: rgb(77, 77, 77);\">0011</span></p><p><span style=\"color: rgb(77, 77, 77);\">0010</span></p><p><span style=\"color: rgb(77, 77, 77);\">0110</span></p><p><span style=\"color: rgb(77, 77, 77);\">0111</span></p><p><span style=\"color: rgb(77, 77, 77);\">0101</span></p><p><span style=\"color: rgb(77, 77, 77);\">0100</span></p><p><span style=\"color: rgb(77, 77, 77);\">1100</span></p><p><span style=\"color: rgb(77, 77, 77);\">1101</span></p><p><span style=\"color: rgb(77, 77, 77);\">1111</span></p><p><span style=\"color: rgb(77, 77, 77);\">1110</span></p><p><span style=\"color: rgb(77, 77, 77);\">1010</span></p><p><span style=\"color: rgb(77, 77, 77);\">1011</span></p><p><span style=\"color: rgb(77, 77, 77);\">1001</span></p><p><span style=\"color: rgb(77, 77, 77);\">1000</span></p><p><span style=\"color: rgb(77, 77, 77);\">\u4ee5\u4e0b\u662f\u5b9e\u73b0\u4ee3\u7801\uff0c\u4ed4\u7ec6\u5206\u6790\u5176\u4e2d\u903b\u8f91\uff0c\u5e76\u586b\u5199\u5212\u7ebf\u90e8\u5206\u7f3a\u5c11\u7684\u4ee3\u7801\u3002</span></p><pre><code class=\"lang-C\">#include &lt;stdio.h&gt;\nvoid show(int a,int n){\n    int i;\n    int msk = 1;\n    for(i=0; i&lt;n-1; i++) msk = msk &lt;&lt; 1;\n    for(i=0; i&lt;n; i++){\n        printf((a & msk)? &quot;1&quot; : &quot;0&quot;);\n        msk = msk &gt;&gt; 1;\n    }\n    printf(&quot;\\n&quot;);\n} \nvoid f(int n){\n    int i;\n    int num = 1;\n    for(i=0; i&lt;n; i++) num = num&lt;&lt;1;\n    int a = 0;\n    for(i=0; i&lt;num; i++){\n        show(a,n);\n        if(i%2==0){\n            a = a ^ 1;\n        }\n        else{\n            a = _________________________ ; //\u586b\u7a7a\n        }\n    }\n}\nint main(){\n    f(4);\n    return 0;\n}\n\n</code></pre>"
    },
    "tags": [
        "2018\u84dd\u6865\u676f\u56fd\u8d5b"
    ],
    "input_description": {
        "format": "html",
        "value": "<p>\u65e0<br /><br /></p>"
    },
    "output_description": {
        "format": "html",
        "value": "<p><span style=\"color: rgb(77, 77, 77);\">\u8bf7\u6ce8\u610f\uff1a\u53ea\u9700\u8981\u586b\u5199\u5212\u7ebf\u90e8\u5206\u7f3a\u5c11\u7684\u5185\u5bb9\uff0c\u4e0d\u8981\u6284\u5199\u5df2\u6709\u7684\u4ee3\u7801\u6216\u7b26\u53f7\u3002</span><br /></p>"
    },
    "test_case_score": [
        {
            "score": 27,
            "input_name": "1.in",
            "output_name": "1.out"
        }
    ],
    "hint": {
        "format": "html",
        "value": "<p><span style=\"color: rgb(77, 77, 77);\">\u8bf7\u6ce8\u610f\uff1a\u53ea\u9700\u8981\u586b\u5199\u5212\u7ebf\u90e8\u5206\u7f3a\u5c11\u7684\u5185\u5bb9\uff0c\u4e0d\u8981\u6284\u5199\u5df2\u6709\u7684\u4ee3\u7801\u6216\u7b26\u53f7\u3002</span><br /></p>"
    },
    "time_limit": 1000,
    "memory_limit": 256,
    "samples": [
        {
            "input": "\u65e0",
            "output": "0000\n0001\n0011\n0010\n0110\n0111\n0101\n0100\n1100\n1101\n1111\n1110\n1010\n1011\n1001\n1000\n"
        }
    ],
    "template": {
        "C": {
            "prepend": "#include <stdio.h>\nvoid show(int a,int n){\n\tint i;\n\tint msk = 1;\n\tfor(i=0; i<n-1; i++) msk = msk << 1;\n\tfor(i=0; i<n; i++){\n\t\tprintf((a & msk)? \"1\" : \"0\");\n\t\tmsk = msk >> 1;\n\t}\n\tprintf(\"\\n\");\n} \nvoid f(int n){\n\tint i;\n\tint num = 1;\n\tfor(i=0; i<n; i++) num = num<<1;\n\tint a = 0;\n\tfor(i=0; i<num; i++){\n\t\tshow(a,n);\n\t\tif(i%2==0){\n\t\t\ta = a ^ 1;\n\t\t}\n\t\telse{\n          a = \n",
            "template": "// \u53ea\u586b\u6a2a\u7ebf\u5904\u9700\u8981\u586b\u7684\u5185\u5bb9\u5c31\u884c\u4e86\u3002\n_________________________\n",
            "append": ";\n\t\t}\n\t}\n}\nint main(){\n\tf(4);\n\treturn 0;\n}\n"
        },
        "C++": {
            "prepend": "#include <stdio.h>\nvoid show(int a,int n){\n\tint i;\n\tint msk = 1;\n\tfor(i=0; i<n-1; i++) msk = msk << 1;\n\tfor(i=0; i<n; i++){\n\t\tprintf((a & msk)? \"1\" : \"0\");\n\t\tmsk = msk >> 1;\n\t}\n\tprintf(\"\\n\");\n} \nvoid f(int n){\n\tint i;\n\tint num = 1;\n\tfor(i=0; i<n; i++) num = num<<1;\n\tint a = 0;\n\tfor(i=0; i<num; i++){\n\t\tshow(a,n);\n\t\tif(i%2==0){\n\t\t\ta = a ^ 1;\n\t\t}\n\t\telse{\n          a = \n",
            "template": "// \u53ea\u586b\u6a2a\u7ebf\u5904\u9700\u8981\u586b\u7684\u5185\u5bb9\u5c31\u884c\u4e86\u3002\n_________________________\n",
            "append": ";\n\t\t}\n\t}\n}\nint main(){\n\tf(4);\n\treturn 0;\n}\n"
        }
    },
    "spj": null,
    "rule_type": "OI",
    "source": "2018\u5e74\u7b2c\u4e5d\u5c4a\u84dd\u6865\u676fc/c++B\u7ec4\u56fd\u8d5b\u51b3\u8d5b\u771f\u9898\u9898\u76ee",
    "answers": [
        {
            "language": "C",
            "code": "// \u53ea\u586b\u6a2a\u7ebf\u5904\u9700\u8981\u586b\u7684\u5185\u5bb9\u5c31\u884c\u4e86\u3002\na^((a&(-a))<<1)"
        }
    ]
}