{
    "display_id": "old1012",
    "title": "\u7b97\u6cd5\u8bad\u7ec3 \u533a\u95f4k\u5927\u6570\u67e5\u8be2",
    "description": {
        "format": "html",
        "value": "<br /> \t<p>\u7ed9\u5b9a\u4e00\u4e2a\u5e8f\u5217\uff0c\u6bcf\u6b21\u8be2\u95ee\u5e8f\u5217\u4e2d\u7b2cl\u4e2a\u6570\u5230\u7b2cr\u4e2a\u6570\u4e2d\u7b2cK\u5927\u7684\u6570\u662f\u54ea\u4e2a\u3002</p> "
    },
    "tags": [
        "\u84dd\u6865\u676f-\u7b97\u6cd5\u8bad\u7ec3"
    ],
    "input_description": {
        "format": "html",
        "value": "\u8f93\u5165\u63cf\u8ff0:<br /> \t<p>\u7b2c\u4e00\u884c\u5305\u542b\u4e00\u4e2a\u6570n\uff0c\u8868\u793a\u5e8f\u5217\u957f\u5ea6\u3002</p> \t<p>\u7b2c\u4e8c\u884c\u5305\u542bn\u4e2a\u6b63\u6574\u6570\uff0c\u8868\u793a\u7ed9\u5b9a\u7684\u5e8f\u5217\u3002</p> \t<p>\u7b2c\u4e09\u4e2a\u5305\u542b\u4e00\u4e2a\u6b63\u6574\u6570m\uff0c\u8868\u793a\u8be2\u95ee\u4e2a\u6570\u3002</p> <p>\u63a5\u4e0b\u6765m\u884c\uff0c\u6bcf\u884c\u4e09\u4e2a\u6570l,r,K\uff0c\u8868\u793a\u8be2\u95ee\u5e8f\u5217\u4ece\u5de6\u5f80\u53f3\u7b2cl\u4e2a\u6570\u5230\u7b2cr\u4e2a\u6570\u4e2d\uff0c\u4ece\u5927\u5f80\u5c0f\u7b2cK\u5927\u7684\u6570\u662f\u54ea\u4e2a\u3002\u5e8f\u5217\u5143\u7d20\u4ece1\u5f00\u59cb\u6807\u53f7\u3002</p>  <br />\u8f93\u5165\u6837\u4f8b: <br /> 5<br /> 1 2 3 4 5<br /> 2<br /> 1 5 2<br /> 2 3 2 "
    },
    "output_description": {
        "format": "html",
        "value": "<br />\u8f93\u51fa\u63cf\u8ff0: <br /> \t\u603b\u5171\u8f93\u51fam\u884c\uff0c\u6bcf\u884c\u4e00\u4e2a\u6570\uff0c\u8868\u793a\u8be2\u95ee\u7684\u7b54\u6848\u3002 <br /> \u8f93\u51fa\u6837\u4f8b: <br /> 4<br /> 2 \t"
    },
    "test_case_score": [
        {
            "score": 100,
            "input_name": "1.in",
            "output_name": "1.out"
        },
        {
            "score": 100,
            "input_name": "2.in",
            "output_name": "2.out"
        },
        {
            "score": 100,
            "input_name": "3.in",
            "output_name": "3.out"
        },
        {
            "score": 100,
            "input_name": "4.in",
            "output_name": "4.out"
        },
        {
            "score": 100,
            "input_name": "5.in",
            "output_name": "5.out"
        },
        {
            "score": 100,
            "input_name": "6.in",
            "output_name": "6.out"
        },
        {
            "score": 100,
            "input_name": "7.in",
            "output_name": "7.out"
        },
        {
            "score": 100,
            "input_name": "8.in",
            "output_name": "8.out"
        },
        {
            "score": 100,
            "input_name": "9.in",
            "output_name": "9.out"
        }
    ],
    "hint": {
        "format": "html",
        "value": "HINT:\u65f6\u95f4\u9650\u5236\uff1a1.0s  \u5185\u5b58\u9650\u5236\uff1a256.0MB<br /> <p>\u5bf9\u4e8e30%\u7684\u6570\u636e\uff0cn,m&lt;=100\uff1b</p> <p>\u5bf9\u4e8e100%\u7684\u6570\u636e\uff0cn,m&lt;=1000\uff1b</p> <p>\u4fdd\u8bc1k&lt;=(r-l+1)\uff0c\u5e8f\u5217\u4e2d\u7684\u6570&lt;=10<sup>6</sup>\u3002</p> "
    },
    "time_limit": 1000,
    "memory_limit": 512,
    "samples": [
        {
            "input": "\u53c2\u8003\u4e0a\u6587 ",
            "output": "\u53c2\u8003\u4e0a\u6587"
        }
    ],
    "template": {},
    "spj": null,
    "rule_type": "ACM",
    "source": "\u84dd\u6865\u676f\u7ec3\u4e60\u7cfb\u7edf ID: 11 \u539f\u9898\u94fe\u63a5: http://lx.lanqiao.cn/problem.page?gpid=T11",
    "answers": []
}