{
    "display_id": "old1120",
    "title": "\u7b97\u6cd5\u8bad\u7ec3 \u90ae\u7968",
    "description": {
        "format": "html",
        "value": "<br />\u3000\u3000\u7ed9\u5b9a\u4e00\u4e2a\u4fe1\u5c01\uff0c\u6709N\uff081\u2264N\u2264100\uff09\u4e2a\u4f4d\u7f6e\u53ef\u4ee5\u8d34\u90ae\u7968\uff0c\u6bcf\u4e2a\u4f4d\u7f6e\u53ea\u80fd\u8d34\u4e00\u5f20\u90ae\u7968\u3002\u6211\u4eec\u73b0\u5728\u6709M(M&lt;=100)\u79cd\u4e0d\u540c\u90ae\u8d44\u7684\u90ae\u7968\uff0c\u9762\u503c\u4e3aX1,X2\u2026.Xm\u5206\uff08Xi\u662f\u6574\u6570\uff0c1\u2264Xi\u2264255\uff09\uff0c\u6bcf\u79cd\u90fd\u6709N\u5f20\u3002<br /> <br /> \u3000\u3000\u663e\u7136\uff0c\u4fe1\u5c01\u4e0a\u80fd\u8d34\u7684\u90ae\u8d44\u6700\u5c0f\u503c\u662fmin(X1, X2, \u2026, Xm)\uff0c\u6700\u5927\u503c\u662f N*max(X1, X2, \u2026,\u3000\u3000Xm)\u3002\u7531\u6240\u6709\u8d34\u6cd5\u5f97\u5230\u7684\u90ae\u8d44\u503c\u53ef\u5f62\u6210\u4e00\u4e2a\u96c6\u5408\uff08\u96c6\u5408\u4e2d\u6ca1\u6709\u91cd\u590d\u6570\u503c\uff09\uff0c\u8981\u6c42\u6c42\u51fa\u8fd9\u4e2a\u96c6\u5408\u4e2d\u662f\u5426\u5b58\u5728\u4ece1\u5230\u67d0\u4e2a\u503c\u7684\u8fde\u7eed\u90ae\u8d44\u5e8f\u5217\uff0c\u8f93\u51fa\u8fd9\u4e2a\u5e8f\u5217\u7684\u6700\u5927\u503c\u3002<br /> <br /> \u3000\u3000\u4f8b\u5982\uff0cN=4\uff0cM=2\uff0c\u9762\u503c\u5206\u522b\u4e3a4\u5206\uff0c1\u5206\uff0c\u4e8e\u662f\u5f62\u62101\uff0c2\uff0c3\uff0c4\uff0c5\uff0c6\uff0c7\uff0c8\uff0c9\uff0c10\uff0c12\uff0c13\uff0c16\u7684\u5e8f\u5217\uff0c\u800c\u4ece1\u5f00\u59cb\u7684\u8fde\u7eed\u90ae\u8d44\u5e8f\u5217\u4e3a1\uff0c2\uff0c3\uff0c4\uff0c5\uff0c6\uff0c7\uff0c8\uff0c9\uff0c10\uff0c\u6240\u4ee5\u8fde\u7eed\u90ae\u8d44\u5e8f\u5217\u7684\u6700\u5927\u503c\u4e3a10\u5206\u3002"
    },
    "tags": [
        "\u84dd\u6865\u676f-\u7b97\u6cd5\u8bad\u7ec3"
    ],
    "input_description": {
        "format": "html",
        "value": "\u8f93\u5165\u63cf\u8ff0:<br />\u3000\u3000\u7b2c\u4e00\u884c\uff1a\u6700\u591a\u5141\u8bb8\u7c98\u8d34\u7684\u90ae\u7968\u5f20\u6570N\uff1b\u7b2c\u4e8c\u884c\uff1a\u90ae\u7968\u79cd\u6570M\uff1b\u7b2c\u4e09\u884c\uff1a\u7a7a\u683c\u9694\u5f00\u7684M\u4e2a\u6570\u5b57\uff0c\u8868\u793a\u90ae\u7968\u7684\u9762\u503cXi\u3002\u6ce8\u610f\uff1aXi\u5e8f\u5217\u4e0d\u4e00\u5b9a\u662f\u5927\u5c0f\u6709\u5e8f\u7684\uff01 <br />\u8f93\u5165\u6837\u4f8b: <br />"
    },
    "output_description": {
        "format": "html",
        "value": "<br />\u8f93\u51fa\u63cf\u8ff0: <br />\u3000\u3000\u4ece1\u5f00\u59cb\u7684\u8fde\u7eed\u90ae\u8d44\u5e8f\u5217\u7684\u6700\u5927\u503cMAX\u3002\u82e5\u4e0d\u5b58\u5728\u4ece1\u5206\u5f00\u59cb\u7684\u5e8f\u5217\uff08\u5373\u8f93\u5165\u7684\u90ae\u7968\u4e2d\u6ca1\u67091\u5206\u9762\u989d\u7684\u90ae\u7968\uff09\uff0c\u5219\u8f93\u51fa0.<br /> \u8f93\u51fa\u6837\u4f8b: <br />"
    },
    "test_case_score": [
        {
            "score": 100,
            "input_name": "1.in",
            "output_name": "1.out"
        },
        {
            "score": 100,
            "input_name": "2.in",
            "output_name": "2.out"
        },
        {
            "score": 100,
            "input_name": "3.in",
            "output_name": "3.out"
        },
        {
            "score": 100,
            "input_name": "4.in",
            "output_name": "4.out"
        },
        {
            "score": 100,
            "input_name": "5.in",
            "output_name": "5.out"
        }
    ],
    "hint": {
        "format": "html",
        "value": "HINT:\u65f6\u95f4\u9650\u5236\uff1a1.0s  \u5185\u5b58\u9650\u5236\uff1a512.0MB<br />"
    },
    "time_limit": 1000,
    "memory_limit": 512,
    "samples": [
        {
            "input": "\u53c2\u8003\u4e0a\u6587 ",
            "output": "\u53c2\u8003\u4e0a\u6587"
        }
    ],
    "template": {},
    "spj": null,
    "rule_type": "ACM",
    "source": "\u84dd\u6865\u676f\u7ec3\u4e60\u7cfb\u7edf ID: 141 \u539f\u9898\u94fe\u63a5: http://lx.lanqiao.cn/problem.page?gpid=T141",
    "answers": []
}