{
    "display_id": "old1096",
    "title": "\u7b97\u6cd5\u8bad\u7ec3 \u6570\u5217",
    "description": {
        "format": "html",
        "value": "<br />\u3000\u3000\u7ed9\u5b9a\u4e00\u4e2a\u6b63\u6574\u6570k(3\u2264k\u226415),\u628a\u6240\u6709k\u7684\u65b9\u5e42\u53ca\u6240\u6709\u6709\u9650\u4e2a\u4e92\u4e0d\u76f8\u7b49\u7684k\u7684\u65b9\u5e42\u4e4b\u548c\u6784\u6210\u4e00\u4e2a\u9012\u589e\u7684\u5e8f\u5217\uff0c\u4f8b\u5982\uff0c\u5f53k=3\u65f6\uff0c\u8fd9\u4e2a\u5e8f\u5217\u662f\uff1a<br /> \u3000\u30001\uff0c3\uff0c4\uff0c9\uff0c10\uff0c12\uff0c13\uff0c\u2026<br /> \u3000\u3000\uff08\u8be5\u5e8f\u5217\u5b9e\u9645\u4e0a\u5c31\u662f\uff1a3<sup>0</sup>\uff0c3<sup>1</sup>\uff0c3<sup>0</sup>+3<sup>1</sup>\uff0c3<sup>2</sup>\uff0c3<sup>0</sup>+3<sup>2</sup>\uff0c3<sup>1</sup>+3<sup>2</sup>\uff0c3<sup>0</sup>+3<sup>1</sup>+3<sup>2</sup>\uff0c\u2026\uff09<br /> \u3000\u3000\u8bf7\u4f60\u6c42\u51fa\u8fd9\u4e2a\u5e8f\u5217\u7684\u7b2cN\u9879\u7684\u503c\uff08\u752810\u8fdb\u5236\u6570\u8868\u793a\uff09\u3002<br /> \u3000\u3000\u4f8b\u5982\uff0c\u5bf9\u4e8ek=3\uff0cN=100\uff0c\u6b63\u786e\u7b54\u6848\u5e94\u8be5\u662f981\u3002"
    },
    "tags": [
        "\u84dd\u6865\u676f-\u7b97\u6cd5\u8bad\u7ec3"
    ],
    "input_description": {
        "format": "html",
        "value": "\u8f93\u5165\u63cf\u8ff0:<br />\u3000\u3000\u53ea\u67091\u884c\uff0c\u4e3a2\u4e2a\u6b63\u6574\u6570\uff0c\u7528\u4e00\u4e2a\u7a7a\u683c\u9694\u5f00\uff1a<br /> \u3000\u3000k N<br /> \u3000\u3000\uff08k\u3001N\u7684\u542b\u4e49\u4e0e\u4e0a\u8ff0\u7684\u95ee\u9898\u63cf\u8ff0\u4e00\u81f4\uff0c\u4e143\u2264k\u226415\uff0c10\u2264N\u22641000\uff09\u3002 <br />\u8f93\u5165\u6837\u4f8b: <br />3 100"
    },
    "output_description": {
        "format": "html",
        "value": "<br />\u8f93\u51fa\u63cf\u8ff0: <br />\u3000\u3000\u8ba1\u7b97\u7ed3\u679c\uff0c\u662f\u4e00\u4e2a\u6b63\u6574\u6570\uff08\u5728\u6240\u6709\u7684\u6d4b\u8bd5\u6570\u636e\u4e2d\uff0c\u7ed3\u679c\u5747\u4e0d\u8d85\u8fc72.1*10<sup>9</sup>\uff09\u3002\uff08\u6574\u6570\u524d\u4e0d\u8981\u6709\u7a7a\u683c\u548c\u5176\u4ed6\u7b26\u53f7\uff09\u3002<br /> \u8f93\u51fa\u6837\u4f8b: <br />981"
    },
    "test_case_score": [
        {
            "score": 100,
            "input_name": "1.in",
            "output_name": "1.out"
        },
        {
            "score": 100,
            "input_name": "2.in",
            "output_name": "2.out"
        },
        {
            "score": 100,
            "input_name": "3.in",
            "output_name": "3.out"
        },
        {
            "score": 100,
            "input_name": "4.in",
            "output_name": "4.out"
        },
        {
            "score": 100,
            "input_name": "5.in",
            "output_name": "5.out"
        },
        {
            "score": 100,
            "input_name": "6.in",
            "output_name": "6.out"
        },
        {
            "score": 100,
            "input_name": "7.in",
            "output_name": "7.out"
        },
        {
            "score": 100,
            "input_name": "8.in",
            "output_name": "8.out"
        },
        {
            "score": 100,
            "input_name": "9.in",
            "output_name": "9.out"
        },
        {
            "score": 100,
            "input_name": "10.in",
            "output_name": "10.out"
        }
    ],
    "hint": {
        "format": "html",
        "value": "HINT:\u65f6\u95f4\u9650\u5236\uff1a1.0s  \u5185\u5b58\u9650\u5236\uff1a256.0MB<br />"
    },
    "time_limit": 1000,
    "memory_limit": 512,
    "samples": [
        {
            "input": "\u53c2\u8003\u4e0a\u6587 ",
            "output": "\u53c2\u8003\u4e0a\u6587"
        }
    ],
    "template": {},
    "spj": null,
    "rule_type": "ACM",
    "source": "\u84dd\u6865\u676f\u7ec3\u4e60\u7cfb\u7edf ID: 95 \u539f\u9898\u94fe\u63a5: http://lx.lanqiao.cn/problem.page?gpid=T95",
    "answers": []
}