{
    "display_id": "old1203",
    "title": "\u7b97\u6cd5\u63d0\u9ad8 \u5f69\u7968",
    "description": {
        "format": "html",
        "value": "<br />\u3000\u3000\u4e3a\u4e30\u5bcc\u7537\u751f\u8282\u6d3b\u52a8\uff0c\u8d35\u7cfb\u5973\u751f\u8bbe\u7f6e\u5f69\u7968\u62bd\u5956\u73af\u8282\uff0c\u89c4\u5219\u5982\u4e0b\uff1a<br /> \u3000\u30001\u3001\u6bcf\u5f20\u5f69\u7968\u4e0a\u5370\u67097\u4e2a\u5404\u4e0d\u76f8\u540c\u7684\u53f7\u7801\uff0c\u4e14\u8fd9\u4e9b\u53f7\u7801\u7684\u53d6\u503c\u8303\u56f4\u4e3a[1, 33]\uff1b<br /> \u3000\u30002\u3001\u6bcf\u6b21\u5728\u5151\u5956\u524d\u90fd\u4f1a\u516c\u5e03\u4e00\u4e2a\u7531\u4e03\u4e2a\u4e92\u4e0d\u76f8\u540c\u7684\u53f7\u7801\u6784\u6210\u7684\u4e2d\u5956\u53f7\u7801\uff1b<br /> \u3000\u30003\u3001\u5171\u8bbe\u7f6e7\u4e2a\u5956\u9879\uff0c\u7279\u7b49\u5956\u548c\u4e00\u7b49\u5956\u81f3\u516d\u7b49\u5956\u3002\u5151\u5956\u89c4\u5219\u5982\u4e0b\uff1a<br /> \u3000\u3000\u7279\u7b49\u5956\uff1a\u8981\u6c42\u5f69\u7968\u4e0a\u76847\u4e2a\u53f7\u7801\u90fd\u51fa\u73b0\u5728\u4e2d\u5956\u53f7\u7801\u4e2d\uff1b<br /> \u3000\u3000\u4e00\u7b49\u5956\uff1a\u8981\u6c42\u5f69\u7968\u4e0a\u76846\u4e2a\u53f7\u7801\u51fa\u73b0\u5728\u4e2d\u5956\u53f7\u7801\u4e2d\uff1b<br /> \u3000\u3000\u4e8c\u7b49\u5956\uff1a\u8981\u6c42\u5f69\u7968\u4e0a\u76845\u4e2a\u53f7\u7801\u51fa\u73b0\u5728\u4e2d\u5956\u53f7\u7801\u4e2d\uff1b<br /> \u3000\u3000\u2026\u2026<br /> \u3000\u3000\u516d\u7b49\u5956\uff1a\u8981\u6c42\u5f69\u7968\u4e0a\u76841\u4e2a\u53f7\u7801\u51fa\u73b0\u5728\u4e2d\u5956\u53f7\u7801\u4e2d\uff1b<br /> \u3000\u3000\u6ce8\uff1a\u4e0d\u8003\u8651\u53f7\u7801\u51fa\u73b0\u7684\u987a\u5e8f\uff0c\u4f8b\u5982\u82e5\u4e2d\u5956\u53f7\u7801\u4e3a23 31 1 14 19 17 18\uff0c\u5219\u5f69\u796812 8 9 23 1 16 7\u7531\u4e8e\u5176\u4e2d\u6709\u4e24\u4e2a\u53f7\u7801\uff0823\u548c1\uff09\u51fa\u73b0\u5728\u4e2d\u5956\u53f7\u7801\u4e2d\uff0c\u6240\u4ee5\u8be5\u5f69\u7968\u4e2d\u4e86\u4e94\u7b49\u5956\u3002<br /> \u3000\u3000\u73b0\u5df2\u77e5\u4e2d\u5956\u53f7\u7801\u548c\u674e\u534e\u4e70\u7684\u82e5\u5e72\u5f69\u7968\u7684\u53f7\u7801\uff0c\u8bf7\u4f60\u5199\u4e00\u4e2a\u7a0b\u5e8f\u5224\u65ad\u4ed6\u7684\u5f69\u7968\u4e2d\u5956\u60c5\u51b5\u3002"
    },
    "tags": [
        "\u84dd\u6865\u676f-\u7b97\u6cd5\u63d0\u9ad8"
    ],
    "input_description": {
        "format": "html",
        "value": "\u8f93\u5165\u63cf\u8ff0:<br />\u3000\u3000\u7b2c\u4e00\u884c\u4e00\u4e2a\u6b63\u6574\u6570n\uff0c\u8868\u793a\u5f69\u7968\u6570\u91cf\uff0c\u7b2c\u4e8c\u884c7\u4e2a\u6574\u6570\uff0c\u8868\u793a\u4e2d\u5956\u53f7\u7801\uff0c\u4e0b\u9762n\u884c\u6bcf\u884c7\u4e2a\u6574\u6570\uff0c\u63cf\u8ff0n\u5f20\u5f69\u7968\u3002 <br />\u8f93\u5165\u6837\u4f8b: <br />3<br /> 1 2 3 4 5 6 7<br /> 11 12 13 14 15 16 17<br /> 12 13 14 15 16 17 18<br /> 8 7 10 9 31 30 29"
    },
    "output_description": {
        "format": "html",
        "value": "<br />\u8f93\u51fa\u63cf\u8ff0: <br />\u3000\u30007\u4e2a\u7a7a\u683c\u9694\u5f00\u7684\u6570\u5b57\uff0c\u7b2c1\u4e2a\u6570\u5b57\u8868\u793a\u7279\u7b49\u5956\u7684\u4e2d\u5956\u5f20\u6570\uff0c\u7b2c2\u4e2a\u6570\u5b57\u8868\u793a\u4e00\u7b49\u5956\u7684\u4e2d\u5956\u5f20\u6570\uff0c\u7b2c3\u4e2a\u6570\u5b57\u8868\u793a\u4e8c\u7b49\u5956\u7684\u4e2d\u5956\u5f20\u6570\u2026\u2026\u7b2c7\u4e2a\u6570\u5b57\u8868\u793a\u516d\u7b49\u5956\u7684\u4e2d\u5956\u5f20\u6570\u3002<br /> \u8f93\u51fa\u6837\u4f8b: <br />0 0 0 0 0 0 1"
    },
    "test_case_score": [
        {
            "score": 100,
            "input_name": "1.in",
            "output_name": "1.out"
        },
        {
            "score": 100,
            "input_name": "2.in",
            "output_name": "2.out"
        },
        {
            "score": 100,
            "input_name": "3.in",
            "output_name": "3.out"
        },
        {
            "score": 100,
            "input_name": "4.in",
            "output_name": "4.out"
        },
        {
            "score": 100,
            "input_name": "5.in",
            "output_name": "5.out"
        },
        {
            "score": 100,
            "input_name": "6.in",
            "output_name": "6.out"
        },
        {
            "score": 100,
            "input_name": "7.in",
            "output_name": "7.out"
        },
        {
            "score": 100,
            "input_name": "8.in",
            "output_name": "8.out"
        },
        {
            "score": 100,
            "input_name": "9.in",
            "output_name": "9.out"
        },
        {
            "score": 100,
            "input_name": "10.in",
            "output_name": "10.out"
        }
    ],
    "hint": {
        "format": "html",
        "value": "HINT:\u65f6\u95f4\u9650\u5236\uff1a1.0s  \u5185\u5b58\u9650\u5236\uff1a256.0MB<br />\u3000\u300030%\u7684\u6570\u636en&lt;=100\uff1b<br /> \u3000\u300070%\u7684\u6570\u636en&lt;=1000\uff1b<br /> \u3000\u3000100%\u7684\u6570\u636en&lt;=100000\u3002<br /> <br /> \u3000\u3000*****\u63d0\u793a\uff1a\u6570\u7ec4\u5b9a\u4e49\u4e3a\u5168\u5c40\u53d8\u91cf\uff0c\u53ef\u4ee5\u5206\u914d\u66f4\u591a\u5185\u5b58\u3002*****"
    },
    "time_limit": 1000,
    "memory_limit": 512,
    "samples": [
        {
            "input": "\u53c2\u8003\u4e0a\u6587 ",
            "output": "\u53c2\u8003\u4e0a\u6587"
        }
    ],
    "template": {},
    "spj": null,
    "rule_type": "ACM",
    "source": "\u84dd\u6865\u676f\u7ec3\u4e60\u7cfb\u7edf ID: 273 \u539f\u9898\u94fe\u63a5: http://lx.lanqiao.cn/problem.page?gpid=T273",
    "answers": []
}