{
    "display_id": "old1118",
    "title": "\u7b97\u6cd5\u8bad\u7ec3 \u77e9\u9635\u52a0\u6cd5",
    "description": {
        "format": "html",
        "value": "<br />\u3000\u3000\u7ed9\u5b9a\u4e24\u4e2aN\u00d7M\u7684\u77e9\u9635\uff0c\u8ba1\u7b97\u5176\u548c\u3002\u5176\u4e2d\uff1a<br /> \u3000\u3000N\u548cM\u5927\u4e8e\u7b49\u4e8e1\u4e14\u5c0f\u4e8e\u7b49\u4e8e100\uff0c\u77e9\u9635\u5143\u7d20\u7684\u7edd\u5bf9\u503c\u4e0d\u8d85\u8fc71000\u3002"
    },
    "tags": [
        "\u84dd\u6865\u676f-\u7b97\u6cd5\u8bad\u7ec3"
    ],
    "input_description": {
        "format": "html",
        "value": "\u8f93\u5165\u63cf\u8ff0:<br />\u3000\u3000\u8f93\u5165\u6570\u636e\u7684\u7b2c\u4e00\u884c\u5305\u542b\u4e24\u4e2a\u6574\u6570N\u3001M\uff0c\u8868\u793a\u9700\u8981\u76f8\u52a0\u7684\u4e24\u4e2a\u77e9\u9635\u7684\u884c\u6570\u548c\u5217\u6570\u3002\u63a5\u4e0b\u67652*N\u884c\u6bcf\u884c\u5305\u542bM\u4e2a\u6570\uff0c\u5176\u4e2d\u524dN\u884c\u8868\u793a\u7b2c\u4e00\u4e2a\u77e9\u9635\uff0c\u540eN\u884c\u8868\u793a\u7b2c\u4e8c\u4e2a\u77e9\u9635\u3002 <br />\u8f93\u5165\u6837\u4f8b: <br />"
    },
    "output_description": {
        "format": "html",
        "value": "<br />\u8f93\u51fa\u63cf\u8ff0: <br />\u3000\u3000\u4f60\u7684\u7a0b\u5e8f\u9700\u8981\u8f93\u51fa\u4e00\u4e2aN*M\u7684\u77e9\u9635\uff0c\u8868\u793a\u4e24\u4e2a\u77e9\u9635\u76f8\u52a0\u7684\u7ed3\u679c\u3002\u6ce8\u610f\uff0c\u8f93\u51fa\u4e2d\u6bcf\u884c\u7684\u6700\u540e\u4e0d\u5e94\u6709\u591a\u4f59\u7684\u7a7a\u683c\uff0c\u5426\u5219\u4f60\u7684\u7a0b\u5e8f\u6709\u53ef\u80fd\u88ab\u7cfb\u7edf\u8ba4\u4e3a\u662fPresentation\u3000\u3000Error<br /> \u8f93\u51fa\u6837\u4f8b: <br />"
    },
    "test_case_score": [
        {
            "score": 100,
            "input_name": "1.in",
            "output_name": "1.out"
        }
    ],
    "hint": {
        "format": "html",
        "value": "HINT:\u65f6\u95f4\u9650\u5236\uff1a1.0s  \u5185\u5b58\u9650\u5236\uff1a512.0MB<br />"
    },
    "time_limit": 1000,
    "memory_limit": 512,
    "samples": [
        {
            "input": "\u53c2\u8003\u4e0a\u6587 ",
            "output": "\u53c2\u8003\u4e0a\u6587"
        }
    ],
    "template": {},
    "spj": null,
    "rule_type": "ACM",
    "source": "\u84dd\u6865\u676f\u7ec3\u4e60\u7cfb\u7edf ID: 139 \u539f\u9898\u94fe\u63a5: http://lx.lanqiao.cn/problem.page?gpid=T139",
    "answers": []
}