{
    "display_id": "old1173",
    "title": "\u7b97\u6cd5\u63d0\u9ad8 c++_ch02_02",
    "description": {
        "format": "html",
        "value": "<br />\u3000\u3000\u4f7f\u7528Switch\u8bed\u53e5\u7f16\u5199\u4e00\u4e2a\u6a21\u62df\u7b80\u5355\u8ba1\u7b97\u5668\u7684\u7a0b\u5e8f\u3002\u4f9d\u6b21\u8f93\u5165\u4e24\u4e2a\u6574\u6570\u548c\u4e00\u4e2a\u5b57\u7b26\uff0c\u5e76\u7528\u7a7a\u683c\u9694\u5f00\u3002\u5982\u679c\u8be5\u5b57\u7b26\u662f\u4e00\u4e2a\u201c+\u201d\uff0c\u5219\u6253\u5370\u548c\uff1b\u5982\u679c\u8be5\u5b57\u7b26\u662f\u4e00\u4e2a\u201c-\u201d\uff0c\u5219\u6253\u5370\u5dee\uff1b\u5982\u679c\u8be5\u5b57\u7b26\u662f\u4e00\u4e2a\u201c*\u201d,\u5219\u6253\u5370\u79ef\uff1b\u5982\u679c\u8be5\u5b57\u7b26\u662f\u201c/\u201d\uff0c\u5219\u6253\u5370\u5546\uff1b\u5982\u679c\u8be5\u5b57\u7b26\u662f\u4e00\u4e2a\u201c%\u201d\uff0c\u5219\u6253\u5370\u4f59\u6570\u3002\u6253\u5370\u7ed3\u679c\u540e\u8f93\u51fa\u4e00\u4e2a\u7a7a\u884c\u3002"
    },
    "tags": [
        "\u84dd\u6865\u676f-\u7b97\u6cd5\u63d0\u9ad8"
    ],
    "input_description": {
        "format": "html",
        "value": "\u8f93\u5165\u63cf\u8ff0:<br /> <br />\u8f93\u5165\u6837\u4f8b: <br />"
    },
    "output_description": {
        "format": "html",
        "value": "<br />\u8f93\u51fa\u63cf\u8ff0: <br /><br /> \u8f93\u51fa\u6837\u4f8b: <br />"
    },
    "test_case_score": [
        {
            "score": 100,
            "input_name": "1.in",
            "output_name": "1.out"
        },
        {
            "score": 100,
            "input_name": "2.in",
            "output_name": "2.out"
        },
        {
            "score": 100,
            "input_name": "3.in",
            "output_name": "3.out"
        },
        {
            "score": 100,
            "input_name": "4.in",
            "output_name": "4.out"
        },
        {
            "score": 100,
            "input_name": "5.in",
            "output_name": "5.out"
        },
        {
            "score": 100,
            "input_name": "6.in",
            "output_name": "6.out"
        },
        {
            "score": 100,
            "input_name": "7.in",
            "output_name": "7.out"
        },
        {
            "score": 100,
            "input_name": "8.in",
            "output_name": "8.out"
        },
        {
            "score": 100,
            "input_name": "9.in",
            "output_name": "9.out"
        },
        {
            "score": 100,
            "input_name": "10.in",
            "output_name": "10.out"
        }
    ],
    "hint": {
        "format": "html",
        "value": "HINT:\u65f6\u95f4\u9650\u5236\uff1a1.0s  \u5185\u5b58\u9650\u5236\uff1a512.0MB<br />"
    },
    "time_limit": 1000,
    "memory_limit": 512,
    "samples": [
        {
            "input": "\u53c2\u8003\u4e0a\u6587 ",
            "output": "\u53c2\u8003\u4e0a\u6587"
        }
    ],
    "template": {},
    "spj": null,
    "rule_type": "ACM",
    "source": "\u84dd\u6865\u676f\u7ec3\u4e60\u7cfb\u7edf ID: 238 \u539f\u9898\u94fe\u63a5: http://lx.lanqiao.cn/problem.page?gpid=T238",
    "answers": []
}