{
    "display_id": "old1147",
    "title": "\u7b97\u6cd5\u63d0\u9ad8 \u5bfb\u627e\u4e09\u4f4d\u6570",
    "description": {
        "format": "html",
        "value": "<br />\u3000\u3000\u5c061\uff0c2\uff0c\u2026\uff0c9\u51719\u4e2a\u6570\u5206\u6210\u4e09\u7ec4\uff0c\u5206\u522b\u7ec4\u6210\u4e09\u4e2a\u4e09\u4f4d\u6570\uff0c\u4e14\u4f7f\u8fd9\u4e09\u4e2a\u4e09\u4f4d\u6570\u6784\u6210<br /> \u3000\u30001\uff1a2\uff1a3\u7684\u6bd4\u4f8b\uff0c\u8bd5\u6c42\u51fa\u6240\u6709\u6ee1\u8db3\u6761\u4ef6\u7684\u4e09\u4e2a\u4e09\u4f4d\u6570\u3002<br /> \u3000\u3000\u4f8b\u5982\uff1a\u4e09\u4e2a\u4e09\u4f4d\u6570192\uff0c384\uff0c576\u6ee1\u8db3\u4ee5\u4e0a\u6761\u4ef6\u3002"
    },
    "tags": [
        "\u84dd\u6865\u676f-\u7b97\u6cd5\u63d0\u9ad8"
    ],
    "input_description": {
        "format": "html",
        "value": "\u8f93\u5165\u63cf\u8ff0:<br />\u3000\u3000\u65e0\u8f93\u5165\u6587\u4ef6 <br />\u8f93\u5165\u6837\u4f8b: <br />"
    },
    "output_description": {
        "format": "html",
        "value": "<br />\u8f93\u51fa\u63cf\u8ff0: <br />\u3000\u3000\u8f93\u51fa\u6bcf\u884c\u6709\u4e09\u4e2a\u6570\uff0c\u4e3a\u6ee1\u8db3\u9898\u8bbe\u4e09\u4f4d\u6570\u3002\u5404\u884c\u4e3a\u6ee1\u8db3\u8981\u6c42\u7684\u4e0d\u540c\u89e3\u3002<br /> \u8f93\u51fa\u6837\u4f8b: <br />"
    },
    "test_case_score": [
        {
            "score": 100,
            "input_name": "1.in",
            "output_name": "1.out"
        }
    ],
    "hint": {
        "format": "html",
        "value": "HINT:\u65f6\u95f4\u9650\u5236\uff1a1.0s  \u5185\u5b58\u9650\u5236\uff1a512.0MB<br />"
    },
    "time_limit": 1000,
    "memory_limit": 512,
    "samples": [
        {
            "input": "\u53c2\u8003\u4e0a\u6587 ",
            "output": "\u53c2\u8003\u4e0a\u6587"
        }
    ],
    "template": {},
    "spj": null,
    "rule_type": "ACM",
    "source": "\u84dd\u6865\u676f\u7ec3\u4e60\u7cfb\u7edf ID: 189 \u539f\u9898\u94fe\u63a5: http://lx.lanqiao.cn/problem.page?gpid=T189",
    "answers": []
}