{
    "display_id": "old1057",
    "title": "\u57fa\u7840\u7ec3\u4e60 \u5b57\u7b26\u4e32\u5bf9\u6bd4",
    "description": {
        "format": "html",
        "value": "<br />\u3000\u3000\u7ed9\u5b9a\u4e24\u4e2a\u4ec5\u7531\u5927\u5199\u5b57\u6bcd\u6216\u5c0f\u5199\u5b57\u6bcd\u7ec4\u6210\u7684\u5b57\u7b26\u4e32(\u957f\u5ea6\u4ecb\u4e8e1\u523010\u4e4b\u95f4)\uff0c\u5b83\u4eec\u4e4b\u95f4\u7684\u5173\u7cfb\u662f\u4ee5\u4e0b4\u4e2d\u60c5\u51b5\u4e4b\u4e00\uff1a<br /> \u3000\u30001\uff1a\u4e24\u4e2a\u5b57\u7b26\u4e32\u957f\u5ea6\u4e0d\u7b49\u3002\u6bd4\u5982 Beijing \u548c Hebei<br /> \u3000\u30002\uff1a\u4e24\u4e2a\u5b57\u7b26\u4e32\u4e0d\u4ec5\u957f\u5ea6\u76f8\u7b49\uff0c\u800c\u4e14\u76f8\u5e94\u4f4d\u7f6e\u4e0a\u7684\u5b57\u7b26\u5b8c\u5168\u4e00\u81f4(\u533a\u5206\u5927\u5c0f\u5199)\uff0c\u6bd4\u5982 Beijing \u548c Beijing<br /> \u3000\u30003\uff1a\u4e24\u4e2a\u5b57\u7b26\u4e32\u957f\u5ea6\u76f8\u7b49\uff0c\u76f8\u5e94\u4f4d\u7f6e\u4e0a\u7684\u5b57\u7b26\u4ec5\u5728\u4e0d\u533a\u5206\u5927\u5c0f\u5199\u7684\u524d\u63d0\u4e0b\u624d\u80fd\u8fbe\u5230\u5b8c\u5168\u4e00\u81f4\uff08\u4e5f\u5c31\u662f\u8bf4\uff0c\u5b83\u5e76\u4e0d\u6ee1\u8db3\u60c5\u51b52\uff09\u3002\u6bd4\u5982 beijing \u548c        BEIjing<br /> \u3000\u30004\uff1a\u4e24\u4e2a\u5b57\u7b26\u4e32\u957f\u5ea6\u76f8\u7b49\uff0c\u4f46\u662f\u5373\u4f7f\u662f\u4e0d\u533a\u5206\u5927\u5c0f\u5199\u4e5f\u4e0d\u80fd\u4f7f\u8fd9\u4e24\u4e2a\u5b57\u7b26\u4e32\u4e00\u81f4\u3002\u6bd4\u5982 Beijing \u548c Nanjing<br /> \u3000\u3000\u7f16\u7a0b\u5224\u65ad\u8f93\u5165\u7684\u4e24\u4e2a\u5b57\u7b26\u4e32\u4e4b\u95f4\u7684\u5173\u7cfb\u5c5e\u4e8e\u8fd9\u56db\u7c7b\u4e2d\u7684\u54ea\u4e00\u7c7b\uff0c\u7ed9\u51fa\u6240\u5c5e\u7684\u7c7b\u7684\u7f16\u53f7\u3002"
    },
    "tags": [
        "\u84dd\u6865\u676f-\u57fa\u7840\u7ec3\u4e60"
    ],
    "input_description": {
        "format": "html",
        "value": "\u8f93\u5165\u63cf\u8ff0:<br />\u3000\u3000\u5305\u62ec\u4e24\u884c\uff0c\u6bcf\u884c\u90fd\u662f\u4e00\u4e2a\u5b57\u7b26\u4e32 <br />\u8f93\u5165\u6837\u4f8b: <br />BEIjing<pre class=\"pddata\"> <font>beiJing </font> </pre> "
    },
    "output_description": {
        "format": "html",
        "value": "<br />\u8f93\u51fa\u63cf\u8ff0: <br />\u3000\u3000\u4ec5\u6709\u4e00\u4e2a\u6570\u5b57\uff0c\u8868\u660e\u8fd9\u4e24\u4e2a\u5b57\u7b26\u4e32\u7684\u5173\u7cfb\u7f16\u53f7<br /> \u8f93\u51fa\u6837\u4f8b: <br />3"
    },
    "test_case_score": [
        {
            "score": 100,
            "input_name": "1.in",
            "output_name": "1.out"
        },
        {
            "score": 100,
            "input_name": "2.in",
            "output_name": "2.out"
        },
        {
            "score": 100,
            "input_name": "3.in",
            "output_name": "3.out"
        },
        {
            "score": 100,
            "input_name": "4.in",
            "output_name": "4.out"
        }
    ],
    "hint": {
        "format": "html",
        "value": "HINT:\u65f6\u95f4\u9650\u5236\uff1a1.0s  \u5185\u5b58\u9650\u5236\uff1a512.0MB<br />"
    },
    "time_limit": 1000,
    "memory_limit": 512,
    "samples": [
        {
            "input": "\u53c2\u8003\u4e0a\u6587 ",
            "output": "\u53c2\u8003\u4e0a\u6587"
        }
    ],
    "template": {},
    "spj": null,
    "rule_type": "ACM",
    "source": "\u84dd\u6865\u676f\u7ec3\u4e60\u7cfb\u7edf ID: 56 \u539f\u9898\u94fe\u63a5: http://lx.lanqiao.cn/problem.page?gpid=T56",
    "answers": []
}