{
    "display_id": "old1259",
    "title": "\u7b97\u6cd5\u63d0\u9ad8 \u8fde\u63a5\u4e58\u79ef",
    "description": {
        "format": "html",
        "value": "<br />\u3000\u3000192\u8fd9\u4e2a\u6570\u5f88\u5389\u5bb3\uff0c\u7528\u5b83\u5206\u522b\u4e58\u4ee51\u30012\u30013\uff0c\u4f1a\u5f97\u5230\uff1a<br /> \u3000\u3000192 x 1 = 192<br /> \u3000\u3000192 x 2 = 384<br /> \u3000\u3000192 x 3 = 576<br /> \u3000\u3000\u628a\u8fd9\u4e09\u4e2a\u4e58\u79ef\u8fde\u8d77\u6765\uff0c\u5f97\u5230192384576\uff0c\u6b63\u597d\u662f\u4e00\u4e2a1~9\u7684\u5168\u6392\u5217<br /> \u3000\u3000\u6211\u4eec\u628a\u4e0a\u9762\u7684\u8fd0\u7b97\u5b9a\u4e49\u4e3a\u8fde\u63a5\u4e58\u79ef\uff1a<br /> \u3000\u3000m x (1 ... n) = k\uff08\u5176\u4e2dm &gt; 0 \u4e14 n &gt; 1\uff0c\u5bf9\u4e8e\u4e0a\u4f8b\uff0cm = 192\u3001n = 3\u3001k = 192384576\uff09<br /> \u3000\u3000\u5373k\u662f\u628am\u5206\u522b\u4e58\u4ee51\u5230n\u7684\u4e58\u79ef\u8fde\u63a5\u8d77\u6765\u5f97\u5230\u7684\uff0c\u5219\u79f0k\u4e3am\u548cn\u7684\u8fde\u63a5\u4e58\u79ef\u3002<br /> \u3000\u3000\u6309\u5b57\u5178\u5e8f\u8f93\u51fa\u6240\u6709\u4e0d\u540c\u7684\u8fde\u63a5\u4e58\u79efk\uff0c\u6ee1\u8db3k\u662f1~9\u7684\u5168\u6392\u5217"
    },
    "tags": [
        "\u84dd\u6865\u676f-\u7b97\u6cd5\u63d0\u9ad8"
    ],
    "input_description": {
        "format": "html",
        "value": "\u8f93\u5165\u63cf\u8ff0:<br />\u3000\u3000\u6bcf\u4e2ak\u5360\u4e00\u884c <br />\u8f93\u5165\u6837\u4f8b: <br />\u663e\u7136\uff0c\u7ed3\u679c\u4e2d\u5e94\u5305\u542b\u4e00\u884c\uff1a<br /> 192384576"
    },
    "output_description": {
        "format": "html",
        "value": "<br />\u8f93\u51fa\u63cf\u8ff0: <br /><br /> \u8f93\u51fa\u6837\u4f8b: <br />"
    },
    "test_case_score": [
        {
            "score": 100,
            "input_name": "1.in",
            "output_name": "1.out"
        }
    ],
    "hint": {
        "format": "html",
        "value": "HINT:\u65f6\u95f4\u9650\u5236\uff1a1.0s  \u5185\u5b58\u9650\u5236\uff1a256.0MB<br />"
    },
    "time_limit": 1000,
    "memory_limit": 512,
    "samples": [
        {
            "input": "\u53c2\u8003\u4e0a\u6587 ",
            "output": "\u53c2\u8003\u4e0a\u6587"
        }
    ],
    "template": {},
    "spj": null,
    "rule_type": "ACM",
    "source": "\u84dd\u6865\u676f\u7ec3\u4e60\u7cfb\u7edf ID: 353 \u539f\u9898\u94fe\u63a5: http://lx.lanqiao.cn/problem.page?gpid=T353",
    "answers": []
}