{
    "display_id": "sai_5_10_oi",
    "title": "\u71c3\u70e7\u6743\u6756",
    "description": {
        "format": "html",
        "value": "<p><img alt=\"\u71c3\u70e7\u6743\u6756.png\" src=\"/public/upload/60e5fe0207.png\" width=\"644\" height=\"516\" /><br /></p>"
    },
    "tags": [
        "2019\u84dd\u6865\u676f\u56fd\u8d5b"
    ],
    "input_description": {
        "format": "html",
        "value": "<p>\u5bf9\u4e8e10%\u7684\u8bc4\u6d4b\u7528\u4f8b\uff0cx,y,a1,\u00b7 \u00b7 \u00b7,ak\u226410\u3002</p><p>\u5bf9\u4e8e20%\u7684\u8bc4\u6d4b\u7528\u4f8b\uff0cx,y,a1,\u00b7 \u00b7 \u00b7,ak\u2264100\u3002</p><p>\u5bf9\u4e8e50%\u7684\u8bc4\u6d4b\u7528\u4f8b\uff0cx,y,a1,\u00b7 \u00b7 \u00b7,ak\u22641000\u3002</p><p>\u53e6\u670910%\u7684\u8bc4\u6d4b\u7528\u4f8b\uff0cp= 3\u3002</p><p>\u53e6\u670920%\u7684\u8bc4\u6d4b\u7528\u4f8b\uff0cp\u2264100\u3002</p><p>\u5bf9\u4e8e\u5168\u90e8\u8bc4\u6d4b\u7528\u4f8b\uff0c1\u2264x,y,a1,\u00b7 \u00b7 \u00b7,ak\u2264109\uff0c3\u2264p\u226410000\u4e14p\u4e3a\u8d28\u6570\uff0c0\u2264k\u226410\u3002</p>"
    },
    "output_description": {
        "format": "html",
        "value": "<p><br /><img alt=\"\u71c3\u70e7\u6743\u6756\u8f93\u51fa.png\" src=\"/public/upload/c157196b80.png\" width=\"599\" height=\"130\" /><br /></p>"
    },
    "test_case_score": [
        {
            "score": 2,
            "input_name": "1.in",
            "output_name": "1.out"
        },
        {
            "score": 2,
            "input_name": "2.in",
            "output_name": "2.out"
        },
        {
            "score": 2,
            "input_name": "3.in",
            "output_name": "3.out"
        },
        {
            "score": 2,
            "input_name": "4.in",
            "output_name": "4.out"
        },
        {
            "score": 2,
            "input_name": "5.in",
            "output_name": "5.out"
        },
        {
            "score": 2,
            "input_name": "6.in",
            "output_name": "6.out"
        },
        {
            "score": 3,
            "input_name": "7.in",
            "output_name": "7.out"
        },
        {
            "score": 3,
            "input_name": "8.in",
            "output_name": "8.out"
        },
        {
            "score": 3,
            "input_name": "9.in",
            "output_name": "9.out"
        },
        {
            "score": 4,
            "input_name": "10.in",
            "output_name": "10.out"
        }
    ],
    "hint": {
        "format": "html",
        "value": "<p>\u5bf9\u4e8e\u7b2c\u4e00\u7ec4\u6570\u636e\uff0c\u6240\u6c42\u6982\u7387\u5373\u4e3a\u201c\u71c3\u70e7\u6743\u6756\u201d\u7b2c\u4e00\u6b21\u5c31\u6263\u51cf\u654c\u65b9\u82f1\u96c410\u70b9</p><p>\u751f\u547d\u503c\u7684\u6982\u7387\uff0c\u53731/2\u30022\u00d751\u6a21101\u4f591\u3002</p><p>\u5bf9\u4e8e\u7b2c\u4e8c\u7ec4\u6570\u636e\uff0c\u7b54\u6848\u4e3a1023/1024\uff0c1024\u00d737\u4e0e1023\u6a21101\u540c\u4f59\u3002</p><p>\u5bf9\u4e8e\u7b2c\u4e09\u7ec4\u6570\u636e\uff0c\u7b54\u6848\u4e3a99/128\u3002</p>"
    },
    "time_limit": 1000,
    "memory_limit": 256,
    "samples": [
        {
            "input": "6\n1 10 101 0\n\n100 1 101 0\n\n50 30 4903 2\n1 1\n987 654 233 1\n321\n1000000000 999999999 233 3\n1 2 3\n1000000000 999999999 3 3\n1 2 3\n",
            "output": "51\n37\n1035\n118\n117\n2\n"
        }
    ],
    "template": {},
    "spj": null,
    "rule_type": "OI",
    "source": "2019\u5e74\u7b2c\u5341\u5c4a\u84dd\u6865\u676fc/c++B\u7ec4\u56fd\u8d5b\u51b3\u8d5b\u771f\u9898\u9898\u76ee",
    "answers": []
}