{
    "display_id": "old1004",
    "title": "\u5165\u95e8\u8bad\u7ec3 \u5706\u7684\u9762\u79ef",
    "description": {
        "format": "html",
        "value": "<br /> \t\u7ed9\u5b9a\u5706\u7684\u534a\u5f84r\uff0c\u6c42\u5706\u7684\u9762\u79ef\u3002 "
    },
    "tags": [
        "\u84dd\u6865\u676f-\u5165\u95e8\u8bad\u7ec3"
    ],
    "input_description": {
        "format": "html",
        "value": "\u8f93\u5165\u63cf\u8ff0:<br /> \t\u8f93\u5165\u5305\u542b\u4e00\u4e2a\u6574\u6570r\uff0c\u8868\u793a\u5706\u7684\u534a\u5f84\u3002  <br />\u8f93\u5165\u6837\u4f8b: <br /> \t4 "
    },
    "output_description": {
        "format": "html",
        "value": "<br />\u8f93\u51fa\u63cf\u8ff0: <br /> \t\u8f93\u51fa\u4e00\u884c\uff0c\u5305\u542b\u4e00\u4e2a\u5b9e\u6570\uff0c\u56db\u820d\u4e94\u5165\u4fdd\u7559\u5c0f\u6570\u70b9\u540e7\u4f4d\uff0c\u8868\u793a\u5706\u7684\u9762\u79ef\u3002 \t<div class=\"sec_note\"> \t<p>\u8bf4\u660e\uff1a\u5728\u672c\u9898\u4e2d\uff0c\u8f93\u5165\u662f\u4e00\u4e2a\u6574\u6570\uff0c\u4f46\u662f\u8f93\u51fa\u662f\u4e00\u4e2a\u5b9e\u6570\u3002</p> \t<p>\u5bf9\u4e8e\u5b9e\u6570\u8f93\u51fa\u7684\u95ee\u9898\uff0c\u8bf7\u4e00\u5b9a\u770b\u6e05\u695a\u5b9e\u6570\u8f93\u51fa\u7684\u8981\u6c42\uff0c\u6bd4\u5982\u672c\u9898\u4e2d\u8981\u6c42\u4fdd\u7559\u5c0f\u6570\u70b9\u540e7\u4f4d\uff0c\u5219\u4f60\u7684\u7a0b\u5e8f\u5fc5\u987b<b>\u4e25\u683c\u7684</b>\u8f93\u51fa7\u4f4d\u5c0f\u6570\uff0c\u8f93\u51fa\u8fc7\u591a\u6216\u8005\u8fc7\u5c11\u7684\u5c0f\u6570\u4f4d\u6570\u90fd\u662f\u4e0d\u884c\u7684\uff0c\u90fd\u4f1a\u88ab\u8ba4\u4e3a\u9519\u8bef\u3002</p> \t<p>\u5b9e\u6570\u8f93\u51fa\u7684\u95ee\u9898\u5982\u679c\u6ca1\u6709\u7279\u522b\u8bf4\u660e\uff0c\u820d\u5165\u90fd\u662f\u6309\u56db\u820d\u4e94\u5165\u8fdb\u884c\u3002</p> \t <br /> \u8f93\u51fa\u6837\u4f8b: <br /> \t50.2654825 "
    },
    "test_case_score": [
        {
            "score": 100,
            "input_name": "1.in",
            "output_name": "1.out"
        },
        {
            "score": 100,
            "input_name": "2.in",
            "output_name": "2.out"
        },
        {
            "score": 100,
            "input_name": "3.in",
            "output_name": "3.out"
        },
        {
            "score": 100,
            "input_name": "4.in",
            "output_name": "4.out"
        },
        {
            "score": 100,
            "input_name": "5.in",
            "output_name": "5.out"
        },
        {
            "score": 100,
            "input_name": "6.in",
            "output_name": "6.out"
        },
        {
            "score": 100,
            "input_name": "7.in",
            "output_name": "7.out"
        },
        {
            "score": 100,
            "input_name": "8.in",
            "output_name": "8.out"
        },
        {
            "score": 100,
            "input_name": "9.in",
            "output_name": "9.out"
        }
    ],
    "hint": {
        "format": "html",
        "value": "HINT:\u65f6\u95f4\u9650\u5236\uff1a1.0s  \u5185\u5b58\u9650\u5236\uff1a256.0MB<br /> \t1 &lt;= r &lt;= 10000\u3002 "
    },
    "time_limit": 1000,
    "memory_limit": 512,
    "samples": [
        {
            "input": "\u53c2\u8003\u4e0a\u6587 ",
            "output": "\u53c2\u8003\u4e0a\u6587"
        }
    ],
    "template": {},
    "spj": null,
    "rule_type": "ACM",
    "source": "\u84dd\u6865\u676f\u7ec3\u4e60\u7cfb\u7edf ID: 3 \u539f\u9898\u94fe\u63a5: http://lx.lanqiao.cn/problem.page?gpid=T3",
    "answers": []
}