{
    "display_id": "old1141",
    "title": "\u7b97\u6cd5\u63d0\u9ad8 \u6570\u7ec4\u8f93\u51fa",
    "description": {
        "format": "html",
        "value": "<br />\u3000\u3000\u8f93\u5165\u4e00\u4e2a3\u884c4\u5217\u7684\u6570\u7ec4\uff0c\u627e\u51fa\u8be5\u6570\u7ec4\u4e2d\u7edd\u5bf9\u503c\u6700\u5927\u7684\u5143\u7d20\u3001\u8f93\u51fa\u8be5\u5143\u7d20\u53ca\u5176\u4e24\u4e2a\u4e0b\u6807\u503c\u3002\u5982\u6709\u591a\u4e2a\u8f93\u51fa\u884c\u53f7\u6700\u5c0f\u7684\uff0c\u8fd8\u6709\u591a\u4e2a\u7684\u8bdd\u8f93\u51fa\u5217\u53f7\u6700\u5c0f\u7684\u3002"
    },
    "tags": [
        "\u84dd\u6865\u676f-\u7b97\u6cd5\u63d0\u9ad8"
    ],
    "input_description": {
        "format": "html",
        "value": "\u8f93\u5165\u63cf\u8ff0:<br /> <br />\u8f93\u5165\u6837\u4f8b: <br />1 2  3  5<br /> -2  5  8  9<br /> 6  -7  5  3"
    },
    "output_description": {
        "format": "html",
        "value": "<br />\u8f93\u51fa\u63cf\u8ff0: <br /><br /> \u8f93\u51fa\u6837\u4f8b: <br />9 2 4"
    },
    "test_case_score": [
        {
            "score": 100,
            "input_name": "1.in",
            "output_name": "1.out"
        },
        {
            "score": 100,
            "input_name": "2.in",
            "output_name": "2.out"
        },
        {
            "score": 100,
            "input_name": "3.in",
            "output_name": "3.out"
        },
        {
            "score": 100,
            "input_name": "4.in",
            "output_name": "4.out"
        },
        {
            "score": 100,
            "input_name": "5.in",
            "output_name": "5.out"
        },
        {
            "score": 100,
            "input_name": "6.in",
            "output_name": "6.out"
        },
        {
            "score": 100,
            "input_name": "7.in",
            "output_name": "7.out"
        },
        {
            "score": 100,
            "input_name": "8.in",
            "output_name": "8.out"
        },
        {
            "score": 100,
            "input_name": "9.in",
            "output_name": "9.out"
        },
        {
            "score": 100,
            "input_name": "10.in",
            "output_name": "10.out"
        },
        {
            "score": 100,
            "input_name": "11.in",
            "output_name": "11.out"
        },
        {
            "score": 100,
            "input_name": "12.in",
            "output_name": "12.out"
        }
    ],
    "hint": {
        "format": "html",
        "value": "HINT:\u65f6\u95f4\u9650\u5236\uff1a1.0s  \u5185\u5b58\u9650\u5236\uff1a512.0MB<br />"
    },
    "time_limit": 1000,
    "memory_limit": 512,
    "samples": [
        {
            "input": "\u53c2\u8003\u4e0a\u6587 ",
            "output": "\u53c2\u8003\u4e0a\u6587"
        }
    ],
    "template": {},
    "spj": null,
    "rule_type": "ACM",
    "source": "\u84dd\u6865\u676f\u7ec3\u4e60\u7cfb\u7edf ID: 175 \u539f\u9898\u94fe\u63a5: http://lx.lanqiao.cn/problem.page?gpid=T175",
    "answers": []
}