{
    "display_id": "old1095",
    "title": "\u7b97\u6cd5\u8bad\u7ec3 JAM\u8ba1\u6570\u6cd5",
    "description": {
        "format": "html",
        "value": "<br />\u3000\u3000Jam\u662f\u4e2a\u559c\u6b22\u6807\u65b0\u7acb\u5f02\u7684\u79d1\u5b66\u602a\u4eba\u3002\u4ed6\u4e0d\u4f7f\u7528\u963f\u62c9\u4f2f\u6570\u5b57\u8ba1\u6570\uff0c\u800c\u662f\u4f7f\u7528<b>\u5c0f\u5199\u82f1\u6587\u5b57\u6bcd</b>\u8ba1\u6570\uff0c\u4ed6\u89c9\u5f97\u8fd9\u6837\u505a\uff0c\u4f1a\u4f7f\u4e16\u754c\u66f4\u52a0\u4e30\u5bcc\u591a\u5f69\u3002\u5728\u4ed6\u7684\u8ba1\u6570\u6cd5\u4e2d\uff0c\u6bcf\u4e2a\u6570\u5b57\u7684\u4f4d\u6570\u90fd\u662f\u76f8\u540c\u7684\uff08\u4f7f\u7528\u76f8\u540c\u4e2a\u6570\u7684\u5b57\u6bcd\uff09\uff0c\u82f1\u6587\u5b57\u6bcd\u6309\u539f\u5148\u7684\u987a\u5e8f\uff0c\u6392\u5728\u524d\u9762\u7684\u5b57\u6bcd\u5c0f\u4e8e\u6392\u5728\u5b83\u540e\u9762\u7684\u5b57\u6bcd\u3002\u6211\u4eec\u628a\u8fd9\u6837\u7684\u201c\u6570\u5b57\u201d\u79f0\u4e3aJam\u6570\u5b57\u3002\u5728Jam\u6570\u5b57\u4e2d\uff0c\u6bcf\u4e2a\u5b57\u6bcd\u4e92\u4e0d\u76f8\u540c\uff0c\u800c\u4e14<b>\u4ece\u5de6\u5230\u53f3\u662f\u4e25\u683c\u9012\u589e</b>\u7684\u3002\u6bcf\u6b21\uff0cJam\u8fd8\u6307\u5b9a\u4f7f\u7528\u5b57\u6bcd\u7684<b>\u8303\u56f4</b>\uff0c\u4f8b\u5982\uff0c\u4ece2\u523010\uff0c\u8868\u793a\u53ea\u80fd\u4f7f\u7528{b,c,d,e,f,g,h,i,j}\u8fd9\u4e9b\u5b57\u6bcd\u3002\u5982\u679c\u518d\u89c4\u5b9a\u4f4d\u6570\u4e3a5\uff0c\u90a3\u4e48\uff0c\u7d27\u63a5\u5728Jam\u6570\u5b57\u201cbdfij\u201d\u4e4b\u540e\u7684\u6570\u5b57\u5e94\u8be5\u662f\u201cbdghi\u201d\u3002\uff08\u5982\u679c\u6211\u4eec\u7528U\u3001V\u4f9d\u6b21\u8868\u793aJam\u6570\u5b57\u201cbdfij\u201d\u4e0e\u201cbdghi\u201d\uff0c\u5219U&lt;V&lt;  span&gt;\uff0c\u4e14\u4e0d\u5b58\u5728Jam\u6570\u5b57P\uff0c\u4f7fU&lt;P&lt;V&lt;  span&gt;\uff09\u3002\u4f60\u7684\u4efb\u52a1\u662f\uff1a\u5bf9\u4e8e\u4ece\u6587\u4ef6\u8bfb\u5165\u7684\u4e00\u4e2aJam\u6570\u5b57\uff0c\u6309\u987a\u5e8f\u8f93\u51fa\u7d27\u63a5\u5728\u540e\u9762\u76845\u4e2aJam\u6570\u5b57\uff0c\u5982\u679c\u540e\u9762\u6ca1\u6709\u90a3\u4e48\u591aJam\u6570\u5b57\uff0c\u90a3\u4e48\u6709\u51e0\u4e2a\u5c31\u8f93\u51fa\u51e0\u4e2a\u3002"
    },
    "tags": [
        "\u84dd\u6865\u676f-\u7b97\u6cd5\u8bad\u7ec3"
    ],
    "input_description": {
        "format": "html",
        "value": "\u8f93\u5165\u63cf\u8ff0:<br />\u3000\u3000\u67092\u884c\uff0c\u7b2c1\u884c\u4e3a3\u4e2a\u6b63\u6574\u6570\uff0c\u7528\u4e00\u4e2a\u7a7a\u683c\u9694\u5f00\uff1a<br /> \u3000\u3000s t w<br /> \u3000\u3000\uff08\u5176\u4e2ds\u4e3a\u6240\u4f7f\u7528\u7684\u6700\u5c0f\u7684\u5b57\u6bcd\u7684\u5e8f\u53f7\uff0ct\u4e3a\u6240\u4f7f\u7528\u7684\u6700\u5927\u7684\u5b57\u6bcd\u7684\u5e8f\u53f7\u3002w\u4e3a\u6570\u5b57\u7684\u4f4d\u6570\uff0c\u8fd93\u4e2a\u6570\u6ee1\u8db3\uff1a1\u2264s&lt;T\u226426,  2\u2264w\u2264t-s \uff09<br /> \u3000\u3000\u7b2c2\u884c\u4e3a\u5177\u6709w\u4e2a\u5c0f\u5199\u5b57\u6bcd\u7684\u5b57\u7b26\u4e32\uff0c\u4e3a\u4e00\u4e2a\u7b26\u5408\u8981\u6c42\u7684Jam\u6570\u5b57\u3002<br /> \u3000\u3000\u6240\u7ed9\u7684\u6570\u636e\u90fd\u662f\u6b63\u786e\u7684\uff0c\u4e0d\u5fc5\u9a8c\u8bc1\u3002 <br />\u8f93\u5165\u6837\u4f8b: <br />2 10 5<br /> bdfij"
    },
    "output_description": {
        "format": "html",
        "value": "<br />\u8f93\u51fa\u63cf\u8ff0: <br />\u3000\u3000\u6700\u591a\u4e3a5\u884c\uff0c\u4e3a\u7d27\u63a5\u5728\u8f93\u5165\u7684Jam\u6570\u5b57\u540e\u9762\u76845\u4e2aJam\u6570\u5b57\uff0c\u5982\u679c\u540e\u9762\u6ca1\u6709\u90a3\u4e48\u591aJam\u6570\u5b57\uff0c\u90a3\u4e48\u6709\u51e0\u4e2a\u5c31\u8f93\u51fa\u51e0\u4e2a\u3002\u6bcf\u884c\u53ea\u8f93\u51fa\u4e00\u4e2aJam\u6570\u5b57\uff0c\u662f\u7531w\u4e2a\u5c0f\u5199\u5b57\u6bcd\u7ec4\u6210\u7684\u5b57\u7b26\u4e32\uff0c\u4e0d\u8981\u6709\u591a\u4f59\u7684\u7a7a\u683c\u3002<br /> \u8f93\u51fa\u6837\u4f8b: <br />bdghi<br /> bdghj<br /> bdgij<br /> bdhij<br /> befgh"
    },
    "test_case_score": [
        {
            "score": 100,
            "input_name": "1.in",
            "output_name": "1.out"
        },
        {
            "score": 100,
            "input_name": "2.in",
            "output_name": "2.out"
        },
        {
            "score": 100,
            "input_name": "3.in",
            "output_name": "3.out"
        },
        {
            "score": 100,
            "input_name": "4.in",
            "output_name": "4.out"
        },
        {
            "score": 100,
            "input_name": "5.in",
            "output_name": "5.out"
        },
        {
            "score": 100,
            "input_name": "6.in",
            "output_name": "6.out"
        },
        {
            "score": 100,
            "input_name": "7.in",
            "output_name": "7.out"
        },
        {
            "score": 100,
            "input_name": "8.in",
            "output_name": "8.out"
        },
        {
            "score": 100,
            "input_name": "9.in",
            "output_name": "9.out"
        },
        {
            "score": 100,
            "input_name": "10.in",
            "output_name": "10.out"
        }
    ],
    "hint": {
        "format": "html",
        "value": "HINT:\u65f6\u95f4\u9650\u5236\uff1a1.0s  \u5185\u5b58\u9650\u5236\uff1a256.0MB<br />"
    },
    "time_limit": 1000,
    "memory_limit": 512,
    "samples": [
        {
            "input": "\u53c2\u8003\u4e0a\u6587 ",
            "output": "\u53c2\u8003\u4e0a\u6587"
        }
    ],
    "template": {},
    "spj": null,
    "rule_type": "ACM",
    "source": "\u84dd\u6865\u676f\u7ec3\u4e60\u7cfb\u7edf ID: 94 \u539f\u9898\u94fe\u63a5: http://lx.lanqiao.cn/problem.page?gpid=T94",
    "answers": []
}