{
    "display_id": "old1007",
    "title": "\u57fa\u7840\u7ec3\u4e60 01\u5b57\u4e32",
    "description": {
        "format": "html",
        "value": "<br /> \t<p>\u5bf9\u4e8e\u957f\u5ea6\u4e3a5\u4f4d\u7684\u4e00\u4e2a01\u4e32\uff0c\u6bcf\u4e00\u4f4d\u90fd\u53ef\u80fd\u662f0\u62161\uff0c\u4e00\u5171\u670932\u79cd\u53ef\u80fd\u3002\u5b83\u4eec\u7684\u524d\u51e0\u4e2a\u662f\uff1a</p> \t<p>00000</p> \t<p>00001</p> \t<p>00010</p> \t<p>00011</p> \t<p>00100</p> \t<p>\u8bf7\u6309\u4ece\u5c0f\u5230\u5927\u7684\u987a\u5e8f\u8f93\u51fa\u8fd932\u79cd01\u4e32\u3002</p> "
    },
    "tags": [
        "\u84dd\u6865\u676f-\u57fa\u7840\u7ec3\u4e60"
    ],
    "input_description": {
        "format": "html",
        "value": "\u8f93\u5165\u63cf\u8ff0:<br /> \t\u672c\u8bd5\u9898\u6ca1\u6709\u8f93\u5165\u3002 <br />\u8f93\u5165\u6837\u4f8b: <br /> \t00000<br /> \t00001<br /> \t00010<br /> \t00011<br /> \t&lt;\u4ee5\u4e0b\u90e8\u5206\u7701\u7565&gt; \t"
    },
    "output_description": {
        "format": "html",
        "value": "<br />\u8f93\u51fa\u63cf\u8ff0: <br /> \t\u8f93\u51fa32\u884c\uff0c\u6309\u4ece\u5c0f\u5230\u5927\u7684\u987a\u5e8f\u6bcf\u884c\u4e00\u4e2a\u957f\u5ea6\u4e3a5\u768401\u4e32\u3002 <br /> \u8f93\u51fa\u6837\u4f8b: <br />"
    },
    "test_case_score": [
        {
            "score": 100,
            "input_name": "1.in",
            "output_name": "1.out"
        }
    ],
    "hint": {
        "format": "html",
        "value": "HINT:\u65f6\u95f4\u9650\u5236\uff1a1.0s  \u5185\u5b58\u9650\u5236\uff1a256.0MB<br />"
    },
    "time_limit": 1000,
    "memory_limit": 512,
    "samples": [
        {
            "input": "\u53c2\u8003\u4e0a\u6587 ",
            "output": "\u53c2\u8003\u4e0a\u6587"
        }
    ],
    "template": {},
    "spj": null,
    "rule_type": "ACM",
    "source": "\u84dd\u6865\u676f\u7ec3\u4e60\u7cfb\u7edf ID: 6 \u539f\u9898\u94fe\u63a5: http://lx.lanqiao.cn/problem.page?gpid=T6",
    "answers": []
}